[2026-08-04 01:40:56.293 +05:30  INF]  Executed DbCommand (363ms) [Parameters=[@normalizedName='?' (Size = 256)], CommandType='"Text"', CommandTimeout='30']
SELECT TOP(1) [a].[Id], [a].[ConcurrencyStamp], [a].[Name], [a].[NormalizedName]
FROM [AspNetRoles] AS [a]
WHERE [a].[NormalizedName] = @normalizedName
[2026-08-04 01:40:56.908 +05:30  INF]  Executed DbCommand (37ms) [Parameters=[@normalizedUserName='?' (Size = 256)], CommandType='"Text"', CommandTimeout='30']
SELECT TOP(1) [a].[Id], [a].[AccessFailedCount], [a].[ConcurrencyStamp], [a].[Email], [a].[EmailConfirmed], [a].[LockoutEnabled], [a].[LockoutEnd], [a].[NormalizedEmail], [a].[NormalizedUserName], [a].[PasswordHash], [a].[PhoneNumber], [a].[PhoneNumberConfirmed], [a].[SecurityStamp], [a].[TwoFactorEnabled], [a].[UserName]
FROM [AspNetUsers] AS [a]
WHERE [a].[NormalizedUserName] = @normalizedUserName
[2026-08-04 01:40:57.332 +05:30  INF]  Executed DbCommand (4ms) [Parameters=[@normalizedUserName='?' (Size = 256)], CommandType='"Text"', CommandTimeout='30']
SELECT TOP(1) [a].[Id], [a].[AccessFailedCount], [a].[ConcurrencyStamp], [a].[Email], [a].[EmailConfirmed], [a].[LockoutEnabled], [a].[LockoutEnd], [a].[NormalizedEmail], [a].[NormalizedUserName], [a].[PasswordHash], [a].[PhoneNumber], [a].[PhoneNumberConfirmed], [a].[SecurityStamp], [a].[TwoFactorEnabled], [a].[UserName]
FROM [AspNetUsers] AS [a]
WHERE [a].[NormalizedUserName] = @normalizedUserName
[2026-08-04 01:40:57.575 +05:30  INF]  Executed DbCommand (9ms) [Parameters=[@normalizedRoleName='?' (Size = 256)], CommandType='"Text"', CommandTimeout='30']
SELECT TOP(2) [a].[Id], [a].[ConcurrencyStamp], [a].[Name], [a].[NormalizedName]
FROM [AspNetRoles] AS [a]
WHERE [a].[NormalizedName] = @normalizedRoleName
[2026-08-04 01:40:57.761 +05:30  INF]  Executed DbCommand (4ms) [Parameters=[@p='?' (Size = 450), @p1='?' (Size = 450)], CommandType='"Text"', CommandTimeout='30']
SELECT TOP(1) [a].[UserId], [a].[RoleId]
FROM [AspNetUserRoles] AS [a]
WHERE [a].[UserId] = @p AND [a].[RoleId] = @p1
[2026-08-04 01:40:57.776 +05:30  INF]  Executed DbCommand (2ms) [Parameters=[@normalizedRoleName='?' (Size = 256)], CommandType='"Text"', CommandTimeout='30']
SELECT TOP(2) [a].[Id], [a].[ConcurrencyStamp], [a].[Name], [a].[NormalizedName]
FROM [AspNetRoles] AS [a]
WHERE [a].[NormalizedName] = @normalizedRoleName
[2026-08-04 01:40:57.890 +05:30  INF]  Executed DbCommand (2ms) [Parameters=[@normalizedUserName='?' (Size = 256)], CommandType='"Text"', CommandTimeout='30']
SELECT TOP(1) [a].[Id], [a].[AccessFailedCount], [a].[ConcurrencyStamp], [a].[Email], [a].[EmailConfirmed], [a].[LockoutEnabled], [a].[LockoutEnd], [a].[NormalizedEmail], [a].[NormalizedUserName], [a].[PasswordHash], [a].[PhoneNumber], [a].[PhoneNumberConfirmed], [a].[SecurityStamp], [a].[TwoFactorEnabled], [a].[UserName]
FROM [AspNetUsers] AS [a]
WHERE [a].[NormalizedUserName] = @normalizedUserName
[2026-08-04 01:40:59.175 +05:30  INF]  User profile is available. Using 'C:\Users\adrija.ani\AppData\Local\ASP.NET\DataProtection-Keys' as key repository and Windows DPAPI to encrypt keys at rest.
[2026-08-04 01:41:00.663 +05:30  INF]  Now listening on: http://localhost:5278
[2026-08-04 01:41:00.935 +05:30  INF]  Application started. Press Ctrl+C to shut down.
[2026-08-04 01:41:00.938 +05:30  INF]  Hosting environment: Development
[2026-08-04 01:41:00.939 +05:30  INF]  Content root path: C:\Users\adrija.ani\Downloads\Project\Crayon\Crayon.api\Crayon.api
[2026-08-04 01:41:03.415 +05:30  INF]  Request starting HTTP/1.1 GET http://localhost:5278/swagger/index.html - null null
[2026-08-04 01:41:05.118 +05:30  INF]  Request finished HTTP/1.1 GET http://localhost:5278/swagger/index.html - 200 null text/html;charset=utf-8 1750.9876ms
[2026-08-04 01:41:05.234 +05:30  INF]  Request starting HTTP/1.1 GET http://localhost:5278/_framework/aspnetcore-browser-refresh.js - null null
[2026-08-04 01:41:05.254 +05:30  INF]  Request starting HTTP/1.1 GET http://localhost:5278/_vs/browserLink - null null
[2026-08-04 01:41:05.255 +05:30  INF]  Request starting HTTP/1.1 GET http://localhost:5278/swagger/index.js - null null
[2026-08-04 01:41:05.256 +05:30  INF]  Request finished HTTP/1.1 GET http://localhost:5278/_framework/aspnetcore-browser-refresh.js - 200 14925 application/javascript; charset=utf-8 21.0813ms
[2026-08-04 01:41:05.274 +05:30  INF]  Request finished HTTP/1.1 GET http://localhost:5278/swagger/index.js - 200 null application/javascript;charset=utf-8 18.8837ms
[2026-08-04 01:41:05.476 +05:30  INF]  Request finished HTTP/1.1 GET http://localhost:5278/_vs/browserLink - 200 null text/javascript; charset=UTF-8 221.802ms
[2026-08-04 01:41:05.646 +05:30  INF]  Request starting HTTP/1.1 GET http://localhost:5278/swagger/v1/swagger.json - null null
[2026-08-04 01:41:05.862 +05:30  INF]  Request finished HTTP/1.1 GET http://localhost:5278/swagger/v1/swagger.json - 200 null application/json;charset=utf-8 216.4411ms
[2026-08-04 01:42:10.431 +05:30  INF]  Request starting HTTP/1.1 GET http://localhost:5278/api/Dashboard/GetEmployeeCount - null null
[2026-08-04 01:42:12.006 +05:30  INF]  Executing endpoint 'Crayon.api.Controllers.DashboardController.GetEmployeeCount (Crayon.api)'
[2026-08-04 01:42:12.112 +05:30  INF]  Route matched with {action = "GetEmployeeCount", controller = "Dashboard"}. Executing controller action with signature System.Threading.Tasks.Task`1[Microsoft.AspNetCore.Mvc.IActionResult] GetEmployeeCount() on controller Crayon.api.Controllers.DashboardController (Crayon.api).
[2026-08-04 01:42:12.673 +05:30  INF]  Executed DbCommand (10ms) [Parameters=[], CommandType='"Text"', CommandTimeout='30']
SELECT COUNT(*)
FROM [Employee] AS [e]
[2026-08-04 01:42:12.797 +05:30  INF]  Executing OkObjectResult, writing value of type 'System.Int32'.
[2026-08-04 01:42:12.851 +05:30  INF]  Executed action Crayon.api.Controllers.DashboardController.GetEmployeeCount (Crayon.api) in 715.0427ms
[2026-08-04 01:42:12.857 +05:30  INF]  Executed endpoint 'Crayon.api.Controllers.DashboardController.GetEmployeeCount (Crayon.api)'
[2026-08-04 01:42:12.892 +05:30  INF]  Request finished HTTP/1.1 GET http://localhost:5278/api/Dashboard/GetEmployeeCount - 200 null application/json; charset=utf-8 2469.4511ms
[2026-08-04 01:42:13.551 +05:30  INF]  Request starting HTTP/1.1 GET http://localhost:5278/api/Dashboard/GetPendingLeaveCount - null null
[2026-08-04 01:42:13.581 +05:30  INF]  Executing endpoint 'Crayon.api.Controllers.DashboardController.GetPendingLeaveCount (Crayon.api)'
[2026-08-04 01:42:13.618 +05:30  INF]  Route matched with {action = "GetPendingLeaveCount", controller = "Dashboard"}. Executing controller action with signature System.Threading.Tasks.Task`1[Microsoft.AspNetCore.Mvc.IActionResult] GetPendingLeaveCount() on controller Crayon.api.Controllers.DashboardController (Crayon.api).
[2026-08-04 01:42:13.763 +05:30  INF]  Executed DbCommand (11ms) [Parameters=[], CommandType='"Text"', CommandTimeout='30']
SELECT COUNT(*)
FROM [LeaveApplication] AS [l]
WHERE [l].[Status] = N'Pending'
[2026-08-04 01:42:13.767 +05:30  INF]  Executing OkObjectResult, writing value of type 'System.Int32'.
[2026-08-04 01:42:13.768 +05:30  INF]  Executed action Crayon.api.Controllers.DashboardController.GetPendingLeaveCount (Crayon.api) in 149.2601ms
[2026-08-04 01:42:13.769 +05:30  INF]  Executed endpoint 'Crayon.api.Controllers.DashboardController.GetPendingLeaveCount (Crayon.api)'
[2026-08-04 01:42:13.770 +05:30  INF]  Request finished HTTP/1.1 GET http://localhost:5278/api/Dashboard/GetPendingLeaveCount - 200 null application/json; charset=utf-8 219.2955ms
[2026-08-04 01:42:15.344 +05:30  INF]  Request starting HTTP/1.1 GET http://localhost:5278/api/Attendance/GetEmployeeAttendance/77b4488b-cb60-47bd-b1e6-7ffc73e27eb3 - null null
[2026-08-04 01:42:15.363 +05:30  INF]  Executing endpoint 'Crayon.Api.Controllers.AttendanceController.GetEmployeeAttendance (Crayon.api)'
[2026-08-04 01:42:15.426 +05:30  INF]  Route matched with {action = "GetEmployeeAttendance", controller = "Attendance"}. Executing controller action with signature System.Threading.Tasks.Task`1[Microsoft.AspNetCore.Mvc.IActionResult] GetEmployeeAttendance(System.String) on controller Crayon.Api.Controllers.AttendanceController (Crayon.api).
[2026-08-04 01:42:15.618 +05:30  INF]  Executed DbCommand (11ms) [Parameters=[@userId='?' (Size = 450)], CommandType='"Text"', CommandTimeout='30']
SELECT TOP(1) [e].[EmployeeId], [e].[CreatedDate], [e].[DepartmentId], [e].[DesignationId], [e].[EmployeeCode], [e].[FirstName], [e].[IsActive], [e].[LastName], [e].[PhoneNumber], [e].[ReportingEmployeeId], [e].[ReportingToEmployeeId], [e].[UserId], [e].[WorkplaceId]
FROM [Employee] AS [e]
WHERE [e].[UserId] = @userId
[2026-08-04 01:42:16.253 +05:30  INF]  Executed DbCommand (22ms) [Parameters=[@employee_EmployeeId='?' (DbType = Int32)], CommandType='"Text"', CommandTimeout='30']
SELECT [a].[AttendanceId], [e].[EmployeeId], [e].[FirstName] + N' ' + [e].[LastName] AS [EmployeeName], [a].[AttendanceDate], [a].[CheckInTime], [a].[CheckOutTime], [a].[HoursWorked], [a].[AttendanceStatus], [a].[IsApproved]
FROM [Attendance] AS [a]
INNER JOIN [Employee] AS [e] ON [a].[EmployeeId] = [e].[EmployeeId]
WHERE [a].[EmployeeId] = @employee_EmployeeId
ORDER BY [a].[AttendanceDate] DESC
[2026-08-04 01:42:16.259 +05:30  INF]  Executing OkObjectResult, writing value of type 'Crayon.Entity.Common.Result`1[[System.Collections.Generic.List`1[[Crayon.Entity.Dto.AttendanceResponse, Crayon.Entity, Version=1.0.0.0, Culture=neutral, PublicKeyToken=null]], System.Private.CoreLib, Version=10.0.0.0, Culture=neutral, PublicKeyToken=7cec85d7bea7798e]]'.
[2026-08-04 01:42:16.386 +05:30  INF]  Executed action Crayon.Api.Controllers.AttendanceController.GetEmployeeAttendance (Crayon.api) in 959.1201ms
[2026-08-04 01:42:16.387 +05:30  INF]  Executed endpoint 'Crayon.Api.Controllers.AttendanceController.GetEmployeeAttendance (Crayon.api)'
[2026-08-04 01:42:16.388 +05:30  INF]  Request finished HTTP/1.1 GET http://localhost:5278/api/Attendance/GetEmployeeAttendance/77b4488b-cb60-47bd-b1e6-7ffc73e27eb3 - 200 null application/json; charset=utf-8 1044.5247ms
[2026-08-04 01:42:19.440 +05:30  INF]  Request starting HTTP/1.1 GET http://localhost:5278/api/LeaveApplication/GetAllLeaveApplications - null null
[2026-08-04 01:42:19.444 +05:30  INF]  Executing endpoint 'Crayon.api.Controllers.LeaveApplicationController.GetAllLeaveApplications (Crayon.api)'
[2026-08-04 01:42:19.476 +05:30  INF]  Route matched with {action = "GetAllLeaveApplications", controller = "LeaveApplication"}. Executing controller action with signature System.Threading.Tasks.Task`1[Microsoft.AspNetCore.Mvc.IActionResult] GetAllLeaveApplications() on controller Crayon.api.Controllers.LeaveApplicationController (Crayon.api).
[2026-08-04 01:42:19.558 +05:30  INF]  Executed DbCommand (16ms) [Parameters=[], CommandType='"Text"', CommandTimeout='30']
SELECT [l].[LeaveApplicationId], [e].[FirstName] + N' ' + [e].[LastName] AS [EmployeeName], [l0].[LeaveName], [l].[FromDate], [l].[ToDate], [l].[TotalDays], [l].[Reason], [l].[Status], [l].[AppliedDate]
FROM [LeaveApplication] AS [l]
INNER JOIN [Employee] AS [e] ON [l].[EmployeeId] = [e].[EmployeeId]
INNER JOIN [LeaveType] AS [l0] ON [l].[LeaveTypeId] = [l0].[LeaveTypeId]
[2026-08-04 01:42:19.564 +05:30  INF]  Executing OkObjectResult, writing value of type 'Crayon.Entity.Common.Result`1[[System.Collections.Generic.List`1[[Crayon.Entity.Dto.LeaveApplicationResponse, Crayon.Entity, Version=1.0.0.0, Culture=neutral, PublicKeyToken=null]], System.Private.CoreLib, Version=10.0.0.0, Culture=neutral, PublicKeyToken=7cec85d7bea7798e]]'.
[2026-08-04 01:42:19.600 +05:30  INF]  Executed action Crayon.api.Controllers.LeaveApplicationController.GetAllLeaveApplications (Crayon.api) in 124.2629ms
[2026-08-04 01:42:19.601 +05:30  INF]  Executed endpoint 'Crayon.api.Controllers.LeaveApplicationController.GetAllLeaveApplications (Crayon.api)'
[2026-08-04 01:42:19.602 +05:30  INF]  Request finished HTTP/1.1 GET http://localhost:5278/api/LeaveApplication/GetAllLeaveApplications - 200 null application/json; charset=utf-8 161.6192ms
[2026-08-04 01:42:22.902 +05:30  INF]  Request starting HTTP/1.1 GET http://localhost:5278/api/Attendance/GetAllAttendance - null null
[2026-08-04 01:42:22.909 +05:30  INF]  Executing endpoint 'Crayon.Api.Controllers.AttendanceController.GetAllAttendance (Crayon.api)'
[2026-08-04 01:42:22.944 +05:30  INF]  Route matched with {action = "GetAllAttendance", controller = "Attendance"}. Executing controller action with signature System.Threading.Tasks.Task`1[Microsoft.AspNetCore.Mvc.IActionResult] GetAllAttendance() on controller Crayon.Api.Controllers.AttendanceController (Crayon.api).
[2026-08-04 01:42:22.988 +05:30  INF]  Executed DbCommand (11ms) [Parameters=[], CommandType='"Text"', CommandTimeout='30']
SELECT [a].[AttendanceId], [e].[EmployeeId], [e].[FirstName] + N' ' + [e].[LastName] AS [EmployeeName], [a].[AttendanceDate], [a].[CheckInTime], [a].[CheckOutTime], [a].[HoursWorked], [a].[AttendanceStatus], [a].[IsApproved]
FROM [Attendance] AS [a]
INNER JOIN [Employee] AS [e] ON [a].[EmployeeId] = [e].[EmployeeId]
[2026-08-04 01:42:23.008 +05:30  INF]  Executing OkObjectResult, writing value of type 'Crayon.Entity.Common.Result`1[[System.Collections.Generic.List`1[[Crayon.Entity.Dto.AttendanceResponse, Crayon.Entity, Version=1.0.0.0, Culture=neutral, PublicKeyToken=null]], System.Private.CoreLib, Version=10.0.0.0, Culture=neutral, PublicKeyToken=7cec85d7bea7798e]]'.
[2026-08-04 01:42:23.032 +05:30  INF]  Executed action Crayon.Api.Controllers.AttendanceController.GetAllAttendance (Crayon.api) in 86.9131ms
[2026-08-04 01:42:23.033 +05:30  INF]  Executed endpoint 'Crayon.Api.Controllers.AttendanceController.GetAllAttendance (Crayon.api)'
[2026-08-04 01:42:23.034 +05:30  INF]  Request finished HTTP/1.1 GET http://localhost:5278/api/Attendance/GetAllAttendance - 200 null application/json; charset=utf-8 131.7352ms
[2026-08-04 01:52:15.696 +05:30  INF]  Executed DbCommand (506ms) [Parameters=[@normalizedName='?' (Size = 256)], CommandType='"Text"', CommandTimeout='30']
SELECT TOP(1) [a].[Id], [a].[ConcurrencyStamp], [a].[Name], [a].[NormalizedName]
FROM [AspNetRoles] AS [a]
WHERE [a].[NormalizedName] = @normalizedName
[2026-08-04 01:52:16.446 +05:30  INF]  Executed DbCommand (24ms) [Parameters=[@normalizedUserName='?' (Size = 256)], CommandType='"Text"', CommandTimeout='30']
SELECT TOP(1) [a].[Id], [a].[AccessFailedCount], [a].[ConcurrencyStamp], [a].[Email], [a].[EmailConfirmed], [a].[LockoutEnabled], [a].[LockoutEnd], [a].[NormalizedEmail], [a].[NormalizedUserName], [a].[PasswordHash], [a].[PhoneNumber], [a].[PhoneNumberConfirmed], [a].[SecurityStamp], [a].[TwoFactorEnabled], [a].[UserName]
FROM [AspNetUsers] AS [a]
WHERE [a].[NormalizedUserName] = @normalizedUserName
[2026-08-04 01:52:16.888 +05:30  INF]  Executed DbCommand (12ms) [Parameters=[@normalizedUserName='?' (Size = 256)], CommandType='"Text"', CommandTimeout='30']
SELECT TOP(1) [a].[Id], [a].[AccessFailedCount], [a].[ConcurrencyStamp], [a].[Email], [a].[EmailConfirmed], [a].[LockoutEnabled], [a].[LockoutEnd], [a].[NormalizedEmail], [a].[NormalizedUserName], [a].[PasswordHash], [a].[PhoneNumber], [a].[PhoneNumberConfirmed], [a].[SecurityStamp], [a].[TwoFactorEnabled], [a].[UserName]
FROM [AspNetUsers] AS [a]
WHERE [a].[NormalizedUserName] = @normalizedUserName
[2026-08-04 01:52:17.199 +05:30  INF]  Executed DbCommand (10ms) [Parameters=[@normalizedRoleName='?' (Size = 256)], CommandType='"Text"', CommandTimeout='30']
SELECT TOP(2) [a].[Id], [a].[ConcurrencyStamp], [a].[Name], [a].[NormalizedName]
FROM [AspNetRoles] AS [a]
WHERE [a].[NormalizedName] = @normalizedRoleName
[2026-08-04 01:52:17.408 +05:30  INF]  Executed DbCommand (8ms) [Parameters=[@p='?' (Size = 450), @p1='?' (Size = 450)], CommandType='"Text"', CommandTimeout='30']
SELECT TOP(1) [a].[UserId], [a].[RoleId]
FROM [AspNetUserRoles] AS [a]
WHERE [a].[UserId] = @p AND [a].[RoleId] = @p1
[2026-08-04 01:52:17.440 +05:30  INF]  Executed DbCommand (10ms) [Parameters=[@normalizedRoleName='?' (Size = 256)], CommandType='"Text"', CommandTimeout='30']
SELECT TOP(2) [a].[Id], [a].[ConcurrencyStamp], [a].[Name], [a].[NormalizedName]
FROM [AspNetRoles] AS [a]
WHERE [a].[NormalizedName] = @normalizedRoleName
[2026-08-04 01:52:17.597 +05:30  INF]  Executed DbCommand (13ms) [Parameters=[@normalizedUserName='?' (Size = 256)], CommandType='"Text"', CommandTimeout='30']
SELECT TOP(1) [a].[Id], [a].[AccessFailedCount], [a].[ConcurrencyStamp], [a].[Email], [a].[EmailConfirmed], [a].[LockoutEnabled], [a].[LockoutEnd], [a].[NormalizedEmail], [a].[NormalizedUserName], [a].[PasswordHash], [a].[PhoneNumber], [a].[PhoneNumberConfirmed], [a].[SecurityStamp], [a].[TwoFactorEnabled], [a].[UserName]
FROM [AspNetUsers] AS [a]
WHERE [a].[NormalizedUserName] = @normalizedUserName
[2026-08-04 01:52:19.534 +05:30  INF]  User profile is available. Using 'C:\Users\adrija.ani\AppData\Local\ASP.NET\DataProtection-Keys' as key repository and Windows DPAPI to encrypt keys at rest.
[2026-08-04 01:52:21.190 +05:30  INF]  Now listening on: http://localhost:5278
[2026-08-04 01:52:21.603 +05:30  INF]  Application started. Press Ctrl+C to shut down.
[2026-08-04 01:52:21.606 +05:30  INF]  Hosting environment: Development
[2026-08-04 01:52:21.609 +05:30  INF]  Content root path: C:\Users\adrija.ani\Downloads\Project\Crayon\Crayon.api\Crayon.api
[2026-08-04 01:52:23.961 +05:30  INF]  Request starting HTTP/1.1 GET http://localhost:5278/swagger/index.html - null null
[2026-08-04 01:52:25.838 +05:30  INF]  Request finished HTTP/1.1 GET http://localhost:5278/swagger/index.html - 200 null text/html;charset=utf-8 1908.8578ms
[2026-08-04 01:52:25.921 +05:30  INF]  Request starting HTTP/1.1 GET http://localhost:5278/_framework/aspnetcore-browser-refresh.js - null null
[2026-08-04 01:52:25.926 +05:30  INF]  Request starting HTTP/1.1 GET http://localhost:5278/swagger/index.js - null null
[2026-08-04 01:52:25.949 +05:30  INF]  Request finished HTTP/1.1 GET http://localhost:5278/swagger/index.js - 200 null application/javascript;charset=utf-8 21.0035ms
[2026-08-04 01:52:25.949 +05:30  INF]  Request finished HTTP/1.1 GET http://localhost:5278/_framework/aspnetcore-browser-refresh.js - 200 14925 application/javascript; charset=utf-8 29.5096ms
[2026-08-04 01:52:25.956 +05:30  INF]  Request starting HTTP/1.1 GET http://localhost:5278/_vs/browserLink - null null
[2026-08-04 01:52:26.266 +05:30  INF]  Request finished HTTP/1.1 GET http://localhost:5278/_vs/browserLink - 200 null text/javascript; charset=UTF-8 310.8174ms
[2026-08-04 01:52:26.822 +05:30  INF]  Request starting HTTP/1.1 GET http://localhost:5278/swagger/v1/swagger.json - null null
[2026-08-04 01:52:27.060 +05:30  INF]  Request finished HTTP/1.1 GET http://localhost:5278/swagger/v1/swagger.json - 200 null application/json;charset=utf-8 237.7455ms
[2026-08-04 01:54:25.380 +05:30  INF]  Request starting HTTP/1.1 GET http://localhost:5278/api/Dashboard/GetEmployeeCount - null null
[2026-08-04 01:54:27.416 +05:30  INF]  Executing endpoint 'Crayon.api.Controllers.DashboardController.GetEmployeeCount (Crayon.api)'
[2026-08-04 01:54:27.560 +05:30  INF]  Route matched with {action = "GetEmployeeCount", controller = "Dashboard"}. Executing controller action with signature System.Threading.Tasks.Task`1[Microsoft.AspNetCore.Mvc.IActionResult] GetEmployeeCount() on controller Crayon.api.Controllers.DashboardController (Crayon.api).
[2026-08-04 01:54:28.211 +05:30  INF]  Executed DbCommand (31ms) [Parameters=[], CommandType='"Text"', CommandTimeout='30']
SELECT COUNT(*)
FROM [Employee] AS [e]
[2026-08-04 01:54:28.320 +05:30  INF]  Executing OkObjectResult, writing value of type 'System.Int32'.
[2026-08-04 01:54:28.372 +05:30  INF]  Executed action Crayon.api.Controllers.DashboardController.GetEmployeeCount (Crayon.api) in 785.2611ms
[2026-08-04 01:54:28.374 +05:30  INF]  Executed endpoint 'Crayon.api.Controllers.DashboardController.GetEmployeeCount (Crayon.api)'
[2026-08-04 01:54:28.416 +05:30  INF]  Request finished HTTP/1.1 GET http://localhost:5278/api/Dashboard/GetEmployeeCount - 200 null application/json; charset=utf-8 3037.1153ms
[2026-08-04 01:54:29.123 +05:30  INF]  Request starting HTTP/1.1 GET http://localhost:5278/api/Dashboard/GetPendingLeaveCount - null null
[2026-08-04 01:54:29.144 +05:30  INF]  Executing endpoint 'Crayon.api.Controllers.DashboardController.GetPendingLeaveCount (Crayon.api)'
[2026-08-04 01:54:29.178 +05:30  INF]  Route matched with {action = "GetPendingLeaveCount", controller = "Dashboard"}. Executing controller action with signature System.Threading.Tasks.Task`1[Microsoft.AspNetCore.Mvc.IActionResult] GetPendingLeaveCount() on controller Crayon.api.Controllers.DashboardController (Crayon.api).
[2026-08-04 01:54:29.318 +05:30  INF]  Executed DbCommand (17ms) [Parameters=[], CommandType='"Text"', CommandTimeout='30']
SELECT COUNT(*)
FROM [LeaveApplication] AS [l]
WHERE [l].[Status] = N'Pending'
[2026-08-04 01:54:29.321 +05:30  INF]  Executing OkObjectResult, writing value of type 'System.Int32'.
[2026-08-04 01:54:29.322 +05:30  INF]  Executed action Crayon.api.Controllers.DashboardController.GetPendingLeaveCount (Crayon.api) in 143.3602ms
[2026-08-04 01:54:29.322 +05:30  INF]  Executed endpoint 'Crayon.api.Controllers.DashboardController.GetPendingLeaveCount (Crayon.api)'
[2026-08-04 01:54:29.323 +05:30  INF]  Request finished HTTP/1.1 GET http://localhost:5278/api/Dashboard/GetPendingLeaveCount - 200 null application/json; charset=utf-8 200.9857ms
[2026-08-04 01:54:31.327 +05:30  INF]  Request starting HTTP/1.1 GET http://localhost:5278/api/Attendance/GetEmployeeAttendance/77b4488b-cb60-47bd-b1e6-7ffc73e27eb3 - null null
[2026-08-04 01:54:31.345 +05:30  INF]  Executing endpoint 'Crayon.Api.Controllers.AttendanceController.GetEmployeeAttendance (Crayon.api)'
[2026-08-04 01:54:31.418 +05:30  INF]  Route matched with {action = "GetEmployeeAttendance", controller = "Attendance"}. Executing controller action with signature System.Threading.Tasks.Task`1[Microsoft.AspNetCore.Mvc.IActionResult] GetEmployeeAttendance(System.String) on controller Crayon.Api.Controllers.AttendanceController (Crayon.api).
[2026-08-04 01:54:31.577 +05:30  INF]  Executed DbCommand (8ms) [Parameters=[@userId='?' (Size = 450)], CommandType='"Text"', CommandTimeout='30']
SELECT TOP(1) [e].[EmployeeId], [e].[CreatedDate], [e].[DepartmentId], [e].[DesignationId], [e].[EmployeeCode], [e].[FirstName], [e].[IsActive], [e].[LastName], [e].[PhoneNumber], [e].[ReportingEmployeeId], [e].[ReportingToEmployeeId], [e].[UserId], [e].[WorkplaceId]
FROM [Employee] AS [e]
WHERE [e].[UserId] = @userId
[2026-08-04 01:54:32.175 +05:30  INF]  Executed DbCommand (125ms) [Parameters=[@employee_EmployeeId='?' (DbType = Int32)], CommandType='"Text"', CommandTimeout='30']
SELECT [a].[AttendanceId], [e].[EmployeeId], [e].[FirstName] + N' ' + [e].[LastName] AS [EmployeeName], [a].[AttendanceDate], [a].[CheckInTime], [a].[CheckOutTime], [a].[HoursWorked], [a].[AttendanceStatus], [a].[IsApproved]
FROM [Attendance] AS [a]
INNER JOIN [Employee] AS [e] ON [a].[EmployeeId] = [e].[EmployeeId]
WHERE [a].[EmployeeId] = @employee_EmployeeId
ORDER BY [a].[AttendanceDate] DESC
[2026-08-04 01:54:32.182 +05:30  INF]  Executing OkObjectResult, writing value of type 'Crayon.Entity.Common.Result`1[[System.Collections.Generic.List`1[[Crayon.Entity.Dto.AttendanceResponse, Crayon.Entity, Version=1.0.0.0, Culture=neutral, PublicKeyToken=null]], System.Private.CoreLib, Version=10.0.0.0, Culture=neutral, PublicKeyToken=7cec85d7bea7798e]]'.
[2026-08-04 01:54:32.314 +05:30  INF]  Executed action Crayon.Api.Controllers.AttendanceController.GetEmployeeAttendance (Crayon.api) in 895.999ms
[2026-08-04 01:54:32.314 +05:30  INF]  Executed endpoint 'Crayon.Api.Controllers.AttendanceController.GetEmployeeAttendance (Crayon.api)'
[2026-08-04 01:54:32.315 +05:30  INF]  Request finished HTTP/1.1 GET http://localhost:5278/api/Attendance/GetEmployeeAttendance/77b4488b-cb60-47bd-b1e6-7ffc73e27eb3 - 200 null application/json; charset=utf-8 987.9147ms
[2026-08-04 01:57:27.335 +05:30  INF]  Request starting HTTP/1.1 GET http://localhost:5278/api/Employee/GetVisibleEmployees - null null
[2026-08-04 01:57:27.340 +05:30  INF]  Executing endpoint 'Crayon.api.Controllers.EmployeeController.GetVisibleEmployees (Crayon.api)'
[2026-08-04 01:57:27.371 +05:30  INF]  Route matched with {action = "GetVisibleEmployees", controller = "Employee"}. Executing controller action with signature System.Threading.Tasks.Task`1[Microsoft.AspNetCore.Mvc.IActionResult] GetVisibleEmployees() on controller Crayon.api.Controllers.EmployeeController (Crayon.api).
[2026-08-04 01:57:27.453 +05:30  INF]  Executed DbCommand (12ms) [Parameters=[@userId='?' (Size = 450)], CommandType='"Text"', CommandTimeout='30']
SELECT TOP(1) [e].[EmployeeId], [e].[CreatedDate], [e].[DepartmentId], [e].[DesignationId], [e].[EmployeeCode], [e].[FirstName], [e].[IsActive], [e].[LastName], [e].[PhoneNumber], [e].[ReportingEmployeeId], [e].[ReportingToEmployeeId], [e].[UserId], [e].[WorkplaceId]
FROM [Employee] AS [e]
WHERE [e].[UserId] = @userId
[2026-08-04 01:57:28.034 +05:30  INF]  Executed DbCommand (229ms) [Parameters=[@currentEmployee_EmployeeId='?' (DbType = Int32)], CommandType='"Text"', CommandTimeout='30']
SELECT [e].[EmployeeId], [e].[UserId], [e].[EmployeeCode], [e].[FirstName], [e].[LastName], [e].[FirstName] + N' ' + [e].[LastName] AS [FullName], [a].[Email], [e].[PhoneNumber], [d].[DepartmentId], [d].[DepartmentName], [d0].[DesignationId], [d0].[DesignationName], [w].[WorkplaceId], [w].[Name] AS [WorkplaceName], (
    SELECT TOP(1) [a1].[Name]
    FROM [AspNetUserRoles] AS [a0]
    INNER JOIN [AspNetRoles] AS [a1] ON [a0].[RoleId] = [a1].[Id]
    WHERE [a0].[UserId] = [a].[Id]) AS [RoleName], [e].[ReportingEmployeeId] AS [ReportingManagerId], CASE
    WHEN [e1].[EmployeeId] IS NOT NULL THEN COALESCE([e1].[FirstName], N'') + N' ' + COALESCE([e1].[LastName], N'')
    ELSE N''
END AS [ReportingManagerName], [e].[IsActive], [e].[CreatedDate]
FROM [Employee] AS [e]
INNER JOIN [Department] AS [d] ON [e].[DepartmentId] = [d].[DepartmentId]
INNER JOIN [Designation] AS [d0] ON [e].[DesignationId] = [d0].[DesignationId]
INNER JOIN [Workplace] AS [w] ON [e].[WorkplaceId] = [w].[WorkplaceId]
INNER JOIN [AspNetUsers] AS [a] ON [e].[UserId] = [a].[Id]
LEFT JOIN [Employee] AS [e1] ON [e].[ReportingEmployeeId] = [e1].[EmployeeId]
WHERE [e].[IsActive] = CAST(1 AS bit) AND ([e].[ReportingEmployeeId] = @currentEmployee_EmployeeId OR EXISTS (
    SELECT 1
    FROM [Employee] AS [e0]
    WHERE [e0].[EmployeeId] = [e].[ReportingEmployeeId] AND [e0].[ReportingEmployeeId] = @currentEmployee_EmployeeId))
[2026-08-04 01:57:28.052 +05:30  INF]  Executing OkObjectResult, writing value of type 'Crayon.Entity.Common.Result`1[[System.Collections.Generic.List`1[[Crayon.Entity.Dto.EmployeeResponse, Crayon.Entity, Version=1.0.0.0, Culture=neutral, PublicKeyToken=null]], System.Private.CoreLib, Version=10.0.0.0, Culture=neutral, PublicKeyToken=7cec85d7bea7798e]]'.
[2026-08-04 01:57:28.117 +05:30  INF]  Executed action Crayon.api.Controllers.EmployeeController.GetVisibleEmployees (Crayon.api) in 745.9634ms
[2026-08-04 01:57:28.118 +05:30  INF]  Executed endpoint 'Crayon.api.Controllers.EmployeeController.GetVisibleEmployees (Crayon.api)'
[2026-08-04 01:57:28.120 +05:30  INF]  Request finished HTTP/1.1 GET http://localhost:5278/api/Employee/GetVisibleEmployees - 200 null application/json; charset=utf-8 785.3622ms
[2026-08-04 01:57:34.042 +05:30  INF]  Request starting HTTP/1.1 GET http://localhost:5278/api/Attendance/GetAllAttendance - null null
[2026-08-04 01:57:34.050 +05:30  INF]  Executing endpoint 'Crayon.Api.Controllers.AttendanceController.GetAllAttendance (Crayon.api)'
[2026-08-04 01:57:34.092 +05:30  INF]  Route matched with {action = "GetAllAttendance", controller = "Attendance"}. Executing controller action with signature System.Threading.Tasks.Task`1[Microsoft.AspNetCore.Mvc.IActionResult] GetAllAttendance() on controller Crayon.Api.Controllers.AttendanceController (Crayon.api).
[2026-08-04 01:57:34.180 +05:30  INF]  Executed DbCommand (19ms) [Parameters=[], CommandType='"Text"', CommandTimeout='30']
SELECT [a].[AttendanceId], [e].[EmployeeId], [e].[FirstName] + N' ' + [e].[LastName] AS [EmployeeName], [a].[AttendanceDate], [a].[CheckInTime], [a].[CheckOutTime], [a].[HoursWorked], [a].[AttendanceStatus], [a].[IsApproved]
FROM [Attendance] AS [a]
INNER JOIN [Employee] AS [e] ON [a].[EmployeeId] = [e].[EmployeeId]
[2026-08-04 01:57:34.201 +05:30  INF]  Executing OkObjectResult, writing value of type 'Crayon.Entity.Common.Result`1[[System.Collections.Generic.List`1[[Crayon.Entity.Dto.AttendanceResponse, Crayon.Entity, Version=1.0.0.0, Culture=neutral, PublicKeyToken=null]], System.Private.CoreLib, Version=10.0.0.0, Culture=neutral, PublicKeyToken=7cec85d7bea7798e]]'.
[2026-08-04 01:57:34.228 +05:30  INF]  Executed action Crayon.Api.Controllers.AttendanceController.GetAllAttendance (Crayon.api) in 135.8281ms
[2026-08-04 01:57:34.228 +05:30  INF]  Executed endpoint 'Crayon.Api.Controllers.AttendanceController.GetAllAttendance (Crayon.api)'
[2026-08-04 01:57:34.229 +05:30  INF]  Request finished HTTP/1.1 GET http://localhost:5278/api/Attendance/GetAllAttendance - 200 null application/json; charset=utf-8 188.1522ms
[2026-08-04 01:57:43.076 +05:30  INF]  Request starting HTTP/1.1 GET http://localhost:5278/api/Holiday/GetAllHolidays - null null
[2026-08-04 01:57:43.079 +05:30  INF]  Executing endpoint 'Crayon.Api.Controllers.HolidayController.GetAllHolidays (Crayon.api)'
[2026-08-04 01:57:43.123 +05:30  INF]  Route matched with {action = "GetAllHolidays", controller = "Holiday"}. Executing controller action with signature System.Threading.Tasks.Task`1[Microsoft.AspNetCore.Mvc.IActionResult] GetAllHolidays() on controller Crayon.Api.Controllers.HolidayController (Crayon.api).
[2026-08-04 01:57:43.187 +05:30  INF]  Executed DbCommand (11ms) [Parameters=[], CommandType='"Text"', CommandTimeout='30']
SELECT [h].[HolidayId], [h].[HolidayName], [h].[HolidayDate], [h].[Country]
FROM [Holiday] AS [h]
[2026-08-04 01:57:43.194 +05:30  INF]  Executing OkObjectResult, writing value of type 'Crayon.Entity.Common.Result`1[[System.Collections.Generic.List`1[[Crayon.Entity.Dto.HolidayResponse, Crayon.Entity, Version=1.0.0.0, Culture=neutral, PublicKeyToken=null]], System.Private.CoreLib, Version=10.0.0.0, Culture=neutral, PublicKeyToken=7cec85d7bea7798e]]'.
[2026-08-04 01:57:43.211 +05:30  INF]  Executed action Crayon.Api.Controllers.HolidayController.GetAllHolidays (Crayon.api) in 87.3313ms
[2026-08-04 01:57:43.211 +05:30  INF]  Executed endpoint 'Crayon.Api.Controllers.HolidayController.GetAllHolidays (Crayon.api)'
[2026-08-04 01:57:43.213 +05:30  INF]  Request finished HTTP/1.1 GET http://localhost:5278/api/Holiday/GetAllHolidays - 200 null application/json; charset=utf-8 137.3507ms
[2026-08-04 01:58:19.640 +05:30  INF]  Request starting HTTP/1.1 POST http://localhost:5278/api/Employee/Login - application/json; charset=utf-8 54
[2026-08-04 01:58:19.653 +05:30  INF]  Executing endpoint 'Crayon.api.Controllers.EmployeeController.Login (Crayon.api)'
[2026-08-04 01:58:19.695 +05:30  INF]  Route matched with {action = "Login", controller = "Employee"}. Executing controller action with signature System.Threading.Tasks.Task`1[Microsoft.AspNetCore.Mvc.IActionResult] Login(Crayon.Entity.Dto.UserRequest) on controller Crayon.api.Controllers.EmployeeController (Crayon.api).
[2026-08-04 01:58:19.912 +05:30  INF]  Executed DbCommand (11ms) [Parameters=[@normalizedEmail='?' (Size = 256)], CommandType='"Text"', CommandTimeout='30']
SELECT TOP(2) [a].[Id], [a].[AccessFailedCount], [a].[ConcurrencyStamp], [a].[Email], [a].[EmailConfirmed], [a].[LockoutEnabled], [a].[LockoutEnd], [a].[NormalizedEmail], [a].[NormalizedUserName], [a].[PasswordHash], [a].[PhoneNumber], [a].[PhoneNumberConfirmed], [a].[SecurityStamp], [a].[TwoFactorEnabled], [a].[UserName]
FROM [AspNetUsers] AS [a]
WHERE [a].[NormalizedEmail] = @normalizedEmail
[2026-08-04 01:58:20.333 +05:30  INF]  Executed DbCommand (14ms) [Parameters=[@userId='?' (Size = 450)], CommandType='"Text"', CommandTimeout='30']
SELECT [a0].[Name]
FROM [AspNetUserRoles] AS [a]
INNER JOIN [AspNetRoles] AS [a0] ON [a].[RoleId] = [a0].[Id]
WHERE [a].[UserId] = @userId
[2026-08-04 01:58:20.397 +05:30  INF]  Executing OkObjectResult, writing value of type 'Crayon.Entity.Common.Result`1[[Crayon.Entity.Dto.UserResponse, Crayon.Entity, Version=1.0.0.0, Culture=neutral, PublicKeyToken=null]]'.
[2026-08-04 01:58:20.413 +05:30  INF]  Executed action Crayon.api.Controllers.EmployeeController.Login (Crayon.api) in 717.8859ms
[2026-08-04 01:58:20.414 +05:30  INF]  Executed endpoint 'Crayon.api.Controllers.EmployeeController.Login (Crayon.api)'
[2026-08-04 01:58:20.415 +05:30  INF]  Request finished HTTP/1.1 POST http://localhost:5278/api/Employee/Login - 200 null application/json; charset=utf-8 774.7072ms
[2026-08-04 01:58:21.031 +05:30  INF]  Request starting HTTP/1.1 GET http://localhost:5278/api/Dashboard/GetEmployeeCount - null null
[2026-08-04 01:58:21.033 +05:30  INF]  Executing endpoint 'Crayon.api.Controllers.DashboardController.GetEmployeeCount (Crayon.api)'
[2026-08-04 01:58:21.034 +05:30  INF]  Route matched with {action = "GetEmployeeCount", controller = "Dashboard"}. Executing controller action with signature System.Threading.Tasks.Task`1[Microsoft.AspNetCore.Mvc.IActionResult] GetEmployeeCount() on controller Crayon.api.Controllers.DashboardController (Crayon.api).
[2026-08-04 01:58:21.054 +05:30  INF]  Executed DbCommand (7ms) [Parameters=[], CommandType='"Text"', CommandTimeout='30']
SELECT COUNT(*)
FROM [Employee] AS [e]
[2026-08-04 01:58:21.056 +05:30  INF]  Executing OkObjectResult, writing value of type 'System.Int32'.
[2026-08-04 01:58:21.057 +05:30  INF]  Executed action Crayon.api.Controllers.DashboardController.GetEmployeeCount (Crayon.api) in 22.7349ms
[2026-08-04 01:58:21.057 +05:30  INF]  Executed endpoint 'Crayon.api.Controllers.DashboardController.GetEmployeeCount (Crayon.api)'
[2026-08-04 01:58:21.058 +05:30  INF]  Request finished HTTP/1.1 GET http://localhost:5278/api/Dashboard/GetEmployeeCount - 200 null application/json; charset=utf-8 27.136ms
[2026-08-04 01:58:21.076 +05:30  INF]  Request starting HTTP/1.1 GET http://localhost:5278/api/Dashboard/GetDepartmentCount - null null
[2026-08-04 01:58:21.082 +05:30  INF]  Executing endpoint 'Crayon.api.Controllers.DashboardController.GetDepartmentCount (Crayon.api)'
[2026-08-04 01:58:21.124 +05:30  INF]  Route matched with {action = "GetDepartmentCount", controller = "Dashboard"}. Executing controller action with signature System.Threading.Tasks.Task`1[Microsoft.AspNetCore.Mvc.IActionResult] GetDepartmentCount() on controller Crayon.api.Controllers.DashboardController (Crayon.api).
[2026-08-04 01:58:21.152 +05:30  INF]  Executed DbCommand (6ms) [Parameters=[], CommandType='"Text"', CommandTimeout='30']
SELECT COUNT(*)
FROM [Department] AS [d]
[2026-08-04 01:58:21.154 +05:30  INF]  Executing OkObjectResult, writing value of type 'System.Int32'.
[2026-08-04 01:58:21.155 +05:30  INF]  Executed action Crayon.api.Controllers.DashboardController.GetDepartmentCount (Crayon.api) in 30.4378ms
[2026-08-04 01:58:21.155 +05:30  INF]  Executed endpoint 'Crayon.api.Controllers.DashboardController.GetDepartmentCount (Crayon.api)'
[2026-08-04 01:58:21.156 +05:30  INF]  Request finished HTTP/1.1 GET http://localhost:5278/api/Dashboard/GetDepartmentCount - 200 null application/json; charset=utf-8 80.0453ms
[2026-08-04 01:58:21.182 +05:30  INF]  Request starting HTTP/1.1 GET http://localhost:5278/api/Dashboard/GetProjectCount - null null
[2026-08-04 01:58:21.183 +05:30  INF]  Executing endpoint 'Crayon.api.Controllers.DashboardController.GetProjectCount (Crayon.api)'
[2026-08-04 01:58:21.223 +05:30  INF]  Route matched with {action = "GetProjectCount", controller = "Dashboard"}. Executing controller action with signature System.Threading.Tasks.Task`1[Microsoft.AspNetCore.Mvc.IActionResult] GetProjectCount() on controller Crayon.api.Controllers.DashboardController (Crayon.api).
[2026-08-04 01:58:21.271 +05:30  INF]  Executed DbCommand (18ms) [Parameters=[], CommandType='"Text"', CommandTimeout='30']
SELECT COUNT(*)
FROM [Project] AS [p]
[2026-08-04 01:58:21.272 +05:30  INF]  Executing OkObjectResult, writing value of type 'System.Int32'.
[2026-08-04 01:58:21.273 +05:30  INF]  Executed action Crayon.api.Controllers.DashboardController.GetProjectCount (Crayon.api) in 50.4071ms
[2026-08-04 01:58:21.274 +05:30  INF]  Executed endpoint 'Crayon.api.Controllers.DashboardController.GetProjectCount (Crayon.api)'
[2026-08-04 01:58:21.275 +05:30  INF]  Request finished HTTP/1.1 GET http://localhost:5278/api/Dashboard/GetProjectCount - 200 null application/json; charset=utf-8 92.9739ms
[2026-08-04 01:58:21.307 +05:30  INF]  Request starting HTTP/1.1 GET http://localhost:5278/api/Dashboard/GetPendingLeaveCount - null null
[2026-08-04 01:58:21.309 +05:30  INF]  Executing endpoint 'Crayon.api.Controllers.DashboardController.GetPendingLeaveCount (Crayon.api)'
[2026-08-04 01:58:21.310 +05:30  INF]  Route matched with {action = "GetPendingLeaveCount", controller = "Dashboard"}. Executing controller action with signature System.Threading.Tasks.Task`1[Microsoft.AspNetCore.Mvc.IActionResult] GetPendingLeaveCount() on controller Crayon.api.Controllers.DashboardController (Crayon.api).
[2026-08-04 01:58:21.333 +05:30  INF]  Executed DbCommand (14ms) [Parameters=[], CommandType='"Text"', CommandTimeout='30']
SELECT COUNT(*)
FROM [LeaveApplication] AS [l]
WHERE [l].[Status] = N'Pending'
[2026-08-04 01:58:21.335 +05:30  INF]  Executing OkObjectResult, writing value of type 'System.Int32'.
[2026-08-04 01:58:21.336 +05:30  INF]  Executed action Crayon.api.Controllers.DashboardController.GetPendingLeaveCount (Crayon.api) in 25.6058ms
[2026-08-04 01:58:21.336 +05:30  INF]  Executed endpoint 'Crayon.api.Controllers.DashboardController.GetPendingLeaveCount (Crayon.api)'
[2026-08-04 01:58:21.337 +05:30  INF]  Request finished HTTP/1.1 GET http://localhost:5278/api/Dashboard/GetPendingLeaveCount - 200 null application/json; charset=utf-8 30.7572ms
[2026-08-04 01:58:30.287 +05:30  INF]  Request starting HTTP/1.1 GET http://localhost:5278/api/Employee/GetVisibleEmployees - null null
[2026-08-04 01:58:30.290 +05:30  INF]  Executing endpoint 'Crayon.api.Controllers.EmployeeController.GetVisibleEmployees (Crayon.api)'
[2026-08-04 01:58:30.290 +05:30  INF]  Route matched with {action = "GetVisibleEmployees", controller = "Employee"}. Executing controller action with signature System.Threading.Tasks.Task`1[Microsoft.AspNetCore.Mvc.IActionResult] GetVisibleEmployees() on controller Crayon.api.Controllers.EmployeeController (Crayon.api).
[2026-08-04 01:58:30.351 +05:30  INF]  Executed DbCommand (11ms) [Parameters=[@userId='?' (Size = 450)], CommandType='"Text"', CommandTimeout='30']
SELECT TOP(1) [e].[EmployeeId], [e].[CreatedDate], [e].[DepartmentId], [e].[DesignationId], [e].[EmployeeCode], [e].[FirstName], [e].[IsActive], [e].[LastName], [e].[PhoneNumber], [e].[ReportingEmployeeId], [e].[ReportingToEmployeeId], [e].[UserId], [e].[WorkplaceId]
FROM [Employee] AS [e]
WHERE [e].[UserId] = @userId
[2026-08-04 01:58:30.559 +05:30  INF]  Executed DbCommand (140ms) [Parameters=[], CommandType='"Text"', CommandTimeout='30']
SELECT [e].[EmployeeId], [e].[UserId], [e].[EmployeeCode], [e].[FirstName], [e].[LastName], [e].[FirstName] + N' ' + [e].[LastName] AS [FullName], [a].[Email], [e].[PhoneNumber], [d].[DepartmentId], [d].[DepartmentName], [d0].[DesignationId], [d0].[DesignationName], [w].[WorkplaceId], [w].[Name] AS [WorkplaceName], (
    SELECT TOP(1) [a1].[Name]
    FROM [AspNetUserRoles] AS [a0]
    INNER JOIN [AspNetRoles] AS [a1] ON [a0].[RoleId] = [a1].[Id]
    WHERE [a0].[UserId] = [a].[Id]) AS [RoleName], [e].[ReportingEmployeeId] AS [ReportingManagerId], CASE
    WHEN [e0].[EmployeeId] IS NOT NULL THEN COALESCE([e0].[FirstName], N'') + N' ' + COALESCE([e0].[LastName], N'')
    ELSE N''
END AS [ReportingManagerName], [e].[IsActive], [e].[CreatedDate]
FROM [Employee] AS [e]
INNER JOIN [Department] AS [d] ON [e].[DepartmentId] = [d].[DepartmentId]
INNER JOIN [Designation] AS [d0] ON [e].[DesignationId] = [d0].[DesignationId]
INNER JOIN [Workplace] AS [w] ON [e].[WorkplaceId] = [w].[WorkplaceId]
INNER JOIN [AspNetUsers] AS [a] ON [e].[UserId] = [a].[Id]
LEFT JOIN [Employee] AS [e0] ON [e].[ReportingEmployeeId] = [e0].[EmployeeId]
WHERE [e].[IsActive] = CAST(1 AS bit)
[2026-08-04 01:58:30.562 +05:30  INF]  Executing OkObjectResult, writing value of type 'Crayon.Entity.Common.Result`1[[System.Collections.Generic.List`1[[Crayon.Entity.Dto.EmployeeResponse, Crayon.Entity, Version=1.0.0.0, Culture=neutral, PublicKeyToken=null]], System.Private.CoreLib, Version=10.0.0.0, Culture=neutral, PublicKeyToken=7cec85d7bea7798e]]'.
[2026-08-04 01:58:30.565 +05:30  INF]  Executed action Crayon.api.Controllers.EmployeeController.GetVisibleEmployees (Crayon.api) in 274.3128ms
[2026-08-04 01:58:30.566 +05:30  INF]  Executed endpoint 'Crayon.api.Controllers.EmployeeController.GetVisibleEmployees (Crayon.api)'
[2026-08-04 01:58:30.566 +05:30  INF]  Request finished HTTP/1.1 GET http://localhost:5278/api/Employee/GetVisibleEmployees - 200 null application/json; charset=utf-8 280.5658ms
[2026-08-04 01:58:33.391 +05:30  INF]  Request starting HTTP/1.1 GET http://localhost:5278/api/Dashboard/GetEmployeeCount - null null
[2026-08-04 01:58:33.393 +05:30  INF]  Executing endpoint 'Crayon.api.Controllers.DashboardController.GetEmployeeCount (Crayon.api)'
[2026-08-04 01:58:33.394 +05:30  INF]  Route matched with {action = "GetEmployeeCount", controller = "Dashboard"}. Executing controller action with signature System.Threading.Tasks.Task`1[Microsoft.AspNetCore.Mvc.IActionResult] GetEmployeeCount() on controller Crayon.api.Controllers.DashboardController (Crayon.api).
[2026-08-04 01:58:33.421 +05:30  INF]  Executed DbCommand (13ms) [Parameters=[], CommandType='"Text"', CommandTimeout='30']
SELECT COUNT(*)
FROM [Employee] AS [e]
[2026-08-04 01:58:33.424 +05:30  INF]  Executing OkObjectResult, writing value of type 'System.Int32'.
[2026-08-04 01:58:33.425 +05:30  INF]  Executed action Crayon.api.Controllers.DashboardController.GetEmployeeCount (Crayon.api) in 31.0854ms
[2026-08-04 01:58:33.425 +05:30  INF]  Executed endpoint 'Crayon.api.Controllers.DashboardController.GetEmployeeCount (Crayon.api)'
[2026-08-04 01:58:33.426 +05:30  INF]  Request finished HTTP/1.1 GET http://localhost:5278/api/Dashboard/GetEmployeeCount - 200 null application/json; charset=utf-8 34.65ms
[2026-08-04 01:58:33.475 +05:30  INF]  Request starting HTTP/1.1 GET http://localhost:5278/api/Dashboard/GetDepartmentCount - null null
[2026-08-04 01:58:33.477 +05:30  INF]  Executing endpoint 'Crayon.api.Controllers.DashboardController.GetDepartmentCount (Crayon.api)'
[2026-08-04 01:58:33.477 +05:30  INF]  Route matched with {action = "GetDepartmentCount", controller = "Dashboard"}. Executing controller action with signature System.Threading.Tasks.Task`1[Microsoft.AspNetCore.Mvc.IActionResult] GetDepartmentCount() on controller Crayon.api.Controllers.DashboardController (Crayon.api).
[2026-08-04 01:58:33.490 +05:30  INF]  Executed DbCommand (6ms) [Parameters=[], CommandType='"Text"', CommandTimeout='30']
SELECT COUNT(*)
FROM [Department] AS [d]
[2026-08-04 01:58:33.491 +05:30  INF]  Executing OkObjectResult, writing value of type 'System.Int32'.
[2026-08-04 01:58:33.492 +05:30  INF]  Executed action Crayon.api.Controllers.DashboardController.GetDepartmentCount (Crayon.api) in 14.6155ms
[2026-08-04 01:58:33.492 +05:30  INF]  Executed endpoint 'Crayon.api.Controllers.DashboardController.GetDepartmentCount (Crayon.api)'
[2026-08-04 01:58:33.493 +05:30  INF]  Request finished HTTP/1.1 GET http://localhost:5278/api/Dashboard/GetDepartmentCount - 200 null application/json; charset=utf-8 17.7059ms
[2026-08-04 01:58:33.507 +05:30  INF]  Request starting HTTP/1.1 GET http://localhost:5278/api/Dashboard/GetProjectCount - null null
[2026-08-04 01:58:33.509 +05:30  INF]  Executing endpoint 'Crayon.api.Controllers.DashboardController.GetProjectCount (Crayon.api)'
[2026-08-04 01:58:33.509 +05:30  INF]  Route matched with {action = "GetProjectCount", controller = "Dashboard"}. Executing controller action with signature System.Threading.Tasks.Task`1[Microsoft.AspNetCore.Mvc.IActionResult] GetProjectCount() on controller Crayon.api.Controllers.DashboardController (Crayon.api).
[2026-08-04 01:58:33.525 +05:30  INF]  Executed DbCommand (6ms) [Parameters=[], CommandType='"Text"', CommandTimeout='30']
SELECT COUNT(*)
FROM [Project] AS [p]
[2026-08-04 01:58:33.527 +05:30  INF]  Executing OkObjectResult, writing value of type 'System.Int32'.
[2026-08-04 01:58:33.528 +05:30  INF]  Executed action Crayon.api.Controllers.DashboardController.GetProjectCount (Crayon.api) in 18.0652ms
[2026-08-04 01:58:33.528 +05:30  INF]  Executed endpoint 'Crayon.api.Controllers.DashboardController.GetProjectCount (Crayon.api)'
[2026-08-04 01:58:33.529 +05:30  INF]  Request finished HTTP/1.1 GET http://localhost:5278/api/Dashboard/GetProjectCount - 200 null application/json; charset=utf-8 21.9603ms
[2026-08-04 01:58:33.548 +05:30  INF]  Request starting HTTP/1.1 GET http://localhost:5278/api/Dashboard/GetPendingLeaveCount - null null
[2026-08-04 01:58:33.550 +05:30  INF]  Executing endpoint 'Crayon.api.Controllers.DashboardController.GetPendingLeaveCount (Crayon.api)'
[2026-08-04 01:58:33.550 +05:30  INF]  Route matched with {action = "GetPendingLeaveCount", controller = "Dashboard"}. Executing controller action with signature System.Threading.Tasks.Task`1[Microsoft.AspNetCore.Mvc.IActionResult] GetPendingLeaveCount() on controller Crayon.api.Controllers.DashboardController (Crayon.api).
[2026-08-04 01:58:33.590 +05:30  INF]  Executed DbCommand (8ms) [Parameters=[], CommandType='"Text"', CommandTimeout='30']
SELECT COUNT(*)
FROM [LeaveApplication] AS [l]
WHERE [l].[Status] = N'Pending'
[2026-08-04 01:58:33.591 +05:30  INF]  Executing OkObjectResult, writing value of type 'System.Int32'.
[2026-08-04 01:58:33.592 +05:30  INF]  Executed action Crayon.api.Controllers.DashboardController.GetPendingLeaveCount (Crayon.api) in 41.295ms
[2026-08-04 01:58:33.592 +05:30  INF]  Executed endpoint 'Crayon.api.Controllers.DashboardController.GetPendingLeaveCount (Crayon.api)'
[2026-08-04 01:58:33.593 +05:30  INF]  Request finished HTTP/1.1 GET http://localhost:5278/api/Dashboard/GetPendingLeaveCount - 200 null application/json; charset=utf-8 44.8333ms
[2026-08-04 01:58:41.163 +05:30  INF]  Request starting HTTP/1.1 GET http://localhost:5278/api/Employee/GetVisibleEmployees - null null
[2026-08-04 01:58:41.170 +05:30  INF]  Executing endpoint 'Crayon.api.Controllers.EmployeeController.GetVisibleEmployees (Crayon.api)'
[2026-08-04 01:58:41.171 +05:30  INF]  Route matched with {action = "GetVisibleEmployees", controller = "Employee"}. Executing controller action with signature System.Threading.Tasks.Task`1[Microsoft.AspNetCore.Mvc.IActionResult] GetVisibleEmployees() on controller Crayon.api.Controllers.EmployeeController (Crayon.api).
[2026-08-04 01:58:41.201 +05:30  INF]  Executed DbCommand (13ms) [Parameters=[@userId='?' (Size = 450)], CommandType='"Text"', CommandTimeout='30']
SELECT TOP(1) [e].[EmployeeId], [e].[CreatedDate], [e].[DepartmentId], [e].[DesignationId], [e].[EmployeeCode], [e].[FirstName], [e].[IsActive], [e].[LastName], [e].[PhoneNumber], [e].[ReportingEmployeeId], [e].[ReportingToEmployeeId], [e].[UserId], [e].[WorkplaceId]
FROM [Employee] AS [e]
WHERE [e].[UserId] = @userId
[2026-08-04 01:58:41.410 +05:30  INF]  Executed DbCommand (185ms) [Parameters=[], CommandType='"Text"', CommandTimeout='30']
SELECT [e].[EmployeeId], [e].[UserId], [e].[EmployeeCode], [e].[FirstName], [e].[LastName], [e].[FirstName] + N' ' + [e].[LastName] AS [FullName], [a].[Email], [e].[PhoneNumber], [d].[DepartmentId], [d].[DepartmentName], [d0].[DesignationId], [d0].[DesignationName], [w].[WorkplaceId], [w].[Name] AS [WorkplaceName], (
    SELECT TOP(1) [a1].[Name]
    FROM [AspNetUserRoles] AS [a0]
    INNER JOIN [AspNetRoles] AS [a1] ON [a0].[RoleId] = [a1].[Id]
    WHERE [a0].[UserId] = [a].[Id]) AS [RoleName], [e].[ReportingEmployeeId] AS [ReportingManagerId], CASE
    WHEN [e0].[EmployeeId] IS NOT NULL THEN COALESCE([e0].[FirstName], N'') + N' ' + COALESCE([e0].[LastName], N'')
    ELSE N''
END AS [ReportingManagerName], [e].[IsActive], [e].[CreatedDate]
FROM [Employee] AS [e]
INNER JOIN [Department] AS [d] ON [e].[DepartmentId] = [d].[DepartmentId]
INNER JOIN [Designation] AS [d0] ON [e].[DesignationId] = [d0].[DesignationId]
INNER JOIN [Workplace] AS [w] ON [e].[WorkplaceId] = [w].[WorkplaceId]
INNER JOIN [AspNetUsers] AS [a] ON [e].[UserId] = [a].[Id]
LEFT JOIN [Employee] AS [e0] ON [e].[ReportingEmployeeId] = [e0].[EmployeeId]
WHERE [e].[IsActive] = CAST(1 AS bit)
[2026-08-04 01:58:41.412 +05:30  INF]  Executing OkObjectResult, writing value of type 'Crayon.Entity.Common.Result`1[[System.Collections.Generic.List`1[[Crayon.Entity.Dto.EmployeeResponse, Crayon.Entity, Version=1.0.0.0, Culture=neutral, PublicKeyToken=null]], System.Private.CoreLib, Version=10.0.0.0, Culture=neutral, PublicKeyToken=7cec85d7bea7798e]]'.
[2026-08-04 01:58:41.413 +05:30  INF]  Executed action Crayon.api.Controllers.EmployeeController.GetVisibleEmployees (Crayon.api) in 242.1316ms
[2026-08-04 01:58:41.414 +05:30  INF]  Executed endpoint 'Crayon.api.Controllers.EmployeeController.GetVisibleEmployees (Crayon.api)'
[2026-08-04 01:58:41.416 +05:30  INF]  Request finished HTTP/1.1 GET http://localhost:5278/api/Employee/GetVisibleEmployees - 200 null application/json; charset=utf-8 253.4668ms
[2026-08-04 01:58:47.228 +05:30  INF]  Request starting HTTP/1.1 GET http://localhost:5278/api/Department/GetAllDepartments - null null
[2026-08-04 01:58:47.230 +05:30  INF]  Executing endpoint 'Crayon.api.Controllers.DepartmentController.GetAllDepartments (Crayon.api)'
[2026-08-04 01:58:47.269 +05:30  INF]  Route matched with {action = "GetAllDepartments", controller = "Department"}. Executing controller action with signature System.Threading.Tasks.Task`1[Microsoft.AspNetCore.Mvc.IActionResult] GetAllDepartments() on controller Crayon.api.Controllers.DepartmentController (Crayon.api).
[2026-08-04 01:58:47.346 +05:30  INF]  Executed DbCommand (20ms) [Parameters=[], CommandType='"Text"', CommandTimeout='30']
SELECT [d].[DepartmentId], [d].[DepartmentName]
FROM [Department] AS [d]
WHERE [d].[IsActive] = CAST(1 AS bit)
[2026-08-04 01:58:47.353 +05:30  INF]  Executing OkObjectResult, writing value of type 'Crayon.Entity.Common.Result`1[[System.Collections.Generic.List`1[[Crayon.Entity.Dto.DepartmentResponse, Crayon.Entity, Version=1.0.0.0, Culture=neutral, PublicKeyToken=null]], System.Private.CoreLib, Version=10.0.0.0, Culture=neutral, PublicKeyToken=7cec85d7bea7798e]]'.
[2026-08-04 01:58:47.366 +05:30  INF]  Executed action Crayon.api.Controllers.DepartmentController.GetAllDepartments (Crayon.api) in 96.5264ms
[2026-08-04 01:58:47.366 +05:30  INF]  Executed endpoint 'Crayon.api.Controllers.DepartmentController.GetAllDepartments (Crayon.api)'
[2026-08-04 01:58:47.367 +05:30  INF]  Request finished HTTP/1.1 GET http://localhost:5278/api/Department/GetAllDepartments - 200 null application/json; charset=utf-8 140.7342ms
[2026-08-04 01:58:47.415 +05:30  INF]  Request starting HTTP/1.1 GET http://localhost:5278/api/Designation/GetAllDesignations - null null
[2026-08-04 01:58:47.418 +05:30  INF]  Executing endpoint 'Crayon.Api.Controllers.DesignationController.GetAllDesignations (Crayon.api)'
[2026-08-04 01:58:47.454 +05:30  INF]  Route matched with {action = "GetAllDesignations", controller = "Designation"}. Executing controller action with signature System.Threading.Tasks.Task`1[Microsoft.AspNetCore.Mvc.IActionResult] GetAllDesignations() on controller Crayon.Api.Controllers.DesignationController (Crayon.api).
[2026-08-04 01:58:47.519 +05:30  INF]  Executed DbCommand (16ms) [Parameters=[], CommandType='"Text"', CommandTimeout='30']
SELECT [d].[DesignationId], [d].[DesignationName]
FROM [Designation] AS [d]
WHERE [d].[IsActive] = CAST(1 AS bit)
[2026-08-04 01:58:47.525 +05:30  INF]  Executing OkObjectResult, writing value of type 'Crayon.Entity.Common.Result`1[[System.Collections.Generic.List`1[[Crayon.Entity.Dto.DesignationResponse, Crayon.Entity, Version=1.0.0.0, Culture=neutral, PublicKeyToken=null]], System.Private.CoreLib, Version=10.0.0.0, Culture=neutral, PublicKeyToken=7cec85d7bea7798e]]'.
[2026-08-04 01:58:47.545 +05:30  INF]  Executed action Crayon.Api.Controllers.DesignationController.GetAllDesignations (Crayon.api) in 90.4738ms
[2026-08-04 01:58:47.545 +05:30  INF]  Executed endpoint 'Crayon.Api.Controllers.DesignationController.GetAllDesignations (Crayon.api)'
[2026-08-04 01:58:47.549 +05:30  INF]  Request finished HTTP/1.1 GET http://localhost:5278/api/Designation/GetAllDesignations - 200 null application/json; charset=utf-8 130.966ms
[2026-08-04 01:58:47.601 +05:30  INF]  Request starting HTTP/1.1 GET http://localhost:5278/api/Workplace/GetAllWorkplaces - null null
[2026-08-04 01:58:47.604 +05:30  INF]  Executing endpoint 'Crayon.api.Controllers.WorkplaceController.GetAllWorkplaces (Crayon.api)'
[2026-08-04 01:58:47.663 +05:30  INF]  Route matched with {action = "GetAllWorkplaces", controller = "Workplace"}. Executing controller action with signature System.Threading.Tasks.Task`1[Microsoft.AspNetCore.Mvc.IActionResult] GetAllWorkplaces() on controller Crayon.api.Controllers.WorkplaceController (Crayon.api).
[2026-08-04 01:58:47.750 +05:30  INF]  Executed DbCommand (12ms) [Parameters=[], CommandType='"Text"', CommandTimeout='30']
SELECT [w].[WorkplaceId], [w].[Name], [w].[Address]
FROM [Workplace] AS [w]
WHERE [w].[IsActive] = CAST(1 AS bit)
[2026-08-04 01:58:47.757 +05:30  INF]  Executing OkObjectResult, writing value of type 'Crayon.Entity.Common.Result`1[[System.Collections.Generic.List`1[[Crayon.Entity.Dto.WorkplaceResponse, Crayon.Entity, Version=1.0.0.0, Culture=neutral, PublicKeyToken=null]], System.Private.CoreLib, Version=10.0.0.0, Culture=neutral, PublicKeyToken=7cec85d7bea7798e]]'.
[2026-08-04 01:58:47.785 +05:30  INF]  Executed action Crayon.api.Controllers.WorkplaceController.GetAllWorkplaces (Crayon.api) in 119.3668ms
[2026-08-04 01:58:47.785 +05:30  INF]  Executed endpoint 'Crayon.api.Controllers.WorkplaceController.GetAllWorkplaces (Crayon.api)'
[2026-08-04 01:58:47.786 +05:30  INF]  Request finished HTTP/1.1 GET http://localhost:5278/api/Workplace/GetAllWorkplaces - 200 null application/json; charset=utf-8 185.5972ms
[2026-08-04 01:58:47.835 +05:30  INF]  Request starting HTTP/1.1 GET http://localhost:5278/api/Employee/GetAllEmployees - null null
[2026-08-04 01:58:47.837 +05:30  INF]  Executing endpoint 'Crayon.api.Controllers.EmployeeController.GetAllEmployees (Crayon.api)'
[2026-08-04 01:58:47.879 +05:30  INF]  Route matched with {action = "GetAllEmployees", controller = "Employee"}. Executing controller action with signature System.Threading.Tasks.Task`1[Microsoft.AspNetCore.Mvc.IActionResult] GetAllEmployees() on controller Crayon.api.Controllers.EmployeeController (Crayon.api).
[2026-08-04 01:58:47.891 +05:30  INF]  Fetching All Employees
[2026-08-04 01:58:48.104 +05:30  INF]  Executed DbCommand (104ms) [Parameters=[], CommandType='"Text"', CommandTimeout='30']
SELECT [e].[EmployeeId], [e].[UserId], [e].[EmployeeCode], [e].[FirstName], [e].[LastName], [e].[FirstName] + N' ' + [e].[LastName] AS [FullName], [a].[Email], [e].[PhoneNumber], [d].[DepartmentId], [d].[DepartmentName], [d0].[DesignationId], [d0].[DesignationName], [w].[WorkplaceId], [w].[Name] AS [WorkplaceName], (
    SELECT TOP(1) [a1].[Name]
    FROM [AspNetUserRoles] AS [a0]
    INNER JOIN [AspNetRoles] AS [a1] ON [a0].[RoleId] = [a1].[Id]
    WHERE [a0].[UserId] = [a].[Id]) AS [RoleName], [e].[ReportingEmployeeId] AS [ReportingManagerId], CASE
    WHEN [e0].[EmployeeId] IS NOT NULL THEN COALESCE([e0].[FirstName], N'') + N' ' + COALESCE([e0].[LastName], N'')
    ELSE N''
END AS [ReportingManagerName], [e].[IsActive], [e].[CreatedDate]
FROM [Employee] AS [e]
INNER JOIN [Department] AS [d] ON [e].[DepartmentId] = [d].[DepartmentId]
INNER JOIN [Designation] AS [d0] ON [e].[DesignationId] = [d0].[DesignationId]
INNER JOIN [Workplace] AS [w] ON [e].[WorkplaceId] = [w].[WorkplaceId]
INNER JOIN [AspNetUsers] AS [a] ON [e].[UserId] = [a].[Id]
LEFT JOIN [Employee] AS [e0] ON [e].[ReportingEmployeeId] = [e0].[EmployeeId]
WHERE [e].[IsActive] = CAST(1 AS bit)
[2026-08-04 01:58:48.106 +05:30  INF]  Executing OkObjectResult, writing value of type 'Crayon.Entity.Common.Result`1[[System.Collections.Generic.List`1[[Crayon.Entity.Dto.EmployeeResponse, Crayon.Entity, Version=1.0.0.0, Culture=neutral, PublicKeyToken=null]], System.Private.CoreLib, Version=10.0.0.0, Culture=neutral, PublicKeyToken=7cec85d7bea7798e]]'.
[2026-08-04 01:58:48.107 +05:30  INF]  Executed action Crayon.api.Controllers.EmployeeController.GetAllEmployees (Crayon.api) in 227.8886ms
[2026-08-04 01:58:48.108 +05:30  INF]  Executed endpoint 'Crayon.api.Controllers.EmployeeController.GetAllEmployees (Crayon.api)'
[2026-08-04 01:58:48.109 +05:30  INF]  Request finished HTTP/1.1 GET http://localhost:5278/api/Employee/GetAllEmployees - 200 null application/json; charset=utf-8 273.7444ms
[2026-08-04 01:58:48.138 +05:30  INF]  Request starting HTTP/1.1 GET http://localhost:5278/api/Employee/GetAllRoles - null null
[2026-08-04 01:58:48.142 +05:30  INF]  Executing endpoint 'Crayon.api.Controllers.EmployeeController.GetAllRoles (Crayon.api)'
[2026-08-04 01:58:48.182 +05:30  INF]  Route matched with {action = "GetAllRoles", controller = "Employee"}. Executing controller action with signature System.Threading.Tasks.Task`1[Microsoft.AspNetCore.Mvc.IActionResult] GetAllRoles() on controller Crayon.api.Controllers.EmployeeController (Crayon.api).
[2026-08-04 01:58:48.217 +05:30  INF]  Executed DbCommand (11ms) [Parameters=[], CommandType='"Text"', CommandTimeout='30']
SELECT [a].[Name]
FROM [AspNetRoles] AS [a]
[2026-08-04 01:58:48.219 +05:30  INF]  Executing OkObjectResult, writing value of type 'System.Collections.Generic.List`1[[System.String, System.Private.CoreLib, Version=10.0.0.0, Culture=neutral, PublicKeyToken=7cec85d7bea7798e]]'.
[2026-08-04 01:58:48.246 +05:30  INF]  Executed action Crayon.api.Controllers.EmployeeController.GetAllRoles (Crayon.api) in 63.1363ms
[2026-08-04 01:58:48.246 +05:30  INF]  Executed endpoint 'Crayon.api.Controllers.EmployeeController.GetAllRoles (Crayon.api)'
[2026-08-04 01:58:48.246 +05:30  INF]  Request finished HTTP/1.1 GET http://localhost:5278/api/Employee/GetAllRoles - 200 null application/json; charset=utf-8 108.3237ms
[2026-08-04 01:58:54.697 +05:30  INF]  Request starting HTTP/1.1 GET http://localhost:5278/api/Department/GetAllDepartments - null null
[2026-08-04 01:58:54.703 +05:30  INF]  Executing endpoint 'Crayon.api.Controllers.DepartmentController.GetAllDepartments (Crayon.api)'
[2026-08-04 01:58:54.704 +05:30  INF]  Route matched with {action = "GetAllDepartments", controller = "Department"}. Executing controller action with signature System.Threading.Tasks.Task`1[Microsoft.AspNetCore.Mvc.IActionResult] GetAllDepartments() on controller Crayon.api.Controllers.DepartmentController (Crayon.api).
[2026-08-04 01:58:54.721 +05:30  INF]  Executed DbCommand (8ms) [Parameters=[], CommandType='"Text"', CommandTimeout='30']
SELECT [d].[DepartmentId], [d].[DepartmentName]
FROM [Department] AS [d]
WHERE [d].[IsActive] = CAST(1 AS bit)
[2026-08-04 01:58:54.722 +05:30  INF]  Executing OkObjectResult, writing value of type 'Crayon.Entity.Common.Result`1[[System.Collections.Generic.List`1[[Crayon.Entity.Dto.DepartmentResponse, Crayon.Entity, Version=1.0.0.0, Culture=neutral, PublicKeyToken=null]], System.Private.CoreLib, Version=10.0.0.0, Culture=neutral, PublicKeyToken=7cec85d7bea7798e]]'.
[2026-08-04 01:58:54.723 +05:30  INF]  Executed action Crayon.api.Controllers.DepartmentController.GetAllDepartments (Crayon.api) in 19.0078ms
[2026-08-04 01:58:54.724 +05:30  INF]  Executed endpoint 'Crayon.api.Controllers.DepartmentController.GetAllDepartments (Crayon.api)'
[2026-08-04 01:58:54.725 +05:30  INF]  Request finished HTTP/1.1 GET http://localhost:5278/api/Department/GetAllDepartments - 200 null application/json; charset=utf-8 28.2858ms
[2026-08-04 01:59:00.580 +05:30  INF]  Request starting HTTP/1.1 GET http://localhost:5278/api/Employee/GetVisibleEmployees - null null
[2026-08-04 01:59:00.582 +05:30  INF]  Executing endpoint 'Crayon.api.Controllers.EmployeeController.GetVisibleEmployees (Crayon.api)'
[2026-08-04 01:59:00.583 +05:30  INF]  Route matched with {action = "GetVisibleEmployees", controller = "Employee"}. Executing controller action with signature System.Threading.Tasks.Task`1[Microsoft.AspNetCore.Mvc.IActionResult] GetVisibleEmployees() on controller Crayon.api.Controllers.EmployeeController (Crayon.api).
[2026-08-04 01:59:00.606 +05:30  INF]  Executed DbCommand (14ms) [Parameters=[@userId='?' (Size = 450)], CommandType='"Text"', CommandTimeout='30']
SELECT TOP(1) [e].[EmployeeId], [e].[CreatedDate], [e].[DepartmentId], [e].[DesignationId], [e].[EmployeeCode], [e].[FirstName], [e].[IsActive], [e].[LastName], [e].[PhoneNumber], [e].[ReportingEmployeeId], [e].[ReportingToEmployeeId], [e].[UserId], [e].[WorkplaceId]
FROM [Employee] AS [e]
WHERE [e].[UserId] = @userId
[2026-08-04 01:59:00.718 +05:30  INF]  Executed DbCommand (104ms) [Parameters=[], CommandType='"Text"', CommandTimeout='30']
SELECT [e].[EmployeeId], [e].[UserId], [e].[EmployeeCode], [e].[FirstName], [e].[LastName], [e].[FirstName] + N' ' + [e].[LastName] AS [FullName], [a].[Email], [e].[PhoneNumber], [d].[DepartmentId], [d].[DepartmentName], [d0].[DesignationId], [d0].[DesignationName], [w].[WorkplaceId], [w].[Name] AS [WorkplaceName], (
    SELECT TOP(1) [a1].[Name]
    FROM [AspNetUserRoles] AS [a0]
    INNER JOIN [AspNetRoles] AS [a1] ON [a0].[RoleId] = [a1].[Id]
    WHERE [a0].[UserId] = [a].[Id]) AS [RoleName], [e].[ReportingEmployeeId] AS [ReportingManagerId], CASE
    WHEN [e0].[EmployeeId] IS NOT NULL THEN COALESCE([e0].[FirstName], N'') + N' ' + COALESCE([e0].[LastName], N'')
    ELSE N''
END AS [ReportingManagerName], [e].[IsActive], [e].[CreatedDate]
FROM [Employee] AS [e]
INNER JOIN [Department] AS [d] ON [e].[DepartmentId] = [d].[DepartmentId]
INNER JOIN [Designation] AS [d0] ON [e].[DesignationId] = [d0].[DesignationId]
INNER JOIN [Workplace] AS [w] ON [e].[WorkplaceId] = [w].[WorkplaceId]
INNER JOIN [AspNetUsers] AS [a] ON [e].[UserId] = [a].[Id]
LEFT JOIN [Employee] AS [e0] ON [e].[ReportingEmployeeId] = [e0].[EmployeeId]
WHERE [e].[IsActive] = CAST(1 AS bit)
[2026-08-04 01:59:00.719 +05:30  INF]  Executing OkObjectResult, writing value of type 'Crayon.Entity.Common.Result`1[[System.Collections.Generic.List`1[[Crayon.Entity.Dto.EmployeeResponse, Crayon.Entity, Version=1.0.0.0, Culture=neutral, PublicKeyToken=null]], System.Private.CoreLib, Version=10.0.0.0, Culture=neutral, PublicKeyToken=7cec85d7bea7798e]]'.
[2026-08-04 01:59:00.719 +05:30  INF]  Executed action Crayon.api.Controllers.EmployeeController.GetVisibleEmployees (Crayon.api) in 133.7066ms
[2026-08-04 01:59:00.720 +05:30  INF]  Executed endpoint 'Crayon.api.Controllers.EmployeeController.GetVisibleEmployees (Crayon.api)'
[2026-08-04 01:59:00.721 +05:30  INF]  Request finished HTTP/1.1 GET http://localhost:5278/api/Employee/GetVisibleEmployees - 200 null application/json; charset=utf-8 140.9488ms
[2026-08-04 01:59:00.833 +05:30  INF]  Request starting HTTP/1.1 GET http://localhost:5278/api/Employee/GetVisibleEmployees - null null
[2026-08-04 01:59:00.834 +05:30  INF]  Executing endpoint 'Crayon.api.Controllers.EmployeeController.GetVisibleEmployees (Crayon.api)'
[2026-08-04 01:59:00.835 +05:30  INF]  Route matched with {action = "GetVisibleEmployees", controller = "Employee"}. Executing controller action with signature System.Threading.Tasks.Task`1[Microsoft.AspNetCore.Mvc.IActionResult] GetVisibleEmployees() on controller Crayon.api.Controllers.EmployeeController (Crayon.api).
[2026-08-04 01:59:00.851 +05:30  INF]  Executed DbCommand (10ms) [Parameters=[@userId='?' (Size = 450)], CommandType='"Text"', CommandTimeout='30']
SELECT TOP(1) [e].[EmployeeId], [e].[CreatedDate], [e].[DepartmentId], [e].[DesignationId], [e].[EmployeeCode], [e].[FirstName], [e].[IsActive], [e].[LastName], [e].[PhoneNumber], [e].[ReportingEmployeeId], [e].[ReportingToEmployeeId], [e].[UserId], [e].[WorkplaceId]
FROM [Employee] AS [e]
WHERE [e].[UserId] = @userId
[2026-08-04 01:59:00.975 +05:30  INF]  Executed DbCommand (116ms) [Parameters=[], CommandType='"Text"', CommandTimeout='30']
SELECT [e].[EmployeeId], [e].[UserId], [e].[EmployeeCode], [e].[FirstName], [e].[LastName], [e].[FirstName] + N' ' + [e].[LastName] AS [FullName], [a].[Email], [e].[PhoneNumber], [d].[DepartmentId], [d].[DepartmentName], [d0].[DesignationId], [d0].[DesignationName], [w].[WorkplaceId], [w].[Name] AS [WorkplaceName], (
    SELECT TOP(1) [a1].[Name]
    FROM [AspNetUserRoles] AS [a0]
    INNER JOIN [AspNetRoles] AS [a1] ON [a0].[RoleId] = [a1].[Id]
    WHERE [a0].[UserId] = [a].[Id]) AS [RoleName], [e].[ReportingEmployeeId] AS [ReportingManagerId], CASE
    WHEN [e0].[EmployeeId] IS NOT NULL THEN COALESCE([e0].[FirstName], N'') + N' ' + COALESCE([e0].[LastName], N'')
    ELSE N''
END AS [ReportingManagerName], [e].[IsActive], [e].[CreatedDate]
FROM [Employee] AS [e]
INNER JOIN [Department] AS [d] ON [e].[DepartmentId] = [d].[DepartmentId]
INNER JOIN [Designation] AS [d0] ON [e].[DesignationId] = [d0].[DesignationId]
INNER JOIN [Workplace] AS [w] ON [e].[WorkplaceId] = [w].[WorkplaceId]
INNER JOIN [AspNetUsers] AS [a] ON [e].[UserId] = [a].[Id]
LEFT JOIN [Employee] AS [e0] ON [e].[ReportingEmployeeId] = [e0].[EmployeeId]
WHERE [e].[IsActive] = CAST(1 AS bit)
[2026-08-04 01:59:00.976 +05:30  INF]  Executing OkObjectResult, writing value of type 'Crayon.Entity.Common.Result`1[[System.Collections.Generic.List`1[[Crayon.Entity.Dto.EmployeeResponse, Crayon.Entity, Version=1.0.0.0, Culture=neutral, PublicKeyToken=null]], System.Private.CoreLib, Version=10.0.0.0, Culture=neutral, PublicKeyToken=7cec85d7bea7798e]]'.
[2026-08-04 01:59:00.978 +05:30  INF]  Executed action Crayon.api.Controllers.EmployeeController.GetVisibleEmployees (Crayon.api) in 142.6257ms
[2026-08-04 01:59:00.978 +05:30  INF]  Executed endpoint 'Crayon.api.Controllers.EmployeeController.GetVisibleEmployees (Crayon.api)'
[2026-08-04 01:59:00.978 +05:30  INF]  Request finished HTTP/1.1 GET http://localhost:5278/api/Employee/GetVisibleEmployees - 200 null application/json; charset=utf-8 145.5413ms
[2026-08-04 01:59:13.920 +05:30  INF]  Request starting HTTP/1.1 GET http://localhost:5278/api/Department/GetAllDepartments - null null
[2026-08-04 01:59:13.921 +05:30  INF]  Executing endpoint 'Crayon.api.Controllers.DepartmentController.GetAllDepartments (Crayon.api)'
[2026-08-04 01:59:13.921 +05:30  INF]  Route matched with {action = "GetAllDepartments", controller = "Department"}. Executing controller action with signature System.Threading.Tasks.Task`1[Microsoft.AspNetCore.Mvc.IActionResult] GetAllDepartments() on controller Crayon.api.Controllers.DepartmentController (Crayon.api).
[2026-08-04 01:59:13.946 +05:30  INF]  Executed DbCommand (12ms) [Parameters=[], CommandType='"Text"', CommandTimeout='30']
SELECT [d].[DepartmentId], [d].[DepartmentName]
FROM [Department] AS [d]
WHERE [d].[IsActive] = CAST(1 AS bit)
[2026-08-04 01:59:13.947 +05:30  INF]  Executing OkObjectResult, writing value of type 'Crayon.Entity.Common.Result`1[[System.Collections.Generic.List`1[[Crayon.Entity.Dto.DepartmentResponse, Crayon.Entity, Version=1.0.0.0, Culture=neutral, PublicKeyToken=null]], System.Private.CoreLib, Version=10.0.0.0, Culture=neutral, PublicKeyToken=7cec85d7bea7798e]]'.
[2026-08-04 01:59:13.948 +05:30  INF]  Executed action Crayon.api.Controllers.DepartmentController.GetAllDepartments (Crayon.api) in 25.9908ms
[2026-08-04 01:59:13.948 +05:30  INF]  Executed endpoint 'Crayon.api.Controllers.DepartmentController.GetAllDepartments (Crayon.api)'
[2026-08-04 01:59:13.948 +05:30  INF]  Request finished HTTP/1.1 GET http://localhost:5278/api/Department/GetAllDepartments - 200 null application/json; charset=utf-8 28.9415ms
[2026-08-04 01:59:17.620 +05:30  INF]  Request starting HTTP/1.1 GET http://localhost:5278/api/Designation/GetAllDesignations - null null
[2026-08-04 01:59:17.626 +05:30  INF]  Executing endpoint 'Crayon.Api.Controllers.DesignationController.GetAllDesignations (Crayon.api)'
[2026-08-04 01:59:17.626 +05:30  INF]  Route matched with {action = "GetAllDesignations", controller = "Designation"}. Executing controller action with signature System.Threading.Tasks.Task`1[Microsoft.AspNetCore.Mvc.IActionResult] GetAllDesignations() on controller Crayon.Api.Controllers.DesignationController (Crayon.api).
[2026-08-04 01:59:17.648 +05:30  INF]  Executed DbCommand (12ms) [Parameters=[], CommandType='"Text"', CommandTimeout='30']
SELECT [d].[DesignationId], [d].[DesignationName]
FROM [Designation] AS [d]
WHERE [d].[IsActive] = CAST(1 AS bit)
[2026-08-04 01:59:17.649 +05:30  INF]  Executing OkObjectResult, writing value of type 'Crayon.Entity.Common.Result`1[[System.Collections.Generic.List`1[[Crayon.Entity.Dto.DesignationResponse, Crayon.Entity, Version=1.0.0.0, Culture=neutral, PublicKeyToken=null]], System.Private.CoreLib, Version=10.0.0.0, Culture=neutral, PublicKeyToken=7cec85d7bea7798e]]'.
[2026-08-04 01:59:17.650 +05:30  INF]  Executed action Crayon.Api.Controllers.DesignationController.GetAllDesignations (Crayon.api) in 23.0331ms
[2026-08-04 01:59:17.650 +05:30  INF]  Executed endpoint 'Crayon.Api.Controllers.DesignationController.GetAllDesignations (Crayon.api)'
[2026-08-04 01:59:17.652 +05:30  INF]  Request finished HTTP/1.1 GET http://localhost:5278/api/Designation/GetAllDesignations - 200 null application/json; charset=utf-8 31.5644ms
[2026-08-04 01:59:21.432 +05:30  INF]  Request starting HTTP/1.1 GET http://localhost:5278/api/Workplace/GetAllWorkplaces - null null
[2026-08-04 01:59:21.439 +05:30  INF]  Executing endpoint 'Crayon.api.Controllers.WorkplaceController.GetAllWorkplaces (Crayon.api)'
[2026-08-04 01:59:21.439 +05:30  INF]  Route matched with {action = "GetAllWorkplaces", controller = "Workplace"}. Executing controller action with signature System.Threading.Tasks.Task`1[Microsoft.AspNetCore.Mvc.IActionResult] GetAllWorkplaces() on controller Crayon.api.Controllers.WorkplaceController (Crayon.api).
[2026-08-04 01:59:21.454 +05:30  INF]  Executed DbCommand (8ms) [Parameters=[], CommandType='"Text"', CommandTimeout='30']
SELECT [w].[WorkplaceId], [w].[Name], [w].[Address]
FROM [Workplace] AS [w]
WHERE [w].[IsActive] = CAST(1 AS bit)
[2026-08-04 01:59:21.455 +05:30  INF]  Executing OkObjectResult, writing value of type 'Crayon.Entity.Common.Result`1[[System.Collections.Generic.List`1[[Crayon.Entity.Dto.WorkplaceResponse, Crayon.Entity, Version=1.0.0.0, Culture=neutral, PublicKeyToken=null]], System.Private.CoreLib, Version=10.0.0.0, Culture=neutral, PublicKeyToken=7cec85d7bea7798e]]'.
[2026-08-04 01:59:21.456 +05:30  INF]  Executed action Crayon.api.Controllers.WorkplaceController.GetAllWorkplaces (Crayon.api) in 15.9328ms
[2026-08-04 01:59:21.456 +05:30  INF]  Executed endpoint 'Crayon.api.Controllers.WorkplaceController.GetAllWorkplaces (Crayon.api)'
[2026-08-04 01:59:21.456 +05:30  INF]  Request finished HTTP/1.1 GET http://localhost:5278/api/Workplace/GetAllWorkplaces - 200 null application/json; charset=utf-8 24.0982ms
[2026-08-04 01:59:23.843 +05:30  INF]  Request starting HTTP/1.1 GET http://localhost:5278/api/Holiday/GetAllHolidays - null null
[2026-08-04 01:59:23.849 +05:30  INF]  Executing endpoint 'Crayon.Api.Controllers.HolidayController.GetAllHolidays (Crayon.api)'
[2026-08-04 01:59:23.852 +05:30  INF]  Route matched with {action = "GetAllHolidays", controller = "Holiday"}. Executing controller action with signature System.Threading.Tasks.Task`1[Microsoft.AspNetCore.Mvc.IActionResult] GetAllHolidays() on controller Crayon.Api.Controllers.HolidayController (Crayon.api).
[2026-08-04 01:59:23.868 +05:30  INF]  Executed DbCommand (8ms) [Parameters=[], CommandType='"Text"', CommandTimeout='30']
SELECT [h].[HolidayId], [h].[HolidayName], [h].[HolidayDate], [h].[Country]
FROM [Holiday] AS [h]
[2026-08-04 01:59:23.870 +05:30  INF]  Executing OkObjectResult, writing value of type 'Crayon.Entity.Common.Result`1[[System.Collections.Generic.List`1[[Crayon.Entity.Dto.HolidayResponse, Crayon.Entity, Version=1.0.0.0, Culture=neutral, PublicKeyToken=null]], System.Private.CoreLib, Version=10.0.0.0, Culture=neutral, PublicKeyToken=7cec85d7bea7798e]]'.
[2026-08-04 01:59:23.871 +05:30  INF]  Executed action Crayon.Api.Controllers.HolidayController.GetAllHolidays (Crayon.api) in 18.4352ms
[2026-08-04 01:59:23.871 +05:30  INF]  Executed endpoint 'Crayon.Api.Controllers.HolidayController.GetAllHolidays (Crayon.api)'
[2026-08-04 01:59:23.872 +05:30  INF]  Request finished HTTP/1.1 GET http://localhost:5278/api/Holiday/GetAllHolidays - 200 null application/json; charset=utf-8 29.1761ms
[2026-08-04 01:59:31.506 +05:30  INF]  Request starting HTTP/1.1 GET http://localhost:5278/api/Holiday/GetHolidayById/1 - null null
[2026-08-04 01:59:31.512 +05:30  INF]  Executing endpoint 'Crayon.Api.Controllers.HolidayController.GetHolidayById (Crayon.api)'
[2026-08-04 01:59:31.577 +05:30  INF]  Route matched with {action = "GetHolidayById", controller = "Holiday"}. Executing controller action with signature System.Threading.Tasks.Task`1[Microsoft.AspNetCore.Mvc.IActionResult] GetHolidayById(Int32) on controller Crayon.Api.Controllers.HolidayController (Crayon.api).
[2026-08-04 01:59:31.663 +05:30  INF]  Executed DbCommand (12ms) [Parameters=[@holidayId='?' (DbType = Int32)], CommandType='"Text"', CommandTimeout='30']
SELECT TOP(1) [h].[HolidayId], [h].[HolidayName], [h].[HolidayDate], [h].[Country]
FROM [Holiday] AS [h]
WHERE [h].[HolidayId] = @holidayId
[2026-08-04 01:59:31.665 +05:30  INF]  Executing OkObjectResult, writing value of type 'Crayon.Entity.Common.Result`1[[Crayon.Entity.Dto.HolidayResponse, Crayon.Entity, Version=1.0.0.0, Culture=neutral, PublicKeyToken=null]]'.
[2026-08-04 01:59:31.672 +05:30  INF]  Executed action Crayon.Api.Controllers.HolidayController.GetHolidayById (Crayon.api) in 94.8354ms
[2026-08-04 01:59:31.672 +05:30  INF]  Executed endpoint 'Crayon.Api.Controllers.HolidayController.GetHolidayById (Crayon.api)'
[2026-08-04 01:59:31.674 +05:30  INF]  Request finished HTTP/1.1 GET http://localhost:5278/api/Holiday/GetHolidayById/1 - 200 null application/json; charset=utf-8 167.6639ms
[2026-08-04 01:59:35.814 +05:30  INF]  Request starting HTTP/1.1 GET http://localhost:5278/api/Holiday/GetAllHolidays - null null
[2026-08-04 01:59:35.817 +05:30  INF]  Executing endpoint 'Crayon.Api.Controllers.HolidayController.GetAllHolidays (Crayon.api)'
[2026-08-04 01:59:35.817 +05:30  INF]  Route matched with {action = "GetAllHolidays", controller = "Holiday"}. Executing controller action with signature System.Threading.Tasks.Task`1[Microsoft.AspNetCore.Mvc.IActionResult] GetAllHolidays() on controller Crayon.Api.Controllers.HolidayController (Crayon.api).
[2026-08-04 01:59:35.841 +05:30  INF]  Executed DbCommand (7ms) [Parameters=[], CommandType='"Text"', CommandTimeout='30']
SELECT [h].[HolidayId], [h].[HolidayName], [h].[HolidayDate], [h].[Country]
FROM [Holiday] AS [h]
[2026-08-04 01:59:35.842 +05:30  INF]  Executing OkObjectResult, writing value of type 'Crayon.Entity.Common.Result`1[[System.Collections.Generic.List`1[[Crayon.Entity.Dto.HolidayResponse, Crayon.Entity, Version=1.0.0.0, Culture=neutral, PublicKeyToken=null]], System.Private.CoreLib, Version=10.0.0.0, Culture=neutral, PublicKeyToken=7cec85d7bea7798e]]'.
[2026-08-04 01:59:35.842 +05:30  INF]  Executed action Crayon.Api.Controllers.HolidayController.GetAllHolidays (Crayon.api) in 24.5095ms
[2026-08-04 01:59:35.842 +05:30  INF]  Executed endpoint 'Crayon.Api.Controllers.HolidayController.GetAllHolidays (Crayon.api)'
[2026-08-04 01:59:35.845 +05:30  INF]  Request finished HTTP/1.1 GET http://localhost:5278/api/Holiday/GetAllHolidays - 200 null application/json; charset=utf-8 31.6747ms
[2026-08-04 01:59:37.874 +05:30  INF]  Request starting HTTP/1.1 GET http://localhost:5278/api/LeaveType/GetAllLeaveTypes - null null
[2026-08-04 01:59:37.876 +05:30  INF]  Executing endpoint 'Crayon.Api.Controllers.LeaveTypeController.GetAllLeaveTypes (Crayon.api)'
[2026-08-04 01:59:37.922 +05:30  INF]  Route matched with {action = "GetAllLeaveTypes", controller = "LeaveType"}. Executing controller action with signature System.Threading.Tasks.Task`1[Microsoft.AspNetCore.Mvc.IActionResult] GetAllLeaveTypes() on controller Crayon.Api.Controllers.LeaveTypeController (Crayon.api).
[2026-08-04 01:59:37.971 +05:30  INF]  Executed DbCommand (12ms) [Parameters=[], CommandType='"Text"', CommandTimeout='30']
SELECT [l].[LeaveTypeId], [l].[LeaveName], [l].[DefaultDays]
FROM [LeaveType] AS [l]
WHERE [l].[IsActive] = CAST(1 AS bit)
[2026-08-04 01:59:37.977 +05:30  INF]  Executing OkObjectResult, writing value of type 'Crayon.Entity.Common.Result`1[[System.Collections.Generic.List`1[[Crayon.Entity.Dto.LeaveTypeResponse, Crayon.Entity, Version=1.0.0.0, Culture=neutral, PublicKeyToken=null]], System.Private.CoreLib, Version=10.0.0.0, Culture=neutral, PublicKeyToken=7cec85d7bea7798e]]'.
[2026-08-04 01:59:37.993 +05:30  INF]  Executed action Crayon.Api.Controllers.LeaveTypeController.GetAllLeaveTypes (Crayon.api) in 70.9363ms
[2026-08-04 01:59:37.994 +05:30  INF]  Executed endpoint 'Crayon.Api.Controllers.LeaveTypeController.GetAllLeaveTypes (Crayon.api)'
[2026-08-04 01:59:37.994 +05:30  INF]  Request finished HTTP/1.1 GET http://localhost:5278/api/LeaveType/GetAllLeaveTypes - 200 null application/json; charset=utf-8 120.5861ms
[2026-08-04 01:59:42.663 +05:30  INF]  Request starting HTTP/1.1 GET http://localhost:5278/api/LeaveBalance/GetAllLeaveBalances - null null
[2026-08-04 01:59:42.665 +05:30  INF]  Executing endpoint 'Crayon.Api.Controllers.LeaveBalanceController.GetAllLeaveBalances (Crayon.api)'
[2026-08-04 01:59:42.695 +05:30  INF]  Route matched with {action = "GetAllLeaveBalances", controller = "LeaveBalance"}. Executing controller action with signature System.Threading.Tasks.Task`1[Microsoft.AspNetCore.Mvc.IActionResult] GetAllLeaveBalances() on controller Crayon.Api.Controllers.LeaveBalanceController (Crayon.api).
[2026-08-04 01:59:42.788 +05:30  INF]  Executed DbCommand (30ms) [Parameters=[], CommandType='"Text"', CommandTimeout='30']
SELECT [l].[LeaveBalanceId], [e].[EmployeeId], [e].[FirstName] + N' ' + [e].[LastName] AS [EmployeeName], [l0].[LeaveTypeId], [l0].[LeaveName], [l].[AvailableDays]
FROM [LeaveBalance] AS [l]
INNER JOIN [Employee] AS [e] ON [l].[EmployeeId] = [e].[EmployeeId]
INNER JOIN [LeaveType] AS [l0] ON [l].[LeaveTypeId] = [l0].[LeaveTypeId]
[2026-08-04 01:59:42.795 +05:30  INF]  Executing OkObjectResult, writing value of type 'Crayon.Entity.Common.Result`1[[System.Collections.Generic.List`1[[Crayon.Entity.Dto.LeaveBalanceResponse, Crayon.Entity, Version=1.0.0.0, Culture=neutral, PublicKeyToken=null]], System.Private.CoreLib, Version=10.0.0.0, Culture=neutral, PublicKeyToken=7cec85d7bea7798e]]'.
[2026-08-04 01:59:42.823 +05:30  INF]  Executed action Crayon.Api.Controllers.LeaveBalanceController.GetAllLeaveBalances (Crayon.api) in 127.9167ms
[2026-08-04 01:59:42.823 +05:30  INF]  Executed endpoint 'Crayon.Api.Controllers.LeaveBalanceController.GetAllLeaveBalances (Crayon.api)'
[2026-08-04 01:59:42.824 +05:30  INF]  Request finished HTTP/1.1 GET http://localhost:5278/api/LeaveBalance/GetAllLeaveBalances - 200 null application/json; charset=utf-8 161.4173ms
[2026-08-04 02:00:21.127 +05:30  INF]  Request starting HTTP/1.1 GET http://localhost:5278/api/Attendance/GetAllAttendance - null null
[2026-08-04 02:00:21.128 +05:30  INF]  Executing endpoint 'Crayon.Api.Controllers.AttendanceController.GetAllAttendance (Crayon.api)'
[2026-08-04 02:00:21.128 +05:30  INF]  Route matched with {action = "GetAllAttendance", controller = "Attendance"}. Executing controller action with signature System.Threading.Tasks.Task`1[Microsoft.AspNetCore.Mvc.IActionResult] GetAllAttendance() on controller Crayon.Api.Controllers.AttendanceController (Crayon.api).
[2026-08-04 02:00:21.166 +05:30  INF]  Executed DbCommand (14ms) [Parameters=[], CommandType='"Text"', CommandTimeout='30']
SELECT [a].[AttendanceId], [e].[EmployeeId], [e].[FirstName] + N' ' + [e].[LastName] AS [EmployeeName], [a].[AttendanceDate], [a].[CheckInTime], [a].[CheckOutTime], [a].[HoursWorked], [a].[AttendanceStatus], [a].[IsApproved]
FROM [Attendance] AS [a]
INNER JOIN [Employee] AS [e] ON [a].[EmployeeId] = [e].[EmployeeId]
[2026-08-04 02:00:21.168 +05:30  INF]  Executing OkObjectResult, writing value of type 'Crayon.Entity.Common.Result`1[[System.Collections.Generic.List`1[[Crayon.Entity.Dto.AttendanceResponse, Crayon.Entity, Version=1.0.0.0, Culture=neutral, PublicKeyToken=null]], System.Private.CoreLib, Version=10.0.0.0, Culture=neutral, PublicKeyToken=7cec85d7bea7798e]]'.
[2026-08-04 02:00:21.169 +05:30  INF]  Executed action Crayon.Api.Controllers.AttendanceController.GetAllAttendance (Crayon.api) in 40.1246ms
[2026-08-04 02:00:21.169 +05:30  INF]  Executed endpoint 'Crayon.Api.Controllers.AttendanceController.GetAllAttendance (Crayon.api)'
[2026-08-04 02:00:21.170 +05:30  INF]  Request finished HTTP/1.1 GET http://localhost:5278/api/Attendance/GetAllAttendance - 200 null application/json; charset=utf-8 43.4455ms
[2026-08-04 02:00:28.289 +05:30  INF]  Request starting HTTP/1.1 GET http://localhost:5278/api/LeaveApplication/GetAllLeaveApplications - null null
[2026-08-04 02:00:28.291 +05:30  INF]  Executing endpoint 'Crayon.api.Controllers.LeaveApplicationController.GetAllLeaveApplications (Crayon.api)'
[2026-08-04 02:00:28.335 +05:30  INF]  Route matched with {action = "GetAllLeaveApplications", controller = "LeaveApplication"}. Executing controller action with signature System.Threading.Tasks.Task`1[Microsoft.AspNetCore.Mvc.IActionResult] GetAllLeaveApplications() on controller Crayon.api.Controllers.LeaveApplicationController (Crayon.api).
[2026-08-04 02:00:28.430 +05:30  INF]  Executed DbCommand (22ms) [Parameters=[], CommandType='"Text"', CommandTimeout='30']
SELECT [l].[LeaveApplicationId], [e].[FirstName] + N' ' + [e].[LastName] AS [EmployeeName], [l0].[LeaveName], [l].[FromDate], [l].[ToDate], [l].[TotalDays], [l].[Reason], [l].[Status], [l].[AppliedDate]
FROM [LeaveApplication] AS [l]
INNER JOIN [Employee] AS [e] ON [l].[EmployeeId] = [e].[EmployeeId]
INNER JOIN [LeaveType] AS [l0] ON [l].[LeaveTypeId] = [l0].[LeaveTypeId]
[2026-08-04 02:00:28.437 +05:30  INF]  Executing OkObjectResult, writing value of type 'Crayon.Entity.Common.Result`1[[System.Collections.Generic.List`1[[Crayon.Entity.Dto.LeaveApplicationResponse, Crayon.Entity, Version=1.0.0.0, Culture=neutral, PublicKeyToken=null]], System.Private.CoreLib, Version=10.0.0.0, Culture=neutral, PublicKeyToken=7cec85d7bea7798e]]'.
[2026-08-04 02:00:28.462 +05:30  INF]  Executed action Crayon.api.Controllers.LeaveApplicationController.GetAllLeaveApplications (Crayon.api) in 126.7647ms
[2026-08-04 02:00:28.463 +05:30  INF]  Executed endpoint 'Crayon.api.Controllers.LeaveApplicationController.GetAllLeaveApplications (Crayon.api)'
[2026-08-04 02:00:28.463 +05:30  INF]  Request finished HTTP/1.1 GET http://localhost:5278/api/LeaveApplication/GetAllLeaveApplications - 200 null application/json; charset=utf-8 174.0778ms
[2026-08-04 02:00:34.253 +05:30  INF]  Request starting HTTP/1.1 GET http://localhost:5278/api/Employee/GetMyTeam/7dffca74-72f7-4d73-933b-d0bc51b7e209 - null null
[2026-08-04 02:00:34.255 +05:30  INF]  Executing endpoint 'Crayon.api.Controllers.EmployeeController.GetMyTeam (Crayon.api)'
[2026-08-04 02:00:34.294 +05:30  INF]  Route matched with {action = "GetMyTeam", controller = "Employee"}. Executing controller action with signature System.Threading.Tasks.Task`1[Microsoft.AspNetCore.Mvc.IActionResult] GetMyTeam(System.String) on controller Crayon.api.Controllers.EmployeeController (Crayon.api).
[2026-08-04 02:00:34.336 +05:30  INF]  Executed DbCommand (9ms) [Parameters=[@userId='?' (Size = 450)], CommandType='"Text"', CommandTimeout='30']
SELECT TOP(1) [e].[EmployeeId], [e].[CreatedDate], [e].[DepartmentId], [e].[DesignationId], [e].[EmployeeCode], [e].[FirstName], [e].[IsActive], [e].[LastName], [e].[PhoneNumber], [e].[ReportingEmployeeId], [e].[ReportingToEmployeeId], [e].[UserId], [e].[WorkplaceId]
FROM [Employee] AS [e]
WHERE [e].[UserId] = @userId
[2026-08-04 02:00:34.413 +05:30  INF]  Executed DbCommand (30ms) [Parameters=[@manager_EmployeeId='?' (DbType = Int32)], CommandType='"Text"', CommandTimeout='30']
SELECT [e].[EmployeeId], [e].[UserId], [e].[EmployeeCode], [e].[FirstName], [e].[LastName], [e].[FirstName] + N' ' + [e].[LastName] AS [FullName], [a].[Email], [e].[PhoneNumber], [d].[DepartmentName], [d0].[DesignationName], [e].[IsActive]
FROM [Employee] AS [e]
INNER JOIN [Department] AS [d] ON [e].[DepartmentId] = [d].[DepartmentId]
INNER JOIN [Designation] AS [d0] ON [e].[DesignationId] = [d0].[DesignationId]
INNER JOIN [AspNetUsers] AS [a] ON [e].[UserId] = [a].[Id]
WHERE [e].[ReportingEmployeeId] = @manager_EmployeeId AND [e].[IsActive] = CAST(1 AS bit)
[2026-08-04 02:00:34.414 +05:30  INF]  Executing OkObjectResult, writing value of type 'Crayon.Entity.Common.Result`1[[System.Collections.Generic.List`1[[Crayon.Entity.Dto.EmployeeResponse, Crayon.Entity, Version=1.0.0.0, Culture=neutral, PublicKeyToken=null]], System.Private.CoreLib, Version=10.0.0.0, Culture=neutral, PublicKeyToken=7cec85d7bea7798e]]'.
[2026-08-04 02:00:34.415 +05:30  INF]  Executed action Crayon.api.Controllers.EmployeeController.GetMyTeam (Crayon.api) in 121.0712ms
[2026-08-04 02:00:34.415 +05:30  INF]  Executed endpoint 'Crayon.api.Controllers.EmployeeController.GetMyTeam (Crayon.api)'
[2026-08-04 02:00:34.416 +05:30  INF]  Request finished HTTP/1.1 GET http://localhost:5278/api/Employee/GetMyTeam/7dffca74-72f7-4d73-933b-d0bc51b7e209 - 200 null application/json; charset=utf-8 163.8335ms
[2026-08-04 02:00:39.856 +05:30  INF]  Request starting HTTP/1.1 GET http://localhost:5278/api/ProjectTask/GetAllProjectTasks - null null
[2026-08-04 02:00:39.857 +05:30  INF]  Executing endpoint 'Crayon.Api.Controllers.ProjectTaskController.GetAllProjectTasks (Crayon.api)'
[2026-08-04 02:00:39.902 +05:30  INF]  Route matched with {action = "GetAllProjectTasks", controller = "ProjectTask"}. Executing controller action with signature System.Threading.Tasks.Task`1[Microsoft.AspNetCore.Mvc.IActionResult] GetAllProjectTasks() on controller Crayon.Api.Controllers.ProjectTaskController (Crayon.api).
[2026-08-04 02:00:40.024 +05:30  INF]  Executed DbCommand (31ms) [Parameters=[], CommandType='"Text"', CommandTimeout='30']
SELECT [p].[ProjectTaskId], [p].[ProjectId], [p0].[ProjectName], [p].[TaskName]
FROM [ProjectTask] AS [p]
INNER JOIN [Project] AS [p0] ON [p].[ProjectId] = [p0].[ProjectId]
[2026-08-04 02:00:40.036 +05:30  INF]  Executing OkObjectResult, writing value of type 'Crayon.Entity.Common.Result`1[[System.Collections.Generic.List`1[[Crayon.Entity.Dto.ProjectTaskResponse, Crayon.Entity, Version=1.0.0.0, Culture=neutral, PublicKeyToken=null]], System.Private.CoreLib, Version=10.0.0.0, Culture=neutral, PublicKeyToken=7cec85d7bea7798e]]'.
[2026-08-04 02:00:40.061 +05:30  INF]  Executed action Crayon.Api.Controllers.ProjectTaskController.GetAllProjectTasks (Crayon.api) in 158.7324ms
[2026-08-04 02:00:40.061 +05:30  INF]  Executed endpoint 'Crayon.Api.Controllers.ProjectTaskController.GetAllProjectTasks (Crayon.api)'
[2026-08-04 02:00:40.063 +05:30  INF]  Request finished HTTP/1.1 GET http://localhost:5278/api/ProjectTask/GetAllProjectTasks - 200 null application/json; charset=utf-8 205.6147ms
[2026-08-04 02:00:46.535 +05:30  INF]  Request starting HTTP/1.1 GET http://localhost:5278/api/Project/GetAllProjects - null null
[2026-08-04 02:00:46.536 +05:30  INF]  Executing endpoint 'Crayon.Api.Controllers.ProjectController.GetAllProjects (Crayon.api)'
[2026-08-04 02:00:46.569 +05:30  INF]  Route matched with {action = "GetAllProjects", controller = "Project"}. Executing controller action with signature System.Threading.Tasks.Task`1[Microsoft.AspNetCore.Mvc.IActionResult] GetAllProjects() on controller Crayon.Api.Controllers.ProjectController (Crayon.api).
[2026-08-04 02:00:46.622 +05:30  INF]  Executed DbCommand (12ms) [Parameters=[], CommandType='"Text"', CommandTimeout='30']
SELECT [p].[ProjectId], [p].[ProjectName], [p].[Description]
FROM [Project] AS [p]
WHERE [p].[IsActive] = CAST(1 AS bit)
[2026-08-04 02:00:46.629 +05:30  INF]  Executing OkObjectResult, writing value of type 'Crayon.Entity.Common.Result`1[[System.Collections.Generic.List`1[[Crayon.Entity.Dto.ProjectResponse, Crayon.Entity, Version=1.0.0.0, Culture=neutral, PublicKeyToken=null]], System.Private.CoreLib, Version=10.0.0.0, Culture=neutral, PublicKeyToken=7cec85d7bea7798e]]'.
[2026-08-04 02:00:46.645 +05:30  INF]  Executed action Crayon.Api.Controllers.ProjectController.GetAllProjects (Crayon.api) in 75.1756ms
[2026-08-04 02:00:46.645 +05:30  INF]  Executed endpoint 'Crayon.Api.Controllers.ProjectController.GetAllProjects (Crayon.api)'
[2026-08-04 02:00:46.646 +05:30  INF]  Request finished HTTP/1.1 GET http://localhost:5278/api/Project/GetAllProjects - 200 null application/json; charset=utf-8 110.6684ms
[2026-08-04 02:00:50.008 +05:30  INF]  Request starting HTTP/1.1 GET http://localhost:5278/api/ProjectTask/GetAllProjectTasks - null null
[2026-08-04 02:00:50.025 +05:30  INF]  Executing endpoint 'Crayon.Api.Controllers.ProjectTaskController.GetAllProjectTasks (Crayon.api)'
[2026-08-04 02:00:50.026 +05:30  INF]  Route matched with {action = "GetAllProjectTasks", controller = "ProjectTask"}. Executing controller action with signature System.Threading.Tasks.Task`1[Microsoft.AspNetCore.Mvc.IActionResult] GetAllProjectTasks() on controller Crayon.Api.Controllers.ProjectTaskController (Crayon.api).
[2026-08-04 02:00:50.052 +05:30  INF]  Executed DbCommand (18ms) [Parameters=[], CommandType='"Text"', CommandTimeout='30']
SELECT [p].[ProjectTaskId], [p].[ProjectId], [p0].[ProjectName], [p].[TaskName]
FROM [ProjectTask] AS [p]
INNER JOIN [Project] AS [p0] ON [p].[ProjectId] = [p0].[ProjectId]
[2026-08-04 02:00:50.054 +05:30  INF]  Executing OkObjectResult, writing value of type 'Crayon.Entity.Common.Result`1[[System.Collections.Generic.List`1[[Crayon.Entity.Dto.ProjectTaskResponse, Crayon.Entity, Version=1.0.0.0, Culture=neutral, PublicKeyToken=null]], System.Private.CoreLib, Version=10.0.0.0, Culture=neutral, PublicKeyToken=7cec85d7bea7798e]]'.
[2026-08-04 02:00:50.054 +05:30  INF]  Executed action Crayon.Api.Controllers.ProjectTaskController.GetAllProjectTasks (Crayon.api) in 28.2312ms
[2026-08-04 02:00:50.054 +05:30  INF]  Executed endpoint 'Crayon.Api.Controllers.ProjectTaskController.GetAllProjectTasks (Crayon.api)'
[2026-08-04 02:00:50.055 +05:30  INF]  Request finished HTTP/1.1 GET http://localhost:5278/api/ProjectTask/GetAllProjectTasks - 200 null application/json; charset=utf-8 46.4031ms
[2026-08-04 02:00:55.182 +05:30  INF]  Request starting HTTP/1.1 GET http://localhost:5278/api/Project/GetAllProjects - null null
[2026-08-04 02:00:55.187 +05:30  INF]  Executing endpoint 'Crayon.Api.Controllers.ProjectController.GetAllProjects (Crayon.api)'
[2026-08-04 02:00:55.188 +05:30  INF]  Route matched with {action = "GetAllProjects", controller = "Project"}. Executing controller action with signature System.Threading.Tasks.Task`1[Microsoft.AspNetCore.Mvc.IActionResult] GetAllProjects() on controller Crayon.Api.Controllers.ProjectController (Crayon.api).
[2026-08-04 02:00:55.202 +05:30  INF]  Executed DbCommand (8ms) [Parameters=[], CommandType='"Text"', CommandTimeout='30']
SELECT [p].[ProjectId], [p].[ProjectName], [p].[Description]
FROM [Project] AS [p]
WHERE [p].[IsActive] = CAST(1 AS bit)
[2026-08-04 02:00:55.203 +05:30  INF]  Executing OkObjectResult, writing value of type 'Crayon.Entity.Common.Result`1[[System.Collections.Generic.List`1[[Crayon.Entity.Dto.ProjectResponse, Crayon.Entity, Version=1.0.0.0, Culture=neutral, PublicKeyToken=null]], System.Private.CoreLib, Version=10.0.0.0, Culture=neutral, PublicKeyToken=7cec85d7bea7798e]]'.
[2026-08-04 02:00:55.204 +05:30  INF]  Executed action Crayon.Api.Controllers.ProjectController.GetAllProjects (Crayon.api) in 15.8288ms
[2026-08-04 02:00:55.204 +05:30  INF]  Executed endpoint 'Crayon.Api.Controllers.ProjectController.GetAllProjects (Crayon.api)'
[2026-08-04 02:00:55.204 +05:30  INF]  Request finished HTTP/1.1 GET http://localhost:5278/api/Project/GetAllProjects - 200 null application/json; charset=utf-8 23.932ms
[2026-08-04 02:00:59.325 +05:30  INF]  Request starting HTTP/1.1 GET http://localhost:5278/api/Timesheet/GetEmployeeTimesheets/7dffca74-72f7-4d73-933b-d0bc51b7e209 - null null
[2026-08-04 02:00:59.328 +05:30  INF]  Executing endpoint 'Crayon.Api.Controllers.TimesheetController.GetEmployeeTimesheets (Crayon.api)'
[2026-08-04 02:00:59.367 +05:30  INF]  Route matched with {action = "GetEmployeeTimesheets", controller = "Timesheet"}. Executing controller action with signature System.Threading.Tasks.Task`1[Microsoft.AspNetCore.Mvc.IActionResult] GetEmployeeTimesheets(System.String) on controller Crayon.Api.Controllers.TimesheetController (Crayon.api).
[2026-08-04 02:00:59.406 +05:30  INF]  Executed DbCommand (8ms) [Parameters=[@userId='?' (Size = 450)], CommandType='"Text"', CommandTimeout='30']
SELECT TOP(1) [e].[EmployeeId], [e].[CreatedDate], [e].[DepartmentId], [e].[DesignationId], [e].[EmployeeCode], [e].[FirstName], [e].[IsActive], [e].[LastName], [e].[PhoneNumber], [e].[ReportingEmployeeId], [e].[ReportingToEmployeeId], [e].[UserId], [e].[WorkplaceId]
FROM [Employee] AS [e]
WHERE [e].[UserId] = @userId
[2026-08-04 02:00:59.497 +05:30  INF]  Executed DbCommand (35ms) [Parameters=[@employee_EmployeeId='?' (DbType = Int32)], CommandType='"Text"', CommandTimeout='30']
SELECT [t].[TimesheetId], [e].[EmployeeId], [e].[FirstName] + N' ' + [e].[LastName] AS [EmployeeName], [p].[ProjectId], [p].[ProjectName], [p0].[ProjectTaskId], [p0].[TaskName], [t].[HoursWorked], [t].[WorkDate], [t].[WorkDescription]
FROM [Timesheet] AS [t]
INNER JOIN [Employee] AS [e] ON [t].[EmployeeId] = [e].[EmployeeId]
INNER JOIN [Project] AS [p] ON [t].[ProjectId] = [p].[ProjectId]
INNER JOIN [ProjectTask] AS [p0] ON [t].[ProjectTaskId] = [p0].[ProjectTaskId]
WHERE [t].[EmployeeId] = @employee_EmployeeId
[2026-08-04 02:00:59.498 +05:30  INF]  Executing OkObjectResult, writing value of type 'Crayon.Entity.Common.Result`1[[System.Collections.Generic.List`1[[Crayon.Entity.Dto.TimesheetResponse, Crayon.Entity, Version=1.0.0.0, Culture=neutral, PublicKeyToken=null]], System.Private.CoreLib, Version=10.0.0.0, Culture=neutral, PublicKeyToken=7cec85d7bea7798e]]'.
[2026-08-04 02:00:59.507 +05:30  INF]  Executed action Crayon.Api.Controllers.TimesheetController.GetEmployeeTimesheets (Crayon.api) in 139.4823ms
[2026-08-04 02:00:59.507 +05:30  INF]  Executed endpoint 'Crayon.Api.Controllers.TimesheetController.GetEmployeeTimesheets (Crayon.api)'
[2026-08-04 02:00:59.508 +05:30  INF]  Request finished HTTP/1.1 GET http://localhost:5278/api/Timesheet/GetEmployeeTimesheets/7dffca74-72f7-4d73-933b-d0bc51b7e209 - 200 null application/json; charset=utf-8 183.3122ms
[2026-08-04 02:01:07.522 +05:30  INF]  Request starting HTTP/1.1 GET http://localhost:5278/api/Project/GetAllProjects - null null
[2026-08-04 02:01:07.524 +05:30  INF]  Executing endpoint 'Crayon.Api.Controllers.ProjectController.GetAllProjects (Crayon.api)'
[2026-08-04 02:01:07.524 +05:30  INF]  Route matched with {action = "GetAllProjects", controller = "Project"}. Executing controller action with signature System.Threading.Tasks.Task`1[Microsoft.AspNetCore.Mvc.IActionResult] GetAllProjects() on controller Crayon.Api.Controllers.ProjectController (Crayon.api).
[2026-08-04 02:01:07.560 +05:30  INF]  Executed DbCommand (18ms) [Parameters=[], CommandType='"Text"', CommandTimeout='30']
SELECT [p].[ProjectId], [p].[ProjectName], [p].[Description]
FROM [Project] AS [p]
WHERE [p].[IsActive] = CAST(1 AS bit)
[2026-08-04 02:01:07.562 +05:30  INF]  Executing OkObjectResult, writing value of type 'Crayon.Entity.Common.Result`1[[System.Collections.Generic.List`1[[Crayon.Entity.Dto.ProjectResponse, Crayon.Entity, Version=1.0.0.0, Culture=neutral, PublicKeyToken=null]], System.Private.CoreLib, Version=10.0.0.0, Culture=neutral, PublicKeyToken=7cec85d7bea7798e]]'.
[2026-08-04 02:01:07.562 +05:30  INF]  Executed action Crayon.Api.Controllers.ProjectController.GetAllProjects (Crayon.api) in 37.9968ms
[2026-08-04 02:01:07.563 +05:30  INF]  Executed endpoint 'Crayon.Api.Controllers.ProjectController.GetAllProjects (Crayon.api)'
[2026-08-04 02:01:07.563 +05:30  INF]  Request finished HTTP/1.1 GET http://localhost:5278/api/Project/GetAllProjects - 200 null application/json; charset=utf-8 41.0826ms
[2026-08-04 02:01:07.590 +05:30  INF]  Request starting HTTP/1.1 GET http://localhost:5278/api/ProjectTask/GetAllProjectTasks - null null
[2026-08-04 02:01:07.591 +05:30  INF]  Executing endpoint 'Crayon.Api.Controllers.ProjectTaskController.GetAllProjectTasks (Crayon.api)'
[2026-08-04 02:01:07.592 +05:30  INF]  Route matched with {action = "GetAllProjectTasks", controller = "ProjectTask"}. Executing controller action with signature System.Threading.Tasks.Task`1[Microsoft.AspNetCore.Mvc.IActionResult] GetAllProjectTasks() on controller Crayon.Api.Controllers.ProjectTaskController (Crayon.api).
[2026-08-04 02:01:07.615 +05:30  INF]  Executed DbCommand (13ms) [Parameters=[], CommandType='"Text"', CommandTimeout='30']
SELECT [p].[ProjectTaskId], [p].[ProjectId], [p0].[ProjectName], [p].[TaskName]
FROM [ProjectTask] AS [p]
INNER JOIN [Project] AS [p0] ON [p].[ProjectId] = [p0].[ProjectId]
[2026-08-04 02:01:07.616 +05:30  INF]  Executing OkObjectResult, writing value of type 'Crayon.Entity.Common.Result`1[[System.Collections.Generic.List`1[[Crayon.Entity.Dto.ProjectTaskResponse, Crayon.Entity, Version=1.0.0.0, Culture=neutral, PublicKeyToken=null]], System.Private.CoreLib, Version=10.0.0.0, Culture=neutral, PublicKeyToken=7cec85d7bea7798e]]'.
[2026-08-04 02:01:07.617 +05:30  INF]  Executed action Crayon.Api.Controllers.ProjectTaskController.GetAllProjectTasks (Crayon.api) in 24.7116ms
[2026-08-04 02:01:07.617 +05:30  INF]  Executed endpoint 'Crayon.Api.Controllers.ProjectTaskController.GetAllProjectTasks (Crayon.api)'
[2026-08-04 02:01:07.617 +05:30  INF]  Request finished HTTP/1.1 GET http://localhost:5278/api/ProjectTask/GetAllProjectTasks - 200 null application/json; charset=utf-8 26.8406ms
[2026-08-04 02:01:20.309 +05:30  INF]  Request starting HTTP/1.1 GET http://localhost:5278/api/Timesheet/GetAllTimesheets - null null
[2026-08-04 02:01:20.317 +05:30  INF]  Executing endpoint 'Crayon.Api.Controllers.TimesheetController.GetAllTimesheets (Crayon.api)'
[2026-08-04 02:01:20.349 +05:30  INF]  Route matched with {action = "GetAllTimesheets", controller = "Timesheet"}. Executing controller action with signature System.Threading.Tasks.Task`1[Microsoft.AspNetCore.Mvc.IActionResult] GetAllTimesheets() on controller Crayon.Api.Controllers.TimesheetController (Crayon.api).
[2026-08-04 02:01:20.437 +05:30  INF]  Executed DbCommand (48ms) [Parameters=[], CommandType='"Text"', CommandTimeout='30']
SELECT [t].[TimesheetId], [e].[EmployeeId], [e].[FirstName] + N' ' + [e].[LastName] AS [EmployeeName], [p].[ProjectId], [p].[ProjectName], [p0].[ProjectTaskId], [p0].[TaskName], [t].[HoursWorked], [t].[WorkDate], [t].[WorkDescription]
FROM [Timesheet] AS [t]
INNER JOIN [Employee] AS [e] ON [t].[EmployeeId] = [e].[EmployeeId]
INNER JOIN [Project] AS [p] ON [t].[ProjectId] = [p].[ProjectId]
INNER JOIN [ProjectTask] AS [p0] ON [t].[ProjectTaskId] = [p0].[ProjectTaskId]
[2026-08-04 02:01:20.445 +05:30  INF]  Executing OkObjectResult, writing value of type 'Crayon.Entity.Common.Result`1[[System.Collections.Generic.List`1[[Crayon.Entity.Dto.TimesheetResponse, Crayon.Entity, Version=1.0.0.0, Culture=neutral, PublicKeyToken=null]], System.Private.CoreLib, Version=10.0.0.0, Culture=neutral, PublicKeyToken=7cec85d7bea7798e]]'.
[2026-08-04 02:01:20.459 +05:30  INF]  Executed action Crayon.Api.Controllers.TimesheetController.GetAllTimesheets (Crayon.api) in 108.923ms
[2026-08-04 02:01:20.459 +05:30  INF]  Executed endpoint 'Crayon.Api.Controllers.TimesheetController.GetAllTimesheets (Crayon.api)'
[2026-08-04 02:01:20.459 +05:30  INF]  Request finished HTTP/1.1 GET http://localhost:5278/api/Timesheet/GetAllTimesheets - 200 null application/json; charset=utf-8 150.2091ms
[2026-08-04 02:01:38.763 +05:30  INF]  Request starting HTTP/1.1 POST http://localhost:5278/api/Employee/Login - application/json; charset=utf-8 53
[2026-08-04 02:01:38.764 +05:30  INF]  Executing endpoint 'Crayon.api.Controllers.EmployeeController.Login (Crayon.api)'
[2026-08-04 02:01:38.764 +05:30  INF]  Route matched with {action = "Login", controller = "Employee"}. Executing controller action with signature System.Threading.Tasks.Task`1[Microsoft.AspNetCore.Mvc.IActionResult] Login(Crayon.Entity.Dto.UserRequest) on controller Crayon.api.Controllers.EmployeeController (Crayon.api).
[2026-08-04 02:01:38.795 +05:30  INF]  Executed DbCommand (13ms) [Parameters=[@normalizedEmail='?' (Size = 256)], CommandType='"Text"', CommandTimeout='30']
SELECT TOP(2) [a].[Id], [a].[AccessFailedCount], [a].[ConcurrencyStamp], [a].[Email], [a].[EmailConfirmed], [a].[LockoutEnabled], [a].[LockoutEnd], [a].[NormalizedEmail], [a].[NormalizedUserName], [a].[PasswordHash], [a].[PhoneNumber], [a].[PhoneNumberConfirmed], [a].[SecurityStamp], [a].[TwoFactorEnabled], [a].[UserName]
FROM [AspNetUsers] AS [a]
WHERE [a].[NormalizedEmail] = @normalizedEmail
[2026-08-04 02:01:39.099 +05:30  INF]  Executed DbCommand (15ms) [Parameters=[@userId='?' (Size = 450)], CommandType='"Text"', CommandTimeout='30']
SELECT [a0].[Name]
FROM [AspNetUserRoles] AS [a]
INNER JOIN [AspNetRoles] AS [a0] ON [a].[RoleId] = [a0].[Id]
WHERE [a].[UserId] = @userId
[2026-08-04 02:01:39.101 +05:30  INF]  Executing OkObjectResult, writing value of type 'Crayon.Entity.Common.Result`1[[Crayon.Entity.Dto.UserResponse, Crayon.Entity, Version=1.0.0.0, Culture=neutral, PublicKeyToken=null]]'.
[2026-08-04 02:01:39.103 +05:30  INF]  Executed action Crayon.api.Controllers.EmployeeController.Login (Crayon.api) in 338.2955ms
[2026-08-04 02:01:39.103 +05:30  INF]  Executed endpoint 'Crayon.api.Controllers.EmployeeController.Login (Crayon.api)'
[2026-08-04 02:01:39.105 +05:30  INF]  Request finished HTTP/1.1 POST http://localhost:5278/api/Employee/Login - 200 null application/json; charset=utf-8 341.5792ms
[2026-08-04 02:01:39.149 +05:30  INF]  Request starting HTTP/1.1 GET http://localhost:5278/api/Dashboard/GetEmployeeCount - null null
[2026-08-04 02:01:39.151 +05:30  INF]  Executing endpoint 'Crayon.api.Controllers.DashboardController.GetEmployeeCount (Crayon.api)'
[2026-08-04 02:01:39.151 +05:30  INF]  Route matched with {action = "GetEmployeeCount", controller = "Dashboard"}. Executing controller action with signature System.Threading.Tasks.Task`1[Microsoft.AspNetCore.Mvc.IActionResult] GetEmployeeCount() on controller Crayon.api.Controllers.DashboardController (Crayon.api).
[2026-08-04 02:01:39.162 +05:30  INF]  Executed DbCommand (4ms) [Parameters=[], CommandType='"Text"', CommandTimeout='30']
SELECT COUNT(*)
FROM [Employee] AS [e]
[2026-08-04 02:01:39.163 +05:30  INF]  Executing OkObjectResult, writing value of type 'System.Int32'.
[2026-08-04 02:01:39.163 +05:30  INF]  Executed action Crayon.api.Controllers.DashboardController.GetEmployeeCount (Crayon.api) in 11.9357ms
[2026-08-04 02:01:39.163 +05:30  INF]  Executed endpoint 'Crayon.api.Controllers.DashboardController.GetEmployeeCount (Crayon.api)'
[2026-08-04 02:01:39.164 +05:30  INF]  Request finished HTTP/1.1 GET http://localhost:5278/api/Dashboard/GetEmployeeCount - 200 null application/json; charset=utf-8 14.6603ms
[2026-08-04 02:01:39.178 +05:30  INF]  Request starting HTTP/1.1 GET http://localhost:5278/api/Dashboard/GetPendingLeaveCount - null null
[2026-08-04 02:01:39.179 +05:30  INF]  Executing endpoint 'Crayon.api.Controllers.DashboardController.GetPendingLeaveCount (Crayon.api)'
[2026-08-04 02:01:39.179 +05:30  INF]  Route matched with {action = "GetPendingLeaveCount", controller = "Dashboard"}. Executing controller action with signature System.Threading.Tasks.Task`1[Microsoft.AspNetCore.Mvc.IActionResult] GetPendingLeaveCount() on controller Crayon.api.Controllers.DashboardController (Crayon.api).
[2026-08-04 02:01:39.192 +05:30  INF]  Executed DbCommand (7ms) [Parameters=[], CommandType='"Text"', CommandTimeout='30']
SELECT COUNT(*)
FROM [LeaveApplication] AS [l]
WHERE [l].[Status] = N'Pending'
[2026-08-04 02:01:39.193 +05:30  INF]  Executing OkObjectResult, writing value of type 'System.Int32'.
[2026-08-04 02:01:39.194 +05:30  INF]  Executed action Crayon.api.Controllers.DashboardController.GetPendingLeaveCount (Crayon.api) in 14.529ms
[2026-08-04 02:01:39.194 +05:30  INF]  Executed endpoint 'Crayon.api.Controllers.DashboardController.GetPendingLeaveCount (Crayon.api)'
[2026-08-04 02:01:39.195 +05:30  INF]  Request finished HTTP/1.1 GET http://localhost:5278/api/Dashboard/GetPendingLeaveCount - 200 null application/json; charset=utf-8 16.7577ms
[2026-08-04 02:01:39.431 +05:30  INF]  Request starting HTTP/1.1 GET http://localhost:5278/api/Attendance/GetEmployeeAttendance/77b4488b-cb60-47bd-b1e6-7ffc73e27eb3 - null null
[2026-08-04 02:01:39.433 +05:30  INF]  Executing endpoint 'Crayon.Api.Controllers.AttendanceController.GetEmployeeAttendance (Crayon.api)'
[2026-08-04 02:01:39.434 +05:30  INF]  Route matched with {action = "GetEmployeeAttendance", controller = "Attendance"}. Executing controller action with signature System.Threading.Tasks.Task`1[Microsoft.AspNetCore.Mvc.IActionResult] GetEmployeeAttendance(System.String) on controller Crayon.Api.Controllers.AttendanceController (Crayon.api).
[2026-08-04 02:01:39.455 +05:30  INF]  Executed DbCommand (9ms) [Parameters=[@userId='?' (Size = 450)], CommandType='"Text"', CommandTimeout='30']
SELECT TOP(1) [e].[EmployeeId], [e].[CreatedDate], [e].[DepartmentId], [e].[DesignationId], [e].[EmployeeCode], [e].[FirstName], [e].[IsActive], [e].[LastName], [e].[PhoneNumber], [e].[ReportingEmployeeId], [e].[ReportingToEmployeeId], [e].[UserId], [e].[WorkplaceId]
FROM [Employee] AS [e]
WHERE [e].[UserId] = @userId
[2026-08-04 02:01:39.487 +05:30  INF]  Executed DbCommand (20ms) [Parameters=[@employee_EmployeeId='?' (DbType = Int32)], CommandType='"Text"', CommandTimeout='30']
SELECT [a].[AttendanceId], [e].[EmployeeId], [e].[FirstName] + N' ' + [e].[LastName] AS [EmployeeName], [a].[AttendanceDate], [a].[CheckInTime], [a].[CheckOutTime], [a].[HoursWorked], [a].[AttendanceStatus], [a].[IsApproved]
FROM [Attendance] AS [a]
INNER JOIN [Employee] AS [e] ON [a].[EmployeeId] = [e].[EmployeeId]
WHERE [a].[EmployeeId] = @employee_EmployeeId
ORDER BY [a].[AttendanceDate] DESC
[2026-08-04 02:01:39.488 +05:30  INF]  Executing OkObjectResult, writing value of type 'Crayon.Entity.Common.Result`1[[System.Collections.Generic.List`1[[Crayon.Entity.Dto.AttendanceResponse, Crayon.Entity, Version=1.0.0.0, Culture=neutral, PublicKeyToken=null]], System.Private.CoreLib, Version=10.0.0.0, Culture=neutral, PublicKeyToken=7cec85d7bea7798e]]'.
[2026-08-04 02:01:39.488 +05:30  INF]  Executed action Crayon.Api.Controllers.AttendanceController.GetEmployeeAttendance (Crayon.api) in 53.8098ms
[2026-08-04 02:01:39.488 +05:30  INF]  Executed endpoint 'Crayon.Api.Controllers.AttendanceController.GetEmployeeAttendance (Crayon.api)'
[2026-08-04 02:01:39.489 +05:30  INF]  Request finished HTTP/1.1 GET http://localhost:5278/api/Attendance/GetEmployeeAttendance/77b4488b-cb60-47bd-b1e6-7ffc73e27eb3 - 200 null application/json; charset=utf-8 57.5503ms
[2026-08-04 02:01:51.707 +05:30  INF]  Request starting HTTP/1.1 GET http://localhost:5278/api/LeaveBalance/GetAllLeaveBalances - null null
[2026-08-04 02:01:51.714 +05:30  INF]  Executing endpoint 'Crayon.Api.Controllers.LeaveBalanceController.GetAllLeaveBalances (Crayon.api)'
[2026-08-04 02:01:51.715 +05:30  INF]  Route matched with {action = "GetAllLeaveBalances", controller = "LeaveBalance"}. Executing controller action with signature System.Threading.Tasks.Task`1[Microsoft.AspNetCore.Mvc.IActionResult] GetAllLeaveBalances() on controller Crayon.Api.Controllers.LeaveBalanceController (Crayon.api).
[2026-08-04 02:01:51.737 +05:30  INF]  Executed DbCommand (15ms) [Parameters=[], CommandType='"Text"', CommandTimeout='30']
SELECT [l].[LeaveBalanceId], [e].[EmployeeId], [e].[FirstName] + N' ' + [e].[LastName] AS [EmployeeName], [l0].[LeaveTypeId], [l0].[LeaveName], [l].[AvailableDays]
FROM [LeaveBalance] AS [l]
INNER JOIN [Employee] AS [e] ON [l].[EmployeeId] = [e].[EmployeeId]
INNER JOIN [LeaveType] AS [l0] ON [l].[LeaveTypeId] = [l0].[LeaveTypeId]
[2026-08-04 02:01:51.738 +05:30  INF]  Executing OkObjectResult, writing value of type 'Crayon.Entity.Common.Result`1[[System.Collections.Generic.List`1[[Crayon.Entity.Dto.LeaveBalanceResponse, Crayon.Entity, Version=1.0.0.0, Culture=neutral, PublicKeyToken=null]], System.Private.CoreLib, Version=10.0.0.0, Culture=neutral, PublicKeyToken=7cec85d7bea7798e]]'.
[2026-08-04 02:01:51.739 +05:30  INF]  Executed action Crayon.Api.Controllers.LeaveBalanceController.GetAllLeaveBalances (Crayon.api) in 24.0725ms
[2026-08-04 02:01:51.739 +05:30  INF]  Executed endpoint 'Crayon.Api.Controllers.LeaveBalanceController.GetAllLeaveBalances (Crayon.api)'
[2026-08-04 02:01:51.740 +05:30  INF]  Request finished HTTP/1.1 GET http://localhost:5278/api/LeaveBalance/GetAllLeaveBalances - 200 null application/json; charset=utf-8 32.3424ms
[2026-08-04 02:02:03.067 +05:30  INF]  Request starting HTTP/1.1 GET http://localhost:5278/api/Project/GetAllProjects - null null
[2026-08-04 02:02:03.067 +05:30  INF]  Executing endpoint 'Crayon.Api.Controllers.ProjectController.GetAllProjects (Crayon.api)'
[2026-08-04 02:02:03.068 +05:30  INF]  Route matched with {action = "GetAllProjects", controller = "Project"}. Executing controller action with signature System.Threading.Tasks.Task`1[Microsoft.AspNetCore.Mvc.IActionResult] GetAllProjects() on controller Crayon.Api.Controllers.ProjectController (Crayon.api).
[2026-08-04 02:02:03.082 +05:30  INF]  Executed DbCommand (8ms) [Parameters=[], CommandType='"Text"', CommandTimeout='30']
SELECT [p].[ProjectId], [p].[ProjectName], [p].[Description]
FROM [Project] AS [p]
WHERE [p].[IsActive] = CAST(1 AS bit)
[2026-08-04 02:02:03.082 +05:30  INF]  Executing OkObjectResult, writing value of type 'Crayon.Entity.Common.Result`1[[System.Collections.Generic.List`1[[Crayon.Entity.Dto.ProjectResponse, Crayon.Entity, Version=1.0.0.0, Culture=neutral, PublicKeyToken=null]], System.Private.CoreLib, Version=10.0.0.0, Culture=neutral, PublicKeyToken=7cec85d7bea7798e]]'.
[2026-08-04 02:02:03.083 +05:30  INF]  Executed action Crayon.Api.Controllers.ProjectController.GetAllProjects (Crayon.api) in 15.2294ms
[2026-08-04 02:02:03.083 +05:30  INF]  Executed endpoint 'Crayon.Api.Controllers.ProjectController.GetAllProjects (Crayon.api)'
[2026-08-04 02:02:03.083 +05:30  INF]  Request finished HTTP/1.1 GET http://localhost:5278/api/Project/GetAllProjects - 200 null application/json; charset=utf-8 16.8783ms
[2026-08-04 02:02:05.763 +05:30  INF]  Request starting HTTP/1.1 GET http://localhost:5278/api/LeaveBalance/GetEmployeeLeaveBalances/77b4488b-cb60-47bd-b1e6-7ffc73e27eb3 - null null
[2026-08-04 02:02:05.764 +05:30  INF]  Executing endpoint 'Crayon.Api.Controllers.LeaveBalanceController.GetEmployeeLeaveBalances (Crayon.api)'
[2026-08-04 02:02:05.795 +05:30  INF]  Route matched with {action = "GetEmployeeLeaveBalances", controller = "LeaveBalance"}. Executing controller action with signature System.Threading.Tasks.Task`1[Microsoft.AspNetCore.Mvc.IActionResult] GetEmployeeLeaveBalances(System.String) on controller Crayon.Api.Controllers.LeaveBalanceController (Crayon.api).
[2026-08-04 02:02:05.886 +05:30  INF]  Executed DbCommand (40ms) [Parameters=[@userId='?' (Size = 450)], CommandType='"Text"', CommandTimeout='30']
SELECT [l].[LeaveBalanceId], [e].[EmployeeId], [e].[FirstName] + N' ' + [e].[LastName] AS [EmployeeName], [l0].[LeaveTypeId], [l0].[LeaveName], [l].[AvailableDays]
FROM [LeaveBalance] AS [l]
INNER JOIN [Employee] AS [e] ON [l].[EmployeeId] = [e].[EmployeeId]
INNER JOIN [LeaveType] AS [l0] ON [l].[LeaveTypeId] = [l0].[LeaveTypeId]
WHERE [e].[UserId] = @userId
[2026-08-04 02:02:05.887 +05:30  INF]  Executing OkObjectResult, writing value of type 'Crayon.Entity.Common.Result`1[[System.Collections.Generic.List`1[[Crayon.Entity.Dto.LeaveBalanceResponse, Crayon.Entity, Version=1.0.0.0, Culture=neutral, PublicKeyToken=null]], System.Private.CoreLib, Version=10.0.0.0, Culture=neutral, PublicKeyToken=7cec85d7bea7798e]]'.
[2026-08-04 02:02:05.888 +05:30  INF]  Executed action Crayon.Api.Controllers.LeaveBalanceController.GetEmployeeLeaveBalances (Crayon.api) in 92.3497ms
[2026-08-04 02:02:05.888 +05:30  INF]  Executed endpoint 'Crayon.Api.Controllers.LeaveBalanceController.GetEmployeeLeaveBalances (Crayon.api)'
[2026-08-04 02:02:05.889 +05:30  INF]  Request finished HTTP/1.1 GET http://localhost:5278/api/LeaveBalance/GetEmployeeLeaveBalances/77b4488b-cb60-47bd-b1e6-7ffc73e27eb3 - 200 null application/json; charset=utf-8 125.9682ms
[2026-08-04 02:02:13.229 +05:30  INF]  Request starting HTTP/1.1 GET http://localhost:5278/api/LeaveApplication/GetEmployeeLeaveApplications/77b4488b-cb60-47bd-b1e6-7ffc73e27eb3 - null null
[2026-08-04 02:02:13.241 +05:30  INF]  Executing endpoint 'Crayon.api.Controllers.LeaveApplicationController.GetEmployeeLeaveApplications (Crayon.api)'
[2026-08-04 02:02:13.272 +05:30  INF]  Route matched with {action = "GetEmployeeLeaveApplications", controller = "LeaveApplication"}. Executing controller action with signature System.Threading.Tasks.Task`1[Microsoft.AspNetCore.Mvc.IActionResult] GetEmployeeLeaveApplications(System.String) on controller Crayon.api.Controllers.LeaveApplicationController (Crayon.api).
[2026-08-04 02:02:13.346 +05:30  INF]  Executed DbCommand (21ms) [Parameters=[@userId='?' (Size = 450)], CommandType='"Text"', CommandTimeout='30']
SELECT [l].[LeaveApplicationId], [e].[FirstName] + N' ' + [e].[LastName] AS [EmployeeName], [l0].[LeaveName], [l].[FromDate], [l].[ToDate], [l].[TotalDays], [l].[Reason], [l].[Status], [l].[AppliedDate]
FROM [LeaveApplication] AS [l]
INNER JOIN [Employee] AS [e] ON [l].[EmployeeId] = [e].[EmployeeId]
INNER JOIN [LeaveType] AS [l0] ON [l].[LeaveTypeId] = [l0].[LeaveTypeId]
WHERE [e].[UserId] = @userId
[2026-08-04 02:02:13.347 +05:30  INF]  Executing OkObjectResult, writing value of type 'Crayon.Entity.Common.Result`1[[System.Collections.Generic.List`1[[Crayon.Entity.Dto.LeaveApplicationResponse, Crayon.Entity, Version=1.0.0.0, Culture=neutral, PublicKeyToken=null]], System.Private.CoreLib, Version=10.0.0.0, Culture=neutral, PublicKeyToken=7cec85d7bea7798e]]'.
[2026-08-04 02:02:13.348 +05:30  INF]  Executed action Crayon.api.Controllers.LeaveApplicationController.GetEmployeeLeaveApplications (Crayon.api) in 76.1431ms
[2026-08-04 02:02:13.349 +05:30  INF]  Executed endpoint 'Crayon.api.Controllers.LeaveApplicationController.GetEmployeeLeaveApplications (Crayon.api)'
[2026-08-04 02:02:13.350 +05:30  INF]  Request finished HTTP/1.1 GET http://localhost:5278/api/LeaveApplication/GetEmployeeLeaveApplications/77b4488b-cb60-47bd-b1e6-7ffc73e27eb3 - 200 null application/json; charset=utf-8 120.4618ms
[2026-08-04 02:02:19.057 +05:30  INF]  Request starting HTTP/1.1 GET http://localhost:5278/api/Attendance/GetEmployeeAttendance/77b4488b-cb60-47bd-b1e6-7ffc73e27eb3 - null null
[2026-08-04 02:02:19.058 +05:30  INF]  Executing endpoint 'Crayon.Api.Controllers.AttendanceController.GetEmployeeAttendance (Crayon.api)'
[2026-08-04 02:02:19.059 +05:30  INF]  Route matched with {action = "GetEmployeeAttendance", controller = "Attendance"}. Executing controller action with signature System.Threading.Tasks.Task`1[Microsoft.AspNetCore.Mvc.IActionResult] GetEmployeeAttendance(System.String) on controller Crayon.Api.Controllers.AttendanceController (Crayon.api).
[2026-08-04 02:02:19.071 +05:30  INF]  Executed DbCommand (6ms) [Parameters=[@userId='?' (Size = 450)], CommandType='"Text"', CommandTimeout='30']
SELECT TOP(1) [e].[EmployeeId], [e].[CreatedDate], [e].[DepartmentId], [e].[DesignationId], [e].[EmployeeCode], [e].[FirstName], [e].[IsActive], [e].[LastName], [e].[PhoneNumber], [e].[ReportingEmployeeId], [e].[ReportingToEmployeeId], [e].[UserId], [e].[WorkplaceId]
FROM [Employee] AS [e]
WHERE [e].[UserId] = @userId
[2026-08-04 02:02:19.087 +05:30  INF]  Executed DbCommand (11ms) [Parameters=[@employee_EmployeeId='?' (DbType = Int32)], CommandType='"Text"', CommandTimeout='30']
SELECT [a].[AttendanceId], [e].[EmployeeId], [e].[FirstName] + N' ' + [e].[LastName] AS [EmployeeName], [a].[AttendanceDate], [a].[CheckInTime], [a].[CheckOutTime], [a].[HoursWorked], [a].[AttendanceStatus], [a].[IsApproved]
FROM [Attendance] AS [a]
INNER JOIN [Employee] AS [e] ON [a].[EmployeeId] = [e].[EmployeeId]
WHERE [a].[EmployeeId] = @employee_EmployeeId
ORDER BY [a].[AttendanceDate] DESC
[2026-08-04 02:02:19.088 +05:30  INF]  Executing OkObjectResult, writing value of type 'Crayon.Entity.Common.Result`1[[System.Collections.Generic.List`1[[Crayon.Entity.Dto.AttendanceResponse, Crayon.Entity, Version=1.0.0.0, Culture=neutral, PublicKeyToken=null]], System.Private.CoreLib, Version=10.0.0.0, Culture=neutral, PublicKeyToken=7cec85d7bea7798e]]'.
[2026-08-04 02:02:19.088 +05:30  INF]  Executed action Crayon.Api.Controllers.AttendanceController.GetEmployeeAttendance (Crayon.api) in 29.7894ms
[2026-08-04 02:02:19.089 +05:30  INF]  Executed endpoint 'Crayon.Api.Controllers.AttendanceController.GetEmployeeAttendance (Crayon.api)'
[2026-08-04 02:02:19.089 +05:30  INF]  Request finished HTTP/1.1 GET http://localhost:5278/api/Attendance/GetEmployeeAttendance/77b4488b-cb60-47bd-b1e6-7ffc73e27eb3 - 200 null application/json; charset=utf-8 31.8673ms
[2026-08-04 02:02:24.218 +05:30  INF]  Request starting HTTP/1.1 GET http://localhost:5278/api/Employee/GetVisibleEmployees - null null
[2026-08-04 02:02:24.221 +05:30  INF]  Executing endpoint 'Crayon.api.Controllers.EmployeeController.GetVisibleEmployees (Crayon.api)'
[2026-08-04 02:02:24.221 +05:30  INF]  Route matched with {action = "GetVisibleEmployees", controller = "Employee"}. Executing controller action with signature System.Threading.Tasks.Task`1[Microsoft.AspNetCore.Mvc.IActionResult] GetVisibleEmployees() on controller Crayon.api.Controllers.EmployeeController (Crayon.api).
[2026-08-04 02:02:24.230 +05:30  INF]  Executed DbCommand (2ms) [Parameters=[@userId='?' (Size = 450)], CommandType='"Text"', CommandTimeout='30']
SELECT TOP(1) [e].[EmployeeId], [e].[CreatedDate], [e].[DepartmentId], [e].[DesignationId], [e].[EmployeeCode], [e].[FirstName], [e].[IsActive], [e].[LastName], [e].[PhoneNumber], [e].[ReportingEmployeeId], [e].[ReportingToEmployeeId], [e].[UserId], [e].[WorkplaceId]
FROM [Employee] AS [e]
WHERE [e].[UserId] = @userId
[2026-08-04 02:02:24.303 +05:30  INF]  Executed DbCommand (59ms) [Parameters=[@currentEmployee_EmployeeId='?' (DbType = Int32)], CommandType='"Text"', CommandTimeout='30']
SELECT [e].[EmployeeId], [e].[UserId], [e].[EmployeeCode], [e].[FirstName], [e].[LastName], [e].[FirstName] + N' ' + [e].[LastName] AS [FullName], [a].[Email], [e].[PhoneNumber], [d].[DepartmentId], [d].[DepartmentName], [d0].[DesignationId], [d0].[DesignationName], [w].[WorkplaceId], [w].[Name] AS [WorkplaceName], (
    SELECT TOP(1) [a1].[Name]
    FROM [AspNetUserRoles] AS [a0]
    INNER JOIN [AspNetRoles] AS [a1] ON [a0].[RoleId] = [a1].[Id]
    WHERE [a0].[UserId] = [a].[Id]) AS [RoleName], [e].[ReportingEmployeeId] AS [ReportingManagerId], CASE
    WHEN [e1].[EmployeeId] IS NOT NULL THEN COALESCE([e1].[FirstName], N'') + N' ' + COALESCE([e1].[LastName], N'')
    ELSE N''
END AS [ReportingManagerName], [e].[IsActive], [e].[CreatedDate]
FROM [Employee] AS [e]
INNER JOIN [Department] AS [d] ON [e].[DepartmentId] = [d].[DepartmentId]
INNER JOIN [Designation] AS [d0] ON [e].[DesignationId] = [d0].[DesignationId]
INNER JOIN [Workplace] AS [w] ON [e].[WorkplaceId] = [w].[WorkplaceId]
INNER JOIN [AspNetUsers] AS [a] ON [e].[UserId] = [a].[Id]
LEFT JOIN [Employee] AS [e1] ON [e].[ReportingEmployeeId] = [e1].[EmployeeId]
WHERE [e].[IsActive] = CAST(1 AS bit) AND ([e].[ReportingEmployeeId] = @currentEmployee_EmployeeId OR EXISTS (
    SELECT 1
    FROM [Employee] AS [e0]
    WHERE [e0].[EmployeeId] = [e].[ReportingEmployeeId] AND [e0].[ReportingEmployeeId] = @currentEmployee_EmployeeId))
[2026-08-04 02:02:24.305 +05:30  INF]  Executing OkObjectResult, writing value of type 'Crayon.Entity.Common.Result`1[[System.Collections.Generic.List`1[[Crayon.Entity.Dto.EmployeeResponse, Crayon.Entity, Version=1.0.0.0, Culture=neutral, PublicKeyToken=null]], System.Private.CoreLib, Version=10.0.0.0, Culture=neutral, PublicKeyToken=7cec85d7bea7798e]]'.
[2026-08-04 02:02:24.305 +05:30  INF]  Executed action Crayon.api.Controllers.EmployeeController.GetVisibleEmployees (Crayon.api) in 83.7885ms
[2026-08-04 02:02:24.305 +05:30  INF]  Executed endpoint 'Crayon.api.Controllers.EmployeeController.GetVisibleEmployees (Crayon.api)'
[2026-08-04 02:02:24.305 +05:30  INF]  Request finished HTTP/1.1 GET http://localhost:5278/api/Employee/GetVisibleEmployees - 200 null application/json; charset=utf-8 88.0908ms
[2026-08-04 02:02:25.162 +05:30  INF]  Request starting HTTP/1.1 GET http://localhost:5278/api/Dashboard/GetEmployeeCount - null null
[2026-08-04 02:02:25.163 +05:30  INF]  Executing endpoint 'Crayon.api.Controllers.DashboardController.GetEmployeeCount (Crayon.api)'
[2026-08-04 02:02:25.163 +05:30  INF]  Route matched with {action = "GetEmployeeCount", controller = "Dashboard"}. Executing controller action with signature System.Threading.Tasks.Task`1[Microsoft.AspNetCore.Mvc.IActionResult] GetEmployeeCount() on controller Crayon.api.Controllers.DashboardController (Crayon.api).
[2026-08-04 02:02:25.173 +05:30  INF]  Executed DbCommand (4ms) [Parameters=[], CommandType='"Text"', CommandTimeout='30']
SELECT COUNT(*)
FROM [Employee] AS [e]
[2026-08-04 02:02:25.174 +05:30  INF]  Executing OkObjectResult, writing value of type 'System.Int32'.
[2026-08-04 02:02:25.174 +05:30  INF]  Executed action Crayon.api.Controllers.DashboardController.GetEmployeeCount (Crayon.api) in 10.2813ms
[2026-08-04 02:02:25.174 +05:30  INF]  Executed endpoint 'Crayon.api.Controllers.DashboardController.GetEmployeeCount (Crayon.api)'
[2026-08-04 02:02:25.174 +05:30  INF]  Request finished HTTP/1.1 GET http://localhost:5278/api/Dashboard/GetEmployeeCount - 200 null application/json; charset=utf-8 12.6816ms
[2026-08-04 02:02:25.187 +05:30  INF]  Request starting HTTP/1.1 GET http://localhost:5278/api/Dashboard/GetPendingLeaveCount - null null
[2026-08-04 02:02:25.188 +05:30  INF]  Executing endpoint 'Crayon.api.Controllers.DashboardController.GetPendingLeaveCount (Crayon.api)'
[2026-08-04 02:02:25.188 +05:30  INF]  Route matched with {action = "GetPendingLeaveCount", controller = "Dashboard"}. Executing controller action with signature System.Threading.Tasks.Task`1[Microsoft.AspNetCore.Mvc.IActionResult] GetPendingLeaveCount() on controller Crayon.api.Controllers.DashboardController (Crayon.api).
[2026-08-04 02:02:25.200 +05:30  INF]  Executed DbCommand (5ms) [Parameters=[], CommandType='"Text"', CommandTimeout='30']
SELECT COUNT(*)
FROM [LeaveApplication] AS [l]
WHERE [l].[Status] = N'Pending'
[2026-08-04 02:02:25.201 +05:30  INF]  Executing OkObjectResult, writing value of type 'System.Int32'.
[2026-08-04 02:02:25.201 +05:30  INF]  Executed action Crayon.api.Controllers.DashboardController.GetPendingLeaveCount (Crayon.api) in 12.6927ms
[2026-08-04 02:02:25.201 +05:30  INF]  Executed endpoint 'Crayon.api.Controllers.DashboardController.GetPendingLeaveCount (Crayon.api)'
[2026-08-04 02:02:25.201 +05:30  INF]  Request finished HTTP/1.1 GET http://localhost:5278/api/Dashboard/GetPendingLeaveCount - 200 null application/json; charset=utf-8 14.7302ms
[2026-08-04 02:02:25.418 +05:30  INF]  Request starting HTTP/1.1 GET http://localhost:5278/api/Attendance/GetEmployeeAttendance/77b4488b-cb60-47bd-b1e6-7ffc73e27eb3 - null null
[2026-08-04 02:02:25.419 +05:30  INF]  Executing endpoint 'Crayon.Api.Controllers.AttendanceController.GetEmployeeAttendance (Crayon.api)'
[2026-08-04 02:02:25.419 +05:30  INF]  Route matched with {action = "GetEmployeeAttendance", controller = "Attendance"}. Executing controller action with signature System.Threading.Tasks.Task`1[Microsoft.AspNetCore.Mvc.IActionResult] GetEmployeeAttendance(System.String) on controller Crayon.Api.Controllers.AttendanceController (Crayon.api).
[2026-08-04 02:02:25.435 +05:30  INF]  Executed DbCommand (3ms) [Parameters=[@userId='?' (Size = 450)], CommandType='"Text"', CommandTimeout='30']
SELECT TOP(1) [e].[EmployeeId], [e].[CreatedDate], [e].[DepartmentId], [e].[DesignationId], [e].[EmployeeCode], [e].[FirstName], [e].[IsActive], [e].[LastName], [e].[PhoneNumber], [e].[ReportingEmployeeId], [e].[ReportingToEmployeeId], [e].[UserId], [e].[WorkplaceId]
FROM [Employee] AS [e]
WHERE [e].[UserId] = @userId
[2026-08-04 02:02:25.447 +05:30  INF]  Executed DbCommand (5ms) [Parameters=[@employee_EmployeeId='?' (DbType = Int32)], CommandType='"Text"', CommandTimeout='30']
SELECT [a].[AttendanceId], [e].[EmployeeId], [e].[FirstName] + N' ' + [e].[LastName] AS [EmployeeName], [a].[AttendanceDate], [a].[CheckInTime], [a].[CheckOutTime], [a].[HoursWorked], [a].[AttendanceStatus], [a].[IsApproved]
FROM [Attendance] AS [a]
INNER JOIN [Employee] AS [e] ON [a].[EmployeeId] = [e].[EmployeeId]
WHERE [a].[EmployeeId] = @employee_EmployeeId
ORDER BY [a].[AttendanceDate] DESC
[2026-08-04 02:02:25.448 +05:30  INF]  Executing OkObjectResult, writing value of type 'Crayon.Entity.Common.Result`1[[System.Collections.Generic.List`1[[Crayon.Entity.Dto.AttendanceResponse, Crayon.Entity, Version=1.0.0.0, Culture=neutral, PublicKeyToken=null]], System.Private.CoreLib, Version=10.0.0.0, Culture=neutral, PublicKeyToken=7cec85d7bea7798e]]'.
[2026-08-04 02:02:25.449 +05:30  INF]  Executed action Crayon.Api.Controllers.AttendanceController.GetEmployeeAttendance (Crayon.api) in 29.2306ms
[2026-08-04 02:02:25.449 +05:30  INF]  Executed endpoint 'Crayon.Api.Controllers.AttendanceController.GetEmployeeAttendance (Crayon.api)'
[2026-08-04 02:02:25.449 +05:30  INF]  Request finished HTTP/1.1 GET http://localhost:5278/api/Attendance/GetEmployeeAttendance/77b4488b-cb60-47bd-b1e6-7ffc73e27eb3 - 200 null application/json; charset=utf-8 31.8812ms
[2026-08-04 02:02:36.412 +05:30  INF]  Request starting HTTP/1.1 POST http://localhost:5278/api/Employee/Login - application/json; charset=utf-8 55
[2026-08-04 02:02:36.413 +05:30  INF]  Executing endpoint 'Crayon.api.Controllers.EmployeeController.Login (Crayon.api)'
[2026-08-04 02:02:36.413 +05:30  INF]  Route matched with {action = "Login", controller = "Employee"}. Executing controller action with signature System.Threading.Tasks.Task`1[Microsoft.AspNetCore.Mvc.IActionResult] Login(Crayon.Entity.Dto.UserRequest) on controller Crayon.api.Controllers.EmployeeController (Crayon.api).
[2026-08-04 02:02:36.429 +05:30  INF]  Executed DbCommand (9ms) [Parameters=[@normalizedEmail='?' (Size = 256)], CommandType='"Text"', CommandTimeout='30']
SELECT TOP(2) [a].[Id], [a].[AccessFailedCount], [a].[ConcurrencyStamp], [a].[Email], [a].[EmailConfirmed], [a].[LockoutEnabled], [a].[LockoutEnd], [a].[NormalizedEmail], [a].[NormalizedUserName], [a].[PasswordHash], [a].[PhoneNumber], [a].[PhoneNumberConfirmed], [a].[SecurityStamp], [a].[TwoFactorEnabled], [a].[UserName]
FROM [AspNetUsers] AS [a]
WHERE [a].[NormalizedEmail] = @normalizedEmail
[2026-08-04 02:02:36.695 +05:30  INF]  Executed DbCommand (8ms) [Parameters=[@userId='?' (Size = 450)], CommandType='"Text"', CommandTimeout='30']
SELECT [a0].[Name]
FROM [AspNetUserRoles] AS [a]
INNER JOIN [AspNetRoles] AS [a0] ON [a].[RoleId] = [a0].[Id]
WHERE [a].[UserId] = @userId
[2026-08-04 02:02:36.696 +05:30  INF]  Executing OkObjectResult, writing value of type 'Crayon.Entity.Common.Result`1[[Crayon.Entity.Dto.UserResponse, Crayon.Entity, Version=1.0.0.0, Culture=neutral, PublicKeyToken=null]]'.
[2026-08-04 02:02:36.697 +05:30  INF]  Executed action Crayon.api.Controllers.EmployeeController.Login (Crayon.api) in 283.6218ms
[2026-08-04 02:02:36.698 +05:30  INF]  Executed endpoint 'Crayon.api.Controllers.EmployeeController.Login (Crayon.api)'
[2026-08-04 02:02:36.698 +05:30  INF]  Request finished HTTP/1.1 POST http://localhost:5278/api/Employee/Login - 200 null application/json; charset=utf-8 286.0918ms
[2026-08-04 02:02:36.786 +05:30  INF]  Request starting HTTP/1.1 GET http://localhost:5278/api/LeaveApplication/GetManagerLeaveApplications/0fab7b97-b751-4afc-8d80-073ffe50be25 - null null
[2026-08-04 02:02:36.787 +05:30  INF]  Executing endpoint 'Crayon.api.Controllers.LeaveApplicationController.GetManagerLeaveApplications (Crayon.api)'
[2026-08-04 02:02:36.833 +05:30  INF]  Route matched with {action = "GetManagerLeaveApplications", controller = "LeaveApplication"}. Executing controller action with signature System.Threading.Tasks.Task`1[Microsoft.AspNetCore.Mvc.IActionResult] GetManagerLeaveApplications(System.String) on controller Crayon.api.Controllers.LeaveApplicationController (Crayon.api).
[2026-08-04 02:02:36.900 +05:30  INF]  Executed DbCommand (7ms) [Parameters=[@managerUserId='?' (Size = 450)], CommandType='"Text"', CommandTimeout='30']
SELECT TOP(1) [e].[EmployeeId], [e].[CreatedDate], [e].[DepartmentId], [e].[DesignationId], [e].[EmployeeCode], [e].[FirstName], [e].[IsActive], [e].[LastName], [e].[PhoneNumber], [e].[ReportingEmployeeId], [e].[ReportingToEmployeeId], [e].[UserId], [e].[WorkplaceId]
FROM [Employee] AS [e]
WHERE [e].[UserId] = @managerUserId
[2026-08-04 02:02:36.934 +05:30  INF]  Executed DbCommand (14ms) [Parameters=[@manager_EmployeeId='?' (DbType = Int32)], CommandType='"Text"', CommandTimeout='30']
SELECT [l].[LeaveApplicationId], [e].[FirstName] + N' ' + [e].[LastName] AS [EmployeeName], [l0].[LeaveName], [l].[FromDate], [l].[ToDate], [l].[TotalDays], [l].[Reason], [l].[Status], [l].[AppliedDate]
FROM [LeaveApplication] AS [l]
INNER JOIN [Employee] AS [e] ON [l].[EmployeeId] = [e].[EmployeeId]
INNER JOIN [LeaveType] AS [l0] ON [l].[LeaveTypeId] = [l0].[LeaveTypeId]
WHERE [e].[ReportingEmployeeId] = @manager_EmployeeId
[2026-08-04 02:02:36.935 +05:30  INF]  Executing OkObjectResult, writing value of type 'Crayon.Entity.Common.Result`1[[System.Collections.Generic.List`1[[Crayon.Entity.Dto.LeaveApplicationResponse, Crayon.Entity, Version=1.0.0.0, Culture=neutral, PublicKeyToken=null]], System.Private.CoreLib, Version=10.0.0.0, Culture=neutral, PublicKeyToken=7cec85d7bea7798e]]'.
[2026-08-04 02:02:36.935 +05:30  INF]  Executed action Crayon.api.Controllers.LeaveApplicationController.GetManagerLeaveApplications (Crayon.api) in 101.5512ms
[2026-08-04 02:02:36.935 +05:30  INF]  Executed endpoint 'Crayon.api.Controllers.LeaveApplicationController.GetManagerLeaveApplications (Crayon.api)'
[2026-08-04 02:02:36.936 +05:30  INF]  Request finished HTTP/1.1 GET http://localhost:5278/api/LeaveApplication/GetManagerLeaveApplications/0fab7b97-b751-4afc-8d80-073ffe50be25 - 200 null application/json; charset=utf-8 150.0902ms
[2026-08-04 02:02:37.247 +05:30  INF]  Request starting HTTP/1.1 GET http://localhost:5278/api/Attendance/GetEmployeeAttendance/0fab7b97-b751-4afc-8d80-073ffe50be25 - null null
[2026-08-04 02:02:37.247 +05:30  INF]  Executing endpoint 'Crayon.Api.Controllers.AttendanceController.GetEmployeeAttendance (Crayon.api)'
[2026-08-04 02:02:37.248 +05:30  INF]  Route matched with {action = "GetEmployeeAttendance", controller = "Attendance"}. Executing controller action with signature System.Threading.Tasks.Task`1[Microsoft.AspNetCore.Mvc.IActionResult] GetEmployeeAttendance(System.String) on controller Crayon.Api.Controllers.AttendanceController (Crayon.api).
[2026-08-04 02:02:37.255 +05:30  INF]  Executed DbCommand (1ms) [Parameters=[@userId='?' (Size = 450)], CommandType='"Text"', CommandTimeout='30']
SELECT TOP(1) [e].[EmployeeId], [e].[CreatedDate], [e].[DepartmentId], [e].[DesignationId], [e].[EmployeeCode], [e].[FirstName], [e].[IsActive], [e].[LastName], [e].[PhoneNumber], [e].[ReportingEmployeeId], [e].[ReportingToEmployeeId], [e].[UserId], [e].[WorkplaceId]
FROM [Employee] AS [e]
WHERE [e].[UserId] = @userId
[2026-08-04 02:02:37.270 +05:30  INF]  Executed DbCommand (8ms) [Parameters=[@employee_EmployeeId='?' (DbType = Int32)], CommandType='"Text"', CommandTimeout='30']
SELECT [a].[AttendanceId], [e].[EmployeeId], [e].[FirstName] + N' ' + [e].[LastName] AS [EmployeeName], [a].[AttendanceDate], [a].[CheckInTime], [a].[CheckOutTime], [a].[HoursWorked], [a].[AttendanceStatus], [a].[IsApproved]
FROM [Attendance] AS [a]
INNER JOIN [Employee] AS [e] ON [a].[EmployeeId] = [e].[EmployeeId]
WHERE [a].[EmployeeId] = @employee_EmployeeId
ORDER BY [a].[AttendanceDate] DESC
[2026-08-04 02:02:37.271 +05:30  INF]  Executing OkObjectResult, writing value of type 'Crayon.Entity.Common.Result`1[[System.Collections.Generic.List`1[[Crayon.Entity.Dto.AttendanceResponse, Crayon.Entity, Version=1.0.0.0, Culture=neutral, PublicKeyToken=null]], System.Private.CoreLib, Version=10.0.0.0, Culture=neutral, PublicKeyToken=7cec85d7bea7798e]]'.
[2026-08-04 02:02:37.271 +05:30  INF]  Executed action Crayon.Api.Controllers.AttendanceController.GetEmployeeAttendance (Crayon.api) in 23.0703ms
[2026-08-04 02:02:37.271 +05:30  INF]  Executed endpoint 'Crayon.Api.Controllers.AttendanceController.GetEmployeeAttendance (Crayon.api)'
[2026-08-04 02:02:37.272 +05:30  INF]  Request finished HTTP/1.1 GET http://localhost:5278/api/Attendance/GetEmployeeAttendance/0fab7b97-b751-4afc-8d80-073ffe50be25 - 200 null application/json; charset=utf-8 25.2589ms
[2026-08-04 02:02:57.907 +05:30  INF]  Request starting HTTP/1.1 GET http://localhost:5278/api/Employee/GetVisibleEmployees - null null
[2026-08-04 02:02:57.908 +05:30  INF]  Executing endpoint 'Crayon.api.Controllers.EmployeeController.GetVisibleEmployees (Crayon.api)'
[2026-08-04 02:02:57.909 +05:30  INF]  Route matched with {action = "GetVisibleEmployees", controller = "Employee"}. Executing controller action with signature System.Threading.Tasks.Task`1[Microsoft.AspNetCore.Mvc.IActionResult] GetVisibleEmployees() on controller Crayon.api.Controllers.EmployeeController (Crayon.api).
[2026-08-04 02:02:57.958 +05:30  INF]  Executed DbCommand (4ms) [Parameters=[@userId='?' (Size = 450)], CommandType='"Text"', CommandTimeout='30']
SELECT TOP(1) [e].[EmployeeId], [e].[CreatedDate], [e].[DepartmentId], [e].[DesignationId], [e].[EmployeeCode], [e].[FirstName], [e].[IsActive], [e].[LastName], [e].[PhoneNumber], [e].[ReportingEmployeeId], [e].[ReportingToEmployeeId], [e].[UserId], [e].[WorkplaceId]
FROM [Employee] AS [e]
WHERE [e].[UserId] = @userId
[2026-08-04 02:02:58.014 +05:30  INF]  Executed DbCommand (3ms) [Parameters=[@currentEmployee_EmployeeId='?' (DbType = Int32)], CommandType='"Text"', CommandTimeout='30']
SELECT [e].[EmployeeId], [e].[UserId], [e].[EmployeeCode], [e].[FirstName], [e].[LastName], [e].[FirstName] + N' ' + [e].[LastName] AS [FullName], [a].[Email], [e].[PhoneNumber], [d].[DepartmentId], [d].[DepartmentName], [d0].[DesignationId], [d0].[DesignationName], [w].[WorkplaceId], [w].[Name] AS [WorkplaceName], (
    SELECT TOP(1) [a1].[Name]
    FROM [AspNetUserRoles] AS [a0]
    INNER JOIN [AspNetRoles] AS [a1] ON [a0].[RoleId] = [a1].[Id]
    WHERE [a0].[UserId] = [a].[Id]) AS [RoleName], [e].[ReportingEmployeeId] AS [ReportingManagerId], CASE
    WHEN [e1].[EmployeeId] IS NOT NULL THEN COALESCE([e1].[FirstName], N'') + N' ' + COALESCE([e1].[LastName], N'')
    ELSE N''
END AS [ReportingManagerName], [e].[IsActive], [e].[CreatedDate]
FROM [Employee] AS [e]
INNER JOIN [Department] AS [d] ON [e].[DepartmentId] = [d].[DepartmentId]
INNER JOIN [Designation] AS [d0] ON [e].[DesignationId] = [d0].[DesignationId]
INNER JOIN [Workplace] AS [w] ON [e].[WorkplaceId] = [w].[WorkplaceId]
INNER JOIN [AspNetUsers] AS [a] ON [e].[UserId] = [a].[Id]
LEFT JOIN [Employee] AS [e1] ON [e].[ReportingEmployeeId] = [e1].[EmployeeId]
WHERE [e].[IsActive] = CAST(1 AS bit) AND ([e].[ReportingEmployeeId] = @currentEmployee_EmployeeId OR EXISTS (
    SELECT 1
    FROM [Employee] AS [e0]
    WHERE [e0].[EmployeeId] = [e].[ReportingEmployeeId] AND [e0].[ReportingEmployeeId] = @currentEmployee_EmployeeId))
[2026-08-04 02:02:58.020 +05:30  INF]  Executing OkObjectResult, writing value of type 'Crayon.Entity.Common.Result`1[[System.Collections.Generic.List`1[[Crayon.Entity.Dto.EmployeeResponse, Crayon.Entity, Version=1.0.0.0, Culture=neutral, PublicKeyToken=null]], System.Private.CoreLib, Version=10.0.0.0, Culture=neutral, PublicKeyToken=7cec85d7bea7798e]]'.
[2026-08-04 02:02:58.021 +05:30  INF]  Executed action Crayon.api.Controllers.EmployeeController.GetVisibleEmployees (Crayon.api) in 111.5519ms
[2026-08-04 02:02:58.022 +05:30  INF]  Executed endpoint 'Crayon.api.Controllers.EmployeeController.GetVisibleEmployees (Crayon.api)'
[2026-08-04 02:02:58.022 +05:30  INF]  Request finished HTTP/1.1 GET http://localhost:5278/api/Employee/GetVisibleEmployees - 200 null application/json; charset=utf-8 117.2829ms
[2026-08-04 02:03:18.208 +05:30  INF]  Request starting HTTP/1.1 GET http://localhost:5278/api/Employee/GetMyTeam/0fab7b97-b751-4afc-8d80-073ffe50be25 - null null
[2026-08-04 02:03:18.210 +05:30  INF]  Executing endpoint 'Crayon.api.Controllers.EmployeeController.GetMyTeam (Crayon.api)'
[2026-08-04 02:03:18.210 +05:30  INF]  Route matched with {action = "GetMyTeam", controller = "Employee"}. Executing controller action with signature System.Threading.Tasks.Task`1[Microsoft.AspNetCore.Mvc.IActionResult] GetMyTeam(System.String) on controller Crayon.api.Controllers.EmployeeController (Crayon.api).
[2026-08-04 02:03:18.255 +05:30  INF]  Executed DbCommand (22ms) [Parameters=[@userId='?' (Size = 450)], CommandType='"Text"', CommandTimeout='30']
SELECT TOP(1) [e].[EmployeeId], [e].[CreatedDate], [e].[DepartmentId], [e].[DesignationId], [e].[EmployeeCode], [e].[FirstName], [e].[IsActive], [e].[LastName], [e].[PhoneNumber], [e].[ReportingEmployeeId], [e].[ReportingToEmployeeId], [e].[UserId], [e].[WorkplaceId]
FROM [Employee] AS [e]
WHERE [e].[UserId] = @userId
[2026-08-04 02:03:18.305 +05:30  INF]  Executed DbCommand (40ms) [Parameters=[@manager_EmployeeId='?' (DbType = Int32)], CommandType='"Text"', CommandTimeout='30']
SELECT [e].[EmployeeId], [e].[UserId], [e].[EmployeeCode], [e].[FirstName], [e].[LastName], [e].[FirstName] + N' ' + [e].[LastName] AS [FullName], [a].[Email], [e].[PhoneNumber], [d].[DepartmentName], [d0].[DesignationName], [e].[IsActive]
FROM [Employee] AS [e]
INNER JOIN [Department] AS [d] ON [e].[DepartmentId] = [d].[DepartmentId]
INNER JOIN [Designation] AS [d0] ON [e].[DesignationId] = [d0].[DesignationId]
INNER JOIN [AspNetUsers] AS [a] ON [e].[UserId] = [a].[Id]
WHERE [e].[ReportingEmployeeId] = @manager_EmployeeId AND [e].[IsActive] = CAST(1 AS bit)
[2026-08-04 02:03:18.306 +05:30  INF]  Executing OkObjectResult, writing value of type 'Crayon.Entity.Common.Result`1[[System.Collections.Generic.List`1[[Crayon.Entity.Dto.EmployeeResponse, Crayon.Entity, Version=1.0.0.0, Culture=neutral, PublicKeyToken=null]], System.Private.CoreLib, Version=10.0.0.0, Culture=neutral, PublicKeyToken=7cec85d7bea7798e]]'.
[2026-08-04 02:03:18.307 +05:30  INF]  Executed action Crayon.api.Controllers.EmployeeController.GetMyTeam (Crayon.api) in 96.3839ms
[2026-08-04 02:03:18.307 +05:30  INF]  Executed endpoint 'Crayon.api.Controllers.EmployeeController.GetMyTeam (Crayon.api)'
[2026-08-04 02:03:18.308 +05:30  INF]  Request finished HTTP/1.1 GET http://localhost:5278/api/Employee/GetMyTeam/0fab7b97-b751-4afc-8d80-073ffe50be25 - 200 null application/json; charset=utf-8 99.8696ms
[2026-08-04 02:03:25.143 +05:30  INF]  Request starting HTTP/1.1 GET http://localhost:5278/api/LeaveApplication/GetManagerLeaveApplications/0fab7b97-b751-4afc-8d80-073ffe50be25 - null null
[2026-08-04 02:03:25.146 +05:30  INF]  Executing endpoint 'Crayon.api.Controllers.LeaveApplicationController.GetManagerLeaveApplications (Crayon.api)'
[2026-08-04 02:03:25.146 +05:30  INF]  Route matched with {action = "GetManagerLeaveApplications", controller = "LeaveApplication"}. Executing controller action with signature System.Threading.Tasks.Task`1[Microsoft.AspNetCore.Mvc.IActionResult] GetManagerLeaveApplications(System.String) on controller Crayon.api.Controllers.LeaveApplicationController (Crayon.api).
[2026-08-04 02:03:25.168 +05:30  INF]  Executed DbCommand (11ms) [Parameters=[@managerUserId='?' (Size = 450)], CommandType='"Text"', CommandTimeout='30']
SELECT TOP(1) [e].[EmployeeId], [e].[CreatedDate], [e].[DepartmentId], [e].[DesignationId], [e].[EmployeeCode], [e].[FirstName], [e].[IsActive], [e].[LastName], [e].[PhoneNumber], [e].[ReportingEmployeeId], [e].[ReportingToEmployeeId], [e].[UserId], [e].[WorkplaceId]
FROM [Employee] AS [e]
WHERE [e].[UserId] = @managerUserId
[2026-08-04 02:03:25.199 +05:30  INF]  Executed DbCommand (24ms) [Parameters=[@manager_EmployeeId='?' (DbType = Int32)], CommandType='"Text"', CommandTimeout='30']
SELECT [l].[LeaveApplicationId], [e].[FirstName] + N' ' + [e].[LastName] AS [EmployeeName], [l0].[LeaveName], [l].[FromDate], [l].[ToDate], [l].[TotalDays], [l].[Reason], [l].[Status], [l].[AppliedDate]
FROM [LeaveApplication] AS [l]
INNER JOIN [Employee] AS [e] ON [l].[EmployeeId] = [e].[EmployeeId]
INNER JOIN [LeaveType] AS [l0] ON [l].[LeaveTypeId] = [l0].[LeaveTypeId]
WHERE [e].[ReportingEmployeeId] = @manager_EmployeeId
[2026-08-04 02:03:25.200 +05:30  INF]  Executing OkObjectResult, writing value of type 'Crayon.Entity.Common.Result`1[[System.Collections.Generic.List`1[[Crayon.Entity.Dto.LeaveApplicationResponse, Crayon.Entity, Version=1.0.0.0, Culture=neutral, PublicKeyToken=null]], System.Private.CoreLib, Version=10.0.0.0, Culture=neutral, PublicKeyToken=7cec85d7bea7798e]]'.
[2026-08-04 02:03:25.200 +05:30  INF]  Executed action Crayon.api.Controllers.LeaveApplicationController.GetManagerLeaveApplications (Crayon.api) in 54.2107ms
[2026-08-04 02:03:25.201 +05:30  INF]  Executed endpoint 'Crayon.api.Controllers.LeaveApplicationController.GetManagerLeaveApplications (Crayon.api)'
[2026-08-04 02:03:25.201 +05:30  INF]  Request finished HTTP/1.1 GET http://localhost:5278/api/LeaveApplication/GetManagerLeaveApplications/0fab7b97-b751-4afc-8d80-073ffe50be25 - 200 null application/json; charset=utf-8 57.9101ms
[2026-08-04 02:03:27.479 +05:30  INF]  Request starting HTTP/1.1 GET http://localhost:5278/api/Attendance/GetAllAttendance - null null
[2026-08-04 02:03:27.481 +05:30  INF]  Executing endpoint 'Crayon.Api.Controllers.AttendanceController.GetAllAttendance (Crayon.api)'
[2026-08-04 02:03:27.481 +05:30  INF]  Route matched with {action = "GetAllAttendance", controller = "Attendance"}. Executing controller action with signature System.Threading.Tasks.Task`1[Microsoft.AspNetCore.Mvc.IActionResult] GetAllAttendance() on controller Crayon.Api.Controllers.AttendanceController (Crayon.api).
[2026-08-04 02:03:27.503 +05:30  INF]  Executed DbCommand (15ms) [Parameters=[], CommandType='"Text"', CommandTimeout='30']
SELECT [a].[AttendanceId], [e].[EmployeeId], [e].[FirstName] + N' ' + [e].[LastName] AS [EmployeeName], [a].[AttendanceDate], [a].[CheckInTime], [a].[CheckOutTime], [a].[HoursWorked], [a].[AttendanceStatus], [a].[IsApproved]
FROM [Attendance] AS [a]
INNER JOIN [Employee] AS [e] ON [a].[EmployeeId] = [e].[EmployeeId]
[2026-08-04 02:03:27.505 +05:30  INF]  Executing OkObjectResult, writing value of type 'Crayon.Entity.Common.Result`1[[System.Collections.Generic.List`1[[Crayon.Entity.Dto.AttendanceResponse, Crayon.Entity, Version=1.0.0.0, Culture=neutral, PublicKeyToken=null]], System.Private.CoreLib, Version=10.0.0.0, Culture=neutral, PublicKeyToken=7cec85d7bea7798e]]'.
[2026-08-04 02:03:27.505 +05:30  INF]  Executed action Crayon.Api.Controllers.AttendanceController.GetAllAttendance (Crayon.api) in 24.0715ms
[2026-08-04 02:03:27.506 +05:30  INF]  Executed endpoint 'Crayon.Api.Controllers.AttendanceController.GetAllAttendance (Crayon.api)'
[2026-08-04 02:03:27.506 +05:30  INF]  Request finished HTTP/1.1 GET http://localhost:5278/api/Attendance/GetAllAttendance - 200 null application/json; charset=utf-8 27.5144ms
[2026-08-04 02:03:31.843 +05:30  INF]  Request starting HTTP/1.1 GET http://localhost:5278/api/ProjectTask/GetAllProjectTasks - null null
[2026-08-04 02:03:31.848 +05:30  INF]  Executing endpoint 'Crayon.Api.Controllers.ProjectTaskController.GetAllProjectTasks (Crayon.api)'
[2026-08-04 02:03:31.849 +05:30  INF]  Route matched with {action = "GetAllProjectTasks", controller = "ProjectTask"}. Executing controller action with signature System.Threading.Tasks.Task`1[Microsoft.AspNetCore.Mvc.IActionResult] GetAllProjectTasks() on controller Crayon.Api.Controllers.ProjectTaskController (Crayon.api).
[2026-08-04 02:03:31.866 +05:30  INF]  Executed DbCommand (10ms) [Parameters=[], CommandType='"Text"', CommandTimeout='30']
SELECT [p].[ProjectTaskId], [p].[ProjectId], [p0].[ProjectName], [p].[TaskName]
FROM [ProjectTask] AS [p]
INNER JOIN [Project] AS [p0] ON [p].[ProjectId] = [p0].[ProjectId]
[2026-08-04 02:03:31.866 +05:30  INF]  Executing OkObjectResult, writing value of type 'Crayon.Entity.Common.Result`1[[System.Collections.Generic.List`1[[Crayon.Entity.Dto.ProjectTaskResponse, Crayon.Entity, Version=1.0.0.0, Culture=neutral, PublicKeyToken=null]], System.Private.CoreLib, Version=10.0.0.0, Culture=neutral, PublicKeyToken=7cec85d7bea7798e]]'.
[2026-08-04 02:03:31.867 +05:30  INF]  Executed action Crayon.Api.Controllers.ProjectTaskController.GetAllProjectTasks (Crayon.api) in 17.9137ms
[2026-08-04 02:03:31.867 +05:30  INF]  Executed endpoint 'Crayon.Api.Controllers.ProjectTaskController.GetAllProjectTasks (Crayon.api)'
[2026-08-04 02:03:31.867 +05:30  INF]  Request finished HTTP/1.1 GET http://localhost:5278/api/ProjectTask/GetAllProjectTasks - 200 null application/json; charset=utf-8 24.0647ms
[2026-08-04 02:03:35.015 +05:30  INF]  Request starting HTTP/1.1 GET http://localhost:5278/api/Project/GetAllProjects - null null
[2026-08-04 02:03:35.016 +05:30  INF]  Executing endpoint 'Crayon.Api.Controllers.ProjectController.GetAllProjects (Crayon.api)'
[2026-08-04 02:03:35.016 +05:30  INF]  Route matched with {action = "GetAllProjects", controller = "Project"}. Executing controller action with signature System.Threading.Tasks.Task`1[Microsoft.AspNetCore.Mvc.IActionResult] GetAllProjects() on controller Crayon.Api.Controllers.ProjectController (Crayon.api).
[2026-08-04 02:03:35.027 +05:30  INF]  Executed DbCommand (6ms) [Parameters=[], CommandType='"Text"', CommandTimeout='30']
SELECT [p].[ProjectId], [p].[ProjectName], [p].[Description]
FROM [Project] AS [p]
WHERE [p].[IsActive] = CAST(1 AS bit)
[2026-08-04 02:03:35.028 +05:30  INF]  Executing OkObjectResult, writing value of type 'Crayon.Entity.Common.Result`1[[System.Collections.Generic.List`1[[Crayon.Entity.Dto.ProjectResponse, Crayon.Entity, Version=1.0.0.0, Culture=neutral, PublicKeyToken=null]], System.Private.CoreLib, Version=10.0.0.0, Culture=neutral, PublicKeyToken=7cec85d7bea7798e]]'.
[2026-08-04 02:03:35.028 +05:30  INF]  Executed action Crayon.Api.Controllers.ProjectController.GetAllProjects (Crayon.api) in 12.0023ms
[2026-08-04 02:03:35.028 +05:30  INF]  Executed endpoint 'Crayon.Api.Controllers.ProjectController.GetAllProjects (Crayon.api)'
[2026-08-04 02:03:35.029 +05:30  INF]  Request finished HTTP/1.1 GET http://localhost:5278/api/Project/GetAllProjects - 200 null application/json; charset=utf-8 13.9016ms
[2026-08-04 02:03:36.479 +05:30  INF]  Request starting HTTP/1.1 GET http://localhost:5278/api/Timesheet/GetEmployeeTimesheets/0fab7b97-b751-4afc-8d80-073ffe50be25 - null null
[2026-08-04 02:03:36.480 +05:30  INF]  Executing endpoint 'Crayon.Api.Controllers.TimesheetController.GetEmployeeTimesheets (Crayon.api)'
[2026-08-04 02:03:36.481 +05:30  INF]  Route matched with {action = "GetEmployeeTimesheets", controller = "Timesheet"}. Executing controller action with signature System.Threading.Tasks.Task`1[Microsoft.AspNetCore.Mvc.IActionResult] GetEmployeeTimesheets(System.String) on controller Crayon.Api.Controllers.TimesheetController (Crayon.api).
[2026-08-04 02:03:36.501 +05:30  INF]  Executed DbCommand (4ms) [Parameters=[@userId='?' (Size = 450)], CommandType='"Text"', CommandTimeout='30']
SELECT TOP(1) [e].[EmployeeId], [e].[CreatedDate], [e].[DepartmentId], [e].[DesignationId], [e].[EmployeeCode], [e].[FirstName], [e].[IsActive], [e].[LastName], [e].[PhoneNumber], [e].[ReportingEmployeeId], [e].[ReportingToEmployeeId], [e].[UserId], [e].[WorkplaceId]
FROM [Employee] AS [e]
WHERE [e].[UserId] = @userId
[2026-08-04 02:03:36.537 +05:30  INF]  Executed DbCommand (29ms) [Parameters=[@employee_EmployeeId='?' (DbType = Int32)], CommandType='"Text"', CommandTimeout='30']
SELECT [t].[TimesheetId], [e].[EmployeeId], [e].[FirstName] + N' ' + [e].[LastName] AS [EmployeeName], [p].[ProjectId], [p].[ProjectName], [p0].[ProjectTaskId], [p0].[TaskName], [t].[HoursWorked], [t].[WorkDate], [t].[WorkDescription]
FROM [Timesheet] AS [t]
INNER JOIN [Employee] AS [e] ON [t].[EmployeeId] = [e].[EmployeeId]
INNER JOIN [Project] AS [p] ON [t].[ProjectId] = [p].[ProjectId]
INNER JOIN [ProjectTask] AS [p0] ON [t].[ProjectTaskId] = [p0].[ProjectTaskId]
WHERE [t].[EmployeeId] = @employee_EmployeeId
[2026-08-04 02:03:36.538 +05:30  INF]  Executing OkObjectResult, writing value of type 'Crayon.Entity.Common.Result`1[[System.Collections.Generic.List`1[[Crayon.Entity.Dto.TimesheetResponse, Crayon.Entity, Version=1.0.0.0, Culture=neutral, PublicKeyToken=null]], System.Private.CoreLib, Version=10.0.0.0, Culture=neutral, PublicKeyToken=7cec85d7bea7798e]]'.
[2026-08-04 02:03:36.538 +05:30  INF]  Executed action Crayon.Api.Controllers.TimesheetController.GetEmployeeTimesheets (Crayon.api) in 55.7459ms
[2026-08-04 02:03:36.539 +05:30  INF]  Executed endpoint 'Crayon.Api.Controllers.TimesheetController.GetEmployeeTimesheets (Crayon.api)'
[2026-08-04 02:03:36.539 +05:30  INF]  Request finished HTTP/1.1 GET http://localhost:5278/api/Timesheet/GetEmployeeTimesheets/0fab7b97-b751-4afc-8d80-073ffe50be25 - 200 null application/json; charset=utf-8 60.2759ms
[2026-08-04 02:03:38.795 +05:30  INF]  Request starting HTTP/1.1 GET http://localhost:5278/api/Timesheet/GetAllTimesheets - null null
[2026-08-04 02:03:38.796 +05:30  INF]  Executing endpoint 'Crayon.Api.Controllers.TimesheetController.GetAllTimesheets (Crayon.api)'
[2026-08-04 02:03:38.796 +05:30  INF]  Route matched with {action = "GetAllTimesheets", controller = "Timesheet"}. Executing controller action with signature System.Threading.Tasks.Task`1[Microsoft.AspNetCore.Mvc.IActionResult] GetAllTimesheets() on controller Crayon.Api.Controllers.TimesheetController (Crayon.api).
[2026-08-04 02:03:38.821 +05:30  INF]  Executed DbCommand (18ms) [Parameters=[], CommandType='"Text"', CommandTimeout='30']
SELECT [t].[TimesheetId], [e].[EmployeeId], [e].[FirstName] + N' ' + [e].[LastName] AS [EmployeeName], [p].[ProjectId], [p].[ProjectName], [p0].[ProjectTaskId], [p0].[TaskName], [t].[HoursWorked], [t].[WorkDate], [t].[WorkDescription]
FROM [Timesheet] AS [t]
INNER JOIN [Employee] AS [e] ON [t].[EmployeeId] = [e].[EmployeeId]
INNER JOIN [Project] AS [p] ON [t].[ProjectId] = [p].[ProjectId]
INNER JOIN [ProjectTask] AS [p0] ON [t].[ProjectTaskId] = [p0].[ProjectTaskId]
[2026-08-04 02:03:38.822 +05:30  INF]  Executing OkObjectResult, writing value of type 'Crayon.Entity.Common.Result`1[[System.Collections.Generic.List`1[[Crayon.Entity.Dto.TimesheetResponse, Crayon.Entity, Version=1.0.0.0, Culture=neutral, PublicKeyToken=null]], System.Private.CoreLib, Version=10.0.0.0, Culture=neutral, PublicKeyToken=7cec85d7bea7798e]]'.
[2026-08-04 02:03:38.823 +05:30  INF]  Executed action Crayon.Api.Controllers.TimesheetController.GetAllTimesheets (Crayon.api) in 26.102ms
[2026-08-04 02:03:38.823 +05:30  INF]  Executed endpoint 'Crayon.Api.Controllers.TimesheetController.GetAllTimesheets (Crayon.api)'
[2026-08-04 02:03:38.823 +05:30  INF]  Request finished HTTP/1.1 GET http://localhost:5278/api/Timesheet/GetAllTimesheets - 200 null application/json; charset=utf-8 28.0063ms
[2026-08-04 02:03:41.707 +05:30  INF]  Request starting HTTP/1.1 GET http://localhost:5278/api/LeaveBalance/GetEmployeeLeaveBalances/0fab7b97-b751-4afc-8d80-073ffe50be25 - null null
[2026-08-04 02:03:41.708 +05:30  INF]  Executing endpoint 'Crayon.Api.Controllers.LeaveBalanceController.GetEmployeeLeaveBalances (Crayon.api)'
[2026-08-04 02:03:41.708 +05:30  INF]  Route matched with {action = "GetEmployeeLeaveBalances", controller = "LeaveBalance"}. Executing controller action with signature System.Threading.Tasks.Task`1[Microsoft.AspNetCore.Mvc.IActionResult] GetEmployeeLeaveBalances(System.String) on controller Crayon.Api.Controllers.LeaveBalanceController (Crayon.api).
[2026-08-04 02:03:41.728 +05:30  INF]  Executed DbCommand (15ms) [Parameters=[@userId='?' (Size = 450)], CommandType='"Text"', CommandTimeout='30']
SELECT [l].[LeaveBalanceId], [e].[EmployeeId], [e].[FirstName] + N' ' + [e].[LastName] AS [EmployeeName], [l0].[LeaveTypeId], [l0].[LeaveName], [l].[AvailableDays]
FROM [LeaveBalance] AS [l]
INNER JOIN [Employee] AS [e] ON [l].[EmployeeId] = [e].[EmployeeId]
INNER JOIN [LeaveType] AS [l0] ON [l].[LeaveTypeId] = [l0].[LeaveTypeId]
WHERE [e].[UserId] = @userId
[2026-08-04 02:03:41.729 +05:30  INF]  Executing OkObjectResult, writing value of type 'Crayon.Entity.Common.Result`1[[System.Collections.Generic.List`1[[Crayon.Entity.Dto.LeaveBalanceResponse, Crayon.Entity, Version=1.0.0.0, Culture=neutral, PublicKeyToken=null]], System.Private.CoreLib, Version=10.0.0.0, Culture=neutral, PublicKeyToken=7cec85d7bea7798e]]'.
[2026-08-04 02:03:41.729 +05:30  INF]  Executed action Crayon.Api.Controllers.LeaveBalanceController.GetEmployeeLeaveBalances (Crayon.api) in 21.2916ms
[2026-08-04 02:03:41.729 +05:30  INF]  Executed endpoint 'Crayon.Api.Controllers.LeaveBalanceController.GetEmployeeLeaveBalances (Crayon.api)'
[2026-08-04 02:03:41.730 +05:30  INF]  Request finished HTTP/1.1 GET http://localhost:5278/api/LeaveBalance/GetEmployeeLeaveBalances/0fab7b97-b751-4afc-8d80-073ffe50be25 - 200 null application/json; charset=utf-8 22.6864ms
[2026-08-04 02:03:44.088 +05:30  INF]  Request starting HTTP/1.1 GET http://localhost:5278/api/LeaveApplication/GetEmployeeLeaveApplications/0fab7b97-b751-4afc-8d80-073ffe50be25 - null null
[2026-08-04 02:03:44.088 +05:30  INF]  Executing endpoint 'Crayon.api.Controllers.LeaveApplicationController.GetEmployeeLeaveApplications (Crayon.api)'
[2026-08-04 02:03:44.089 +05:30  INF]  Route matched with {action = "GetEmployeeLeaveApplications", controller = "LeaveApplication"}. Executing controller action with signature System.Threading.Tasks.Task`1[Microsoft.AspNetCore.Mvc.IActionResult] GetEmployeeLeaveApplications(System.String) on controller Crayon.api.Controllers.LeaveApplicationController (Crayon.api).
[2026-08-04 02:03:44.109 +05:30  INF]  Executed DbCommand (14ms) [Parameters=[@userId='?' (Size = 450)], CommandType='"Text"', CommandTimeout='30']
SELECT [l].[LeaveApplicationId], [e].[FirstName] + N' ' + [e].[LastName] AS [EmployeeName], [l0].[LeaveName], [l].[FromDate], [l].[ToDate], [l].[TotalDays], [l].[Reason], [l].[Status], [l].[AppliedDate]
FROM [LeaveApplication] AS [l]
INNER JOIN [Employee] AS [e] ON [l].[EmployeeId] = [e].[EmployeeId]
INNER JOIN [LeaveType] AS [l0] ON [l].[LeaveTypeId] = [l0].[LeaveTypeId]
WHERE [e].[UserId] = @userId
[2026-08-04 02:03:44.110 +05:30  INF]  Executing OkObjectResult, writing value of type 'Crayon.Entity.Common.Result`1[[System.Collections.Generic.List`1[[Crayon.Entity.Dto.LeaveApplicationResponse, Crayon.Entity, Version=1.0.0.0, Culture=neutral, PublicKeyToken=null]], System.Private.CoreLib, Version=10.0.0.0, Culture=neutral, PublicKeyToken=7cec85d7bea7798e]]'.
[2026-08-04 02:03:44.110 +05:30  INF]  Executed action Crayon.api.Controllers.LeaveApplicationController.GetEmployeeLeaveApplications (Crayon.api) in 20.9849ms
[2026-08-04 02:03:44.110 +05:30  INF]  Executed endpoint 'Crayon.api.Controllers.LeaveApplicationController.GetEmployeeLeaveApplications (Crayon.api)'
[2026-08-04 02:03:44.110 +05:30  INF]  Request finished HTTP/1.1 GET http://localhost:5278/api/LeaveApplication/GetEmployeeLeaveApplications/0fab7b97-b751-4afc-8d80-073ffe50be25 - 200 null application/json; charset=utf-8 22.4348ms
[2026-08-04 02:03:46.415 +05:30  INF]  Request starting HTTP/1.1 GET http://localhost:5278/api/Attendance/GetEmployeeAttendance/0fab7b97-b751-4afc-8d80-073ffe50be25 - null null
[2026-08-04 02:03:46.416 +05:30  INF]  Executing endpoint 'Crayon.Api.Controllers.AttendanceController.GetEmployeeAttendance (Crayon.api)'
[2026-08-04 02:03:46.416 +05:30  INF]  Route matched with {action = "GetEmployeeAttendance", controller = "Attendance"}. Executing controller action with signature System.Threading.Tasks.Task`1[Microsoft.AspNetCore.Mvc.IActionResult] GetEmployeeAttendance(System.String) on controller Crayon.Api.Controllers.AttendanceController (Crayon.api).
[2026-08-04 02:03:46.425 +05:30  INF]  Executed DbCommand (2ms) [Parameters=[@userId='?' (Size = 450)], CommandType='"Text"', CommandTimeout='30']
SELECT TOP(1) [e].[EmployeeId], [e].[CreatedDate], [e].[DepartmentId], [e].[DesignationId], [e].[EmployeeCode], [e].[FirstName], [e].[IsActive], [e].[LastName], [e].[PhoneNumber], [e].[ReportingEmployeeId], [e].[ReportingToEmployeeId], [e].[UserId], [e].[WorkplaceId]
FROM [Employee] AS [e]
WHERE [e].[UserId] = @userId
[2026-08-04 02:03:46.442 +05:30  INF]  Executed DbCommand (13ms) [Parameters=[@employee_EmployeeId='?' (DbType = Int32)], CommandType='"Text"', CommandTimeout='30']
SELECT [a].[AttendanceId], [e].[EmployeeId], [e].[FirstName] + N' ' + [e].[LastName] AS [EmployeeName], [a].[AttendanceDate], [a].[CheckInTime], [a].[CheckOutTime], [a].[HoursWorked], [a].[AttendanceStatus], [a].[IsApproved]
FROM [Attendance] AS [a]
INNER JOIN [Employee] AS [e] ON [a].[EmployeeId] = [e].[EmployeeId]
WHERE [a].[EmployeeId] = @employee_EmployeeId
ORDER BY [a].[AttendanceDate] DESC
[2026-08-04 02:03:46.443 +05:30  INF]  Executing OkObjectResult, writing value of type 'Crayon.Entity.Common.Result`1[[System.Collections.Generic.List`1[[Crayon.Entity.Dto.AttendanceResponse, Crayon.Entity, Version=1.0.0.0, Culture=neutral, PublicKeyToken=null]], System.Private.CoreLib, Version=10.0.0.0, Culture=neutral, PublicKeyToken=7cec85d7bea7798e]]'.
[2026-08-04 02:03:46.443 +05:30  INF]  Executed action Crayon.Api.Controllers.AttendanceController.GetEmployeeAttendance (Crayon.api) in 26.5155ms
[2026-08-04 02:03:46.444 +05:30  INF]  Executed endpoint 'Crayon.Api.Controllers.AttendanceController.GetEmployeeAttendance (Crayon.api)'
[2026-08-04 02:03:46.444 +05:30  INF]  Request finished HTTP/1.1 GET http://localhost:5278/api/Attendance/GetEmployeeAttendance/0fab7b97-b751-4afc-8d80-073ffe50be25 - 200 null application/json; charset=utf-8 29.141ms
[2026-08-04 02:03:58.885 +05:30  INF]  Request starting HTTP/1.1 POST http://localhost:5278/api/Employee/Login - application/json; charset=utf-8 53
[2026-08-04 02:03:58.885 +05:30  INF]  Executing endpoint 'Crayon.api.Controllers.EmployeeController.Login (Crayon.api)'
[2026-08-04 02:03:58.886 +05:30  INF]  Route matched with {action = "Login", controller = "Employee"}. Executing controller action with signature System.Threading.Tasks.Task`1[Microsoft.AspNetCore.Mvc.IActionResult] Login(Crayon.Entity.Dto.UserRequest) on controller Crayon.api.Controllers.EmployeeController (Crayon.api).
[2026-08-04 02:03:58.901 +05:30  INF]  Executed DbCommand (7ms) [Parameters=[@normalizedEmail='?' (Size = 256)], CommandType='"Text"', CommandTimeout='30']
SELECT TOP(2) [a].[Id], [a].[AccessFailedCount], [a].[ConcurrencyStamp], [a].[Email], [a].[EmailConfirmed], [a].[LockoutEnabled], [a].[LockoutEnd], [a].[NormalizedEmail], [a].[NormalizedUserName], [a].[PasswordHash], [a].[PhoneNumber], [a].[PhoneNumberConfirmed], [a].[SecurityStamp], [a].[TwoFactorEnabled], [a].[UserName]
FROM [AspNetUsers] AS [a]
WHERE [a].[NormalizedEmail] = @normalizedEmail
[2026-08-04 02:03:59.165 +05:30  INF]  Executed DbCommand (8ms) [Parameters=[@userId='?' (Size = 450)], CommandType='"Text"', CommandTimeout='30']
SELECT [a0].[Name]
FROM [AspNetUserRoles] AS [a]
INNER JOIN [AspNetRoles] AS [a0] ON [a].[RoleId] = [a0].[Id]
WHERE [a].[UserId] = @userId
[2026-08-04 02:03:59.166 +05:30  INF]  Executing OkObjectResult, writing value of type 'Crayon.Entity.Common.Result`1[[Crayon.Entity.Dto.UserResponse, Crayon.Entity, Version=1.0.0.0, Culture=neutral, PublicKeyToken=null]]'.
[2026-08-04 02:03:59.166 +05:30  INF]  Executed action Crayon.api.Controllers.EmployeeController.Login (Crayon.api) in 280.6604ms
[2026-08-04 02:03:59.167 +05:30  INF]  Executed endpoint 'Crayon.api.Controllers.EmployeeController.Login (Crayon.api)'
[2026-08-04 02:03:59.167 +05:30  INF]  Request finished HTTP/1.1 POST http://localhost:5278/api/Employee/Login - 200 null application/json; charset=utf-8 282.587ms
[2026-08-04 02:03:59.239 +05:30  INF]  Request starting HTTP/1.1 GET http://localhost:5278/api/LeaveApplication/GetManagerLeaveApplications/6aab2f6f-8d73-40e4-bee8-292f71d9b05f - null null
[2026-08-04 02:03:59.240 +05:30  INF]  Executing endpoint 'Crayon.api.Controllers.LeaveApplicationController.GetManagerLeaveApplications (Crayon.api)'
[2026-08-04 02:03:59.240 +05:30  INF]  Route matched with {action = "GetManagerLeaveApplications", controller = "LeaveApplication"}. Executing controller action with signature System.Threading.Tasks.Task`1[Microsoft.AspNetCore.Mvc.IActionResult] GetManagerLeaveApplications(System.String) on controller Crayon.api.Controllers.LeaveApplicationController (Crayon.api).
[2026-08-04 02:03:59.247 +05:30  INF]  Executed DbCommand (2ms) [Parameters=[@managerUserId='?' (Size = 450)], CommandType='"Text"', CommandTimeout='30']
SELECT TOP(1) [e].[EmployeeId], [e].[CreatedDate], [e].[DepartmentId], [e].[DesignationId], [e].[EmployeeCode], [e].[FirstName], [e].[IsActive], [e].[LastName], [e].[PhoneNumber], [e].[ReportingEmployeeId], [e].[ReportingToEmployeeId], [e].[UserId], [e].[WorkplaceId]
FROM [Employee] AS [e]
WHERE [e].[UserId] = @managerUserId
[2026-08-04 02:03:59.256 +05:30  INF]  Executed DbCommand (2ms) [Parameters=[@manager_EmployeeId='?' (DbType = Int32)], CommandType='"Text"', CommandTimeout='30']
SELECT [l].[LeaveApplicationId], [e].[FirstName] + N' ' + [e].[LastName] AS [EmployeeName], [l0].[LeaveName], [l].[FromDate], [l].[ToDate], [l].[TotalDays], [l].[Reason], [l].[Status], [l].[AppliedDate]
FROM [LeaveApplication] AS [l]
INNER JOIN [Employee] AS [e] ON [l].[EmployeeId] = [e].[EmployeeId]
INNER JOIN [LeaveType] AS [l0] ON [l].[LeaveTypeId] = [l0].[LeaveTypeId]
WHERE [e].[ReportingEmployeeId] = @manager_EmployeeId
[2026-08-04 02:03:59.256 +05:30  INF]  Executing OkObjectResult, writing value of type 'Crayon.Entity.Common.Result`1[[System.Collections.Generic.List`1[[Crayon.Entity.Dto.LeaveApplicationResponse, Crayon.Entity, Version=1.0.0.0, Culture=neutral, PublicKeyToken=null]], System.Private.CoreLib, Version=10.0.0.0, Culture=neutral, PublicKeyToken=7cec85d7bea7798e]]'.
[2026-08-04 02:03:59.257 +05:30  INF]  Executed action Crayon.api.Controllers.LeaveApplicationController.GetManagerLeaveApplications (Crayon.api) in 16.6462ms
[2026-08-04 02:03:59.257 +05:30  INF]  Executed endpoint 'Crayon.api.Controllers.LeaveApplicationController.GetManagerLeaveApplications (Crayon.api)'
[2026-08-04 02:03:59.257 +05:30  INF]  Request finished HTTP/1.1 GET http://localhost:5278/api/LeaveApplication/GetManagerLeaveApplications/6aab2f6f-8d73-40e4-bee8-292f71d9b05f - 200 null application/json; charset=utf-8 18.2114ms
[2026-08-04 02:03:59.537 +05:30  INF]  Request starting HTTP/1.1 GET http://localhost:5278/api/Attendance/GetEmployeeAttendance/6aab2f6f-8d73-40e4-bee8-292f71d9b05f - null null
[2026-08-04 02:03:59.538 +05:30  INF]  Executing endpoint 'Crayon.Api.Controllers.AttendanceController.GetEmployeeAttendance (Crayon.api)'
[2026-08-04 02:03:59.538 +05:30  INF]  Route matched with {action = "GetEmployeeAttendance", controller = "Attendance"}. Executing controller action with signature System.Threading.Tasks.Task`1[Microsoft.AspNetCore.Mvc.IActionResult] GetEmployeeAttendance(System.String) on controller Crayon.Api.Controllers.AttendanceController (Crayon.api).
[2026-08-04 02:03:59.551 +05:30  INF]  Executed DbCommand (3ms) [Parameters=[@userId='?' (Size = 450)], CommandType='"Text"', CommandTimeout='30']
SELECT TOP(1) [e].[EmployeeId], [e].[CreatedDate], [e].[DepartmentId], [e].[DesignationId], [e].[EmployeeCode], [e].[FirstName], [e].[IsActive], [e].[LastName], [e].[PhoneNumber], [e].[ReportingEmployeeId], [e].[ReportingToEmployeeId], [e].[UserId], [e].[WorkplaceId]
FROM [Employee] AS [e]
WHERE [e].[UserId] = @userId
[2026-08-04 02:03:59.561 +05:30  INF]  Executed DbCommand (3ms) [Parameters=[@employee_EmployeeId='?' (DbType = Int32)], CommandType='"Text"', CommandTimeout='30']
SELECT [a].[AttendanceId], [e].[EmployeeId], [e].[FirstName] + N' ' + [e].[LastName] AS [EmployeeName], [a].[AttendanceDate], [a].[CheckInTime], [a].[CheckOutTime], [a].[HoursWorked], [a].[AttendanceStatus], [a].[IsApproved]
FROM [Attendance] AS [a]
INNER JOIN [Employee] AS [e] ON [a].[EmployeeId] = [e].[EmployeeId]
WHERE [a].[EmployeeId] = @employee_EmployeeId
ORDER BY [a].[AttendanceDate] DESC
[2026-08-04 02:03:59.563 +05:30  INF]  Executing OkObjectResult, writing value of type 'Crayon.Entity.Common.Result`1[[System.Collections.Generic.List`1[[Crayon.Entity.Dto.AttendanceResponse, Crayon.Entity, Version=1.0.0.0, Culture=neutral, PublicKeyToken=null]], System.Private.CoreLib, Version=10.0.0.0, Culture=neutral, PublicKeyToken=7cec85d7bea7798e]]'.
[2026-08-04 02:03:59.564 +05:30  INF]  Executed action Crayon.Api.Controllers.AttendanceController.GetEmployeeAttendance (Crayon.api) in 25.1556ms
[2026-08-04 02:03:59.564 +05:30  INF]  Executed endpoint 'Crayon.Api.Controllers.AttendanceController.GetEmployeeAttendance (Crayon.api)'
[2026-08-04 02:03:59.565 +05:30  INF]  Request finished HTTP/1.1 GET http://localhost:5278/api/Attendance/GetEmployeeAttendance/6aab2f6f-8d73-40e4-bee8-292f71d9b05f - 200 null application/json; charset=utf-8 27.374ms
[2026-08-04 02:04:47.445 +05:30  INF]  Request starting HTTP/1.1 GET http://localhost:5278/api/Employee/GetVisibleEmployees - null null
[2026-08-04 02:04:47.446 +05:30  INF]  Executing endpoint 'Crayon.api.Controllers.EmployeeController.GetVisibleEmployees (Crayon.api)'
[2026-08-04 02:04:47.446 +05:30  INF]  Route matched with {action = "GetVisibleEmployees", controller = "Employee"}. Executing controller action with signature System.Threading.Tasks.Task`1[Microsoft.AspNetCore.Mvc.IActionResult] GetVisibleEmployees() on controller Crayon.api.Controllers.EmployeeController (Crayon.api).
[2026-08-04 02:04:47.467 +05:30  INF]  Executed DbCommand (10ms) [Parameters=[@userId='?' (Size = 450)], CommandType='"Text"', CommandTimeout='30']
SELECT TOP(1) [e].[EmployeeId], [e].[CreatedDate], [e].[DepartmentId], [e].[DesignationId], [e].[EmployeeCode], [e].[FirstName], [e].[IsActive], [e].[LastName], [e].[PhoneNumber], [e].[ReportingEmployeeId], [e].[ReportingToEmployeeId], [e].[UserId], [e].[WorkplaceId]
FROM [Employee] AS [e]
WHERE [e].[UserId] = @userId
[2026-08-04 02:04:47.618 +05:30  INF]  Executed DbCommand (71ms) [Parameters=[@currentEmployee_EmployeeId='?' (DbType = Int32)], CommandType='"Text"', CommandTimeout='30']
SELECT [e].[EmployeeId], [e].[UserId], [e].[EmployeeCode], [e].[FirstName], [e].[LastName], [e].[FirstName] + N' ' + [e].[LastName] AS [FullName], [a].[Email], [e].[PhoneNumber], [d].[DepartmentId], [d].[DepartmentName], [d0].[DesignationId], [d0].[DesignationName], [w].[WorkplaceId], [w].[Name] AS [WorkplaceName], (
    SELECT TOP(1) [a1].[Name]
    FROM [AspNetUserRoles] AS [a0]
    INNER JOIN [AspNetRoles] AS [a1] ON [a0].[RoleId] = [a1].[Id]
    WHERE [a0].[UserId] = [a].[Id]) AS [RoleName], [e].[ReportingEmployeeId] AS [ReportingManagerId], CASE
    WHEN [e0].[EmployeeId] IS NOT NULL THEN COALESCE([e0].[FirstName], N'') + N' ' + COALESCE([e0].[LastName], N'')
    ELSE N''
END AS [ReportingManagerName], [e].[IsActive], [e].[CreatedDate]
FROM [Employee] AS [e]
INNER JOIN [Department] AS [d] ON [e].[DepartmentId] = [d].[DepartmentId]
INNER JOIN [Designation] AS [d0] ON [e].[DesignationId] = [d0].[DesignationId]
INNER JOIN [Workplace] AS [w] ON [e].[WorkplaceId] = [w].[WorkplaceId]
INNER JOIN [AspNetUsers] AS [a] ON [e].[UserId] = [a].[Id]
LEFT JOIN [Employee] AS [e0] ON [e].[ReportingEmployeeId] = [e0].[EmployeeId]
WHERE [e].[IsActive] = CAST(1 AS bit) AND [e].[ReportingEmployeeId] = @currentEmployee_EmployeeId
[2026-08-04 02:04:47.620 +05:30  INF]  Executing OkObjectResult, writing value of type 'Crayon.Entity.Common.Result`1[[System.Collections.Generic.List`1[[Crayon.Entity.Dto.EmployeeResponse, Crayon.Entity, Version=1.0.0.0, Culture=neutral, PublicKeyToken=null]], System.Private.CoreLib, Version=10.0.0.0, Culture=neutral, PublicKeyToken=7cec85d7bea7798e]]'.
[2026-08-04 02:04:47.620 +05:30  INF]  Executed action Crayon.api.Controllers.EmployeeController.GetVisibleEmployees (Crayon.api) in 173.5621ms
[2026-08-04 02:04:47.620 +05:30  INF]  Executed endpoint 'Crayon.api.Controllers.EmployeeController.GetVisibleEmployees (Crayon.api)'
[2026-08-04 02:04:47.621 +05:30  INF]  Request finished HTTP/1.1 GET http://localhost:5278/api/Employee/GetVisibleEmployees - 200 null application/json; charset=utf-8 175.4065ms
[2026-08-04 02:04:49.076 +05:30  INF]  Request starting HTTP/1.1 GET http://localhost:5278/api/Attendance/GetAllAttendance - null null
[2026-08-04 02:04:49.077 +05:30  INF]  Executing endpoint 'Crayon.Api.Controllers.AttendanceController.GetAllAttendance (Crayon.api)'
[2026-08-04 02:04:49.077 +05:30  INF]  Route matched with {action = "GetAllAttendance", controller = "Attendance"}. Executing controller action with signature System.Threading.Tasks.Task`1[Microsoft.AspNetCore.Mvc.IActionResult] GetAllAttendance() on controller Crayon.Api.Controllers.AttendanceController (Crayon.api).
[2026-08-04 02:04:49.092 +05:30  INF]  Executed DbCommand (9ms) [Parameters=[], CommandType='"Text"', CommandTimeout='30']
SELECT [a].[AttendanceId], [e].[EmployeeId], [e].[FirstName] + N' ' + [e].[LastName] AS [EmployeeName], [a].[AttendanceDate], [a].[CheckInTime], [a].[CheckOutTime], [a].[HoursWorked], [a].[AttendanceStatus], [a].[IsApproved]
FROM [Attendance] AS [a]
INNER JOIN [Employee] AS [e] ON [a].[EmployeeId] = [e].[EmployeeId]
[2026-08-04 02:04:49.092 +05:30  INF]  Executing OkObjectResult, writing value of type 'Crayon.Entity.Common.Result`1[[System.Collections.Generic.List`1[[Crayon.Entity.Dto.AttendanceResponse, Crayon.Entity, Version=1.0.0.0, Culture=neutral, PublicKeyToken=null]], System.Private.CoreLib, Version=10.0.0.0, Culture=neutral, PublicKeyToken=7cec85d7bea7798e]]'.
[2026-08-04 02:04:49.093 +05:30  INF]  Executed action Crayon.Api.Controllers.AttendanceController.GetAllAttendance (Crayon.api) in 15.2891ms
[2026-08-04 02:04:49.093 +05:30  INF]  Executed endpoint 'Crayon.Api.Controllers.AttendanceController.GetAllAttendance (Crayon.api)'
[2026-08-04 02:04:49.093 +05:30  INF]  Request finished HTTP/1.1 GET http://localhost:5278/api/Attendance/GetAllAttendance - 200 null application/json; charset=utf-8 16.847ms
[2026-08-04 02:04:56.852 +05:30  INF]  Request starting HTTP/1.1 GET http://localhost:5278/api/ProjectTask/GetAllProjectTasks - null null
[2026-08-04 02:04:56.853 +05:30  INF]  Executing endpoint 'Crayon.Api.Controllers.ProjectTaskController.GetAllProjectTasks (Crayon.api)'
[2026-08-04 02:04:56.853 +05:30  INF]  Route matched with {action = "GetAllProjectTasks", controller = "ProjectTask"}. Executing controller action with signature System.Threading.Tasks.Task`1[Microsoft.AspNetCore.Mvc.IActionResult] GetAllProjectTasks() on controller Crayon.Api.Controllers.ProjectTaskController (Crayon.api).
[2026-08-04 02:04:56.867 +05:30  INF]  Executed DbCommand (10ms) [Parameters=[], CommandType='"Text"', CommandTimeout='30']
SELECT [p].[ProjectTaskId], [p].[ProjectId], [p0].[ProjectName], [p].[TaskName]
FROM [ProjectTask] AS [p]
INNER JOIN [Project] AS [p0] ON [p].[ProjectId] = [p0].[ProjectId]
[2026-08-04 02:04:56.869 +05:30  INF]  Executing OkObjectResult, writing value of type 'Crayon.Entity.Common.Result`1[[System.Collections.Generic.List`1[[Crayon.Entity.Dto.ProjectTaskResponse, Crayon.Entity, Version=1.0.0.0, Culture=neutral, PublicKeyToken=null]], System.Private.CoreLib, Version=10.0.0.0, Culture=neutral, PublicKeyToken=7cec85d7bea7798e]]'.
[2026-08-04 02:04:56.869 +05:30  INF]  Executed action Crayon.Api.Controllers.ProjectTaskController.GetAllProjectTasks (Crayon.api) in 15.7639ms
[2026-08-04 02:04:56.869 +05:30  INF]  Executed endpoint 'Crayon.Api.Controllers.ProjectTaskController.GetAllProjectTasks (Crayon.api)'
[2026-08-04 02:04:56.870 +05:30  INF]  Request finished HTTP/1.1 GET http://localhost:5278/api/ProjectTask/GetAllProjectTasks - 200 null application/json; charset=utf-8 17.5304ms
[2026-08-04 02:05:01.993 +05:30  INF]  Request starting HTTP/1.1 GET http://localhost:5278/api/Project/GetAllProjects - null null
[2026-08-04 02:05:01.994 +05:30  INF]  Executing endpoint 'Crayon.Api.Controllers.ProjectController.GetAllProjects (Crayon.api)'
[2026-08-04 02:05:01.994 +05:30  INF]  Route matched with {action = "GetAllProjects", controller = "Project"}. Executing controller action with signature System.Threading.Tasks.Task`1[Microsoft.AspNetCore.Mvc.IActionResult] GetAllProjects() on controller Crayon.Api.Controllers.ProjectController (Crayon.api).
[2026-08-04 02:05:02.008 +05:30  INF]  Executed DbCommand (6ms) [Parameters=[], CommandType='"Text"', CommandTimeout='30']
SELECT [p].[ProjectId], [p].[ProjectName], [p].[Description]
FROM [Project] AS [p]
WHERE [p].[IsActive] = CAST(1 AS bit)
[2026-08-04 02:05:02.009 +05:30  INF]  Executing OkObjectResult, writing value of type 'Crayon.Entity.Common.Result`1[[System.Collections.Generic.List`1[[Crayon.Entity.Dto.ProjectResponse, Crayon.Entity, Version=1.0.0.0, Culture=neutral, PublicKeyToken=null]], System.Private.CoreLib, Version=10.0.0.0, Culture=neutral, PublicKeyToken=7cec85d7bea7798e]]'.
[2026-08-04 02:05:02.010 +05:30  INF]  Executed action Crayon.Api.Controllers.ProjectController.GetAllProjects (Crayon.api) in 16.0244ms
[2026-08-04 02:05:02.011 +05:30  INF]  Executed endpoint 'Crayon.Api.Controllers.ProjectController.GetAllProjects (Crayon.api)'
[2026-08-04 02:05:02.011 +05:30  INF]  Request finished HTTP/1.1 GET http://localhost:5278/api/Project/GetAllProjects - 200 null application/json; charset=utf-8 18.4647ms
[2026-08-04 02:05:04.384 +05:30  INF]  Request starting HTTP/1.1 GET http://localhost:5278/api/Timesheet/GetEmployeeTimesheets/6aab2f6f-8d73-40e4-bee8-292f71d9b05f - null null
[2026-08-04 02:05:04.385 +05:30  INF]  Executing endpoint 'Crayon.Api.Controllers.TimesheetController.GetEmployeeTimesheets (Crayon.api)'
[2026-08-04 02:05:04.386 +05:30  INF]  Route matched with {action = "GetEmployeeTimesheets", controller = "Timesheet"}. Executing controller action with signature System.Threading.Tasks.Task`1[Microsoft.AspNetCore.Mvc.IActionResult] GetEmployeeTimesheets(System.String) on controller Crayon.Api.Controllers.TimesheetController (Crayon.api).
[2026-08-04 02:05:04.394 +05:30  INF]  Executed DbCommand (2ms) [Parameters=[@userId='?' (Size = 450)], CommandType='"Text"', CommandTimeout='30']
SELECT TOP(1) [e].[EmployeeId], [e].[CreatedDate], [e].[DepartmentId], [e].[DesignationId], [e].[EmployeeCode], [e].[FirstName], [e].[IsActive], [e].[LastName], [e].[PhoneNumber], [e].[ReportingEmployeeId], [e].[ReportingToEmployeeId], [e].[UserId], [e].[WorkplaceId]
FROM [Employee] AS [e]
WHERE [e].[UserId] = @userId
[2026-08-04 02:05:04.423 +05:30  INF]  Executed DbCommand (21ms) [Parameters=[@employee_EmployeeId='?' (DbType = Int32)], CommandType='"Text"', CommandTimeout='30']
SELECT [t].[TimesheetId], [e].[EmployeeId], [e].[FirstName] + N' ' + [e].[LastName] AS [EmployeeName], [p].[ProjectId], [p].[ProjectName], [p0].[ProjectTaskId], [p0].[TaskName], [t].[HoursWorked], [t].[WorkDate], [t].[WorkDescription]
FROM [Timesheet] AS [t]
INNER JOIN [Employee] AS [e] ON [t].[EmployeeId] = [e].[EmployeeId]
INNER JOIN [Project] AS [p] ON [t].[ProjectId] = [p].[ProjectId]
INNER JOIN [ProjectTask] AS [p0] ON [t].[ProjectTaskId] = [p0].[ProjectTaskId]
WHERE [t].[EmployeeId] = @employee_EmployeeId
[2026-08-04 02:05:04.424 +05:30  INF]  Executing OkObjectResult, writing value of type 'Crayon.Entity.Common.Result`1[[System.Collections.Generic.List`1[[Crayon.Entity.Dto.TimesheetResponse, Crayon.Entity, Version=1.0.0.0, Culture=neutral, PublicKeyToken=null]], System.Private.CoreLib, Version=10.0.0.0, Culture=neutral, PublicKeyToken=7cec85d7bea7798e]]'.
[2026-08-04 02:05:04.424 +05:30  INF]  Executed action Crayon.Api.Controllers.TimesheetController.GetEmployeeTimesheets (Crayon.api) in 38.0603ms
[2026-08-04 02:05:04.424 +05:30  INF]  Executed endpoint 'Crayon.Api.Controllers.TimesheetController.GetEmployeeTimesheets (Crayon.api)'
[2026-08-04 02:05:04.424 +05:30  INF]  Request finished HTTP/1.1 GET http://localhost:5278/api/Timesheet/GetEmployeeTimesheets/6aab2f6f-8d73-40e4-bee8-292f71d9b05f - 200 null application/json; charset=utf-8 40.2931ms
[2026-08-04 02:05:06.029 +05:30  INF]  Request starting HTTP/1.1 GET http://localhost:5278/api/Project/GetAllProjects - null null
[2026-08-04 02:05:06.031 +05:30  INF]  Executing endpoint 'Crayon.Api.Controllers.ProjectController.GetAllProjects (Crayon.api)'
[2026-08-04 02:05:06.031 +05:30  INF]  Route matched with {action = "GetAllProjects", controller = "Project"}. Executing controller action with signature System.Threading.Tasks.Task`1[Microsoft.AspNetCore.Mvc.IActionResult] GetAllProjects() on controller Crayon.Api.Controllers.ProjectController (Crayon.api).
[2026-08-04 02:05:06.047 +05:30  INF]  Executed DbCommand (2ms) [Parameters=[], CommandType='"Text"', CommandTimeout='30']
SELECT [p].[ProjectId], [p].[ProjectName], [p].[Description]
FROM [Project] AS [p]
WHERE [p].[IsActive] = CAST(1 AS bit)
[2026-08-04 02:05:06.048 +05:30  INF]  Executing OkObjectResult, writing value of type 'Crayon.Entity.Common.Result`1[[System.Collections.Generic.List`1[[Crayon.Entity.Dto.ProjectResponse, Crayon.Entity, Version=1.0.0.0, Culture=neutral, PublicKeyToken=null]], System.Private.CoreLib, Version=10.0.0.0, Culture=neutral, PublicKeyToken=7cec85d7bea7798e]]'.
[2026-08-04 02:05:06.049 +05:30  INF]  Executed action Crayon.Api.Controllers.ProjectController.GetAllProjects (Crayon.api) in 17.4531ms
[2026-08-04 02:05:06.049 +05:30  INF]  Executed endpoint 'Crayon.Api.Controllers.ProjectController.GetAllProjects (Crayon.api)'
[2026-08-04 02:05:06.050 +05:30  INF]  Request finished HTTP/1.1 GET http://localhost:5278/api/Project/GetAllProjects - 200 null application/json; charset=utf-8 21.3325ms
[2026-08-04 02:05:10.426 +05:30  INF]  Request starting HTTP/1.1 GET http://localhost:5278/api/Timesheet/GetEmployeeTimesheets/6aab2f6f-8d73-40e4-bee8-292f71d9b05f - null null
[2026-08-04 02:05:10.427 +05:30  INF]  Executing endpoint 'Crayon.Api.Controllers.TimesheetController.GetEmployeeTimesheets (Crayon.api)'
[2026-08-04 02:05:10.427 +05:30  INF]  Route matched with {action = "GetEmployeeTimesheets", controller = "Timesheet"}. Executing controller action with signature System.Threading.Tasks.Task`1[Microsoft.AspNetCore.Mvc.IActionResult] GetEmployeeTimesheets(System.String) on controller Crayon.Api.Controllers.TimesheetController (Crayon.api).
[2026-08-04 02:05:10.437 +05:30  INF]  Executed DbCommand (2ms) [Parameters=[@userId='?' (Size = 450)], CommandType='"Text"', CommandTimeout='30']
SELECT TOP(1) [e].[EmployeeId], [e].[CreatedDate], [e].[DepartmentId], [e].[DesignationId], [e].[EmployeeCode], [e].[FirstName], [e].[IsActive], [e].[LastName], [e].[PhoneNumber], [e].[ReportingEmployeeId], [e].[ReportingToEmployeeId], [e].[UserId], [e].[WorkplaceId]
FROM [Employee] AS [e]
WHERE [e].[UserId] = @userId
[2026-08-04 02:05:10.447 +05:30  INF]  Executed DbCommand (3ms) [Parameters=[@employee_EmployeeId='?' (DbType = Int32)], CommandType='"Text"', CommandTimeout='30']
SELECT [t].[TimesheetId], [e].[EmployeeId], [e].[FirstName] + N' ' + [e].[LastName] AS [EmployeeName], [p].[ProjectId], [p].[ProjectName], [p0].[ProjectTaskId], [p0].[TaskName], [t].[HoursWorked], [t].[WorkDate], [t].[WorkDescription]
FROM [Timesheet] AS [t]
INNER JOIN [Employee] AS [e] ON [t].[EmployeeId] = [e].[EmployeeId]
INNER JOIN [Project] AS [p] ON [t].[ProjectId] = [p].[ProjectId]
INNER JOIN [ProjectTask] AS [p0] ON [t].[ProjectTaskId] = [p0].[ProjectTaskId]
WHERE [t].[EmployeeId] = @employee_EmployeeId
[2026-08-04 02:05:10.448 +05:30  INF]  Executing OkObjectResult, writing value of type 'Crayon.Entity.Common.Result`1[[System.Collections.Generic.List`1[[Crayon.Entity.Dto.TimesheetResponse, Crayon.Entity, Version=1.0.0.0, Culture=neutral, PublicKeyToken=null]], System.Private.CoreLib, Version=10.0.0.0, Culture=neutral, PublicKeyToken=7cec85d7bea7798e]]'.
[2026-08-04 02:05:10.448 +05:30  INF]  Executed action Crayon.Api.Controllers.TimesheetController.GetEmployeeTimesheets (Crayon.api) in 21.1212ms
[2026-08-04 02:05:10.449 +05:30  INF]  Executed endpoint 'Crayon.Api.Controllers.TimesheetController.GetEmployeeTimesheets (Crayon.api)'
[2026-08-04 02:05:10.449 +05:30  INF]  Request finished HTTP/1.1 GET http://localhost:5278/api/Timesheet/GetEmployeeTimesheets/6aab2f6f-8d73-40e4-bee8-292f71d9b05f - 200 null application/json; charset=utf-8 23.6009ms
[2026-08-04 02:05:12.355 +05:30  INF]  Request starting HTTP/1.1 GET http://localhost:5278/api/LeaveBalance/GetEmployeeLeaveBalances/6aab2f6f-8d73-40e4-bee8-292f71d9b05f - null null
[2026-08-04 02:05:12.356 +05:30  INF]  Executing endpoint 'Crayon.Api.Controllers.LeaveBalanceController.GetEmployeeLeaveBalances (Crayon.api)'
[2026-08-04 02:05:12.356 +05:30  INF]  Route matched with {action = "GetEmployeeLeaveBalances", controller = "LeaveBalance"}. Executing controller action with signature System.Threading.Tasks.Task`1[Microsoft.AspNetCore.Mvc.IActionResult] GetEmployeeLeaveBalances(System.String) on controller Crayon.Api.Controllers.LeaveBalanceController (Crayon.api).
[2026-08-04 02:05:12.406 +05:30  INF]  Executed DbCommand (41ms) [Parameters=[@userId='?' (Size = 450)], CommandType='"Text"', CommandTimeout='30']
SELECT [l].[LeaveBalanceId], [e].[EmployeeId], [e].[FirstName] + N' ' + [e].[LastName] AS [EmployeeName], [l0].[LeaveTypeId], [l0].[LeaveName], [l].[AvailableDays]
FROM [LeaveBalance] AS [l]
INNER JOIN [Employee] AS [e] ON [l].[EmployeeId] = [e].[EmployeeId]
INNER JOIN [LeaveType] AS [l0] ON [l].[LeaveTypeId] = [l0].[LeaveTypeId]
WHERE [e].[UserId] = @userId
[2026-08-04 02:05:12.406 +05:30  INF]  Executing OkObjectResult, writing value of type 'Crayon.Entity.Common.Result`1[[System.Collections.Generic.List`1[[Crayon.Entity.Dto.LeaveBalanceResponse, Crayon.Entity, Version=1.0.0.0, Culture=neutral, PublicKeyToken=null]], System.Private.CoreLib, Version=10.0.0.0, Culture=neutral, PublicKeyToken=7cec85d7bea7798e]]'.
[2026-08-04 02:05:12.407 +05:30  INF]  Executed action Crayon.Api.Controllers.LeaveBalanceController.GetEmployeeLeaveBalances (Crayon.api) in 50.8825ms
[2026-08-04 02:05:12.407 +05:30  INF]  Executed endpoint 'Crayon.Api.Controllers.LeaveBalanceController.GetEmployeeLeaveBalances (Crayon.api)'
[2026-08-04 02:05:12.408 +05:30  INF]  Request finished HTTP/1.1 GET http://localhost:5278/api/LeaveBalance/GetEmployeeLeaveBalances/6aab2f6f-8d73-40e4-bee8-292f71d9b05f - 200 null application/json; charset=utf-8 53.1078ms
[2026-08-04 02:05:14.993 +05:30  INF]  Request starting HTTP/1.1 GET http://localhost:5278/api/LeaveApplication/GetEmployeeLeaveApplications/6aab2f6f-8d73-40e4-bee8-292f71d9b05f - null null
[2026-08-04 02:05:14.994 +05:30  INF]  Executing endpoint 'Crayon.api.Controllers.LeaveApplicationController.GetEmployeeLeaveApplications (Crayon.api)'
[2026-08-04 02:05:14.994 +05:30  INF]  Route matched with {action = "GetEmployeeLeaveApplications", controller = "LeaveApplication"}. Executing controller action with signature System.Threading.Tasks.Task`1[Microsoft.AspNetCore.Mvc.IActionResult] GetEmployeeLeaveApplications(System.String) on controller Crayon.api.Controllers.LeaveApplicationController (Crayon.api).
[2026-08-04 02:05:15.025 +05:30  INF]  Executed DbCommand (23ms) [Parameters=[@userId='?' (Size = 450)], CommandType='"Text"', CommandTimeout='30']
SELECT [l].[LeaveApplicationId], [e].[FirstName] + N' ' + [e].[LastName] AS [EmployeeName], [l0].[LeaveName], [l].[FromDate], [l].[ToDate], [l].[TotalDays], [l].[Reason], [l].[Status], [l].[AppliedDate]
FROM [LeaveApplication] AS [l]
INNER JOIN [Employee] AS [e] ON [l].[EmployeeId] = [e].[EmployeeId]
INNER JOIN [LeaveType] AS [l0] ON [l].[LeaveTypeId] = [l0].[LeaveTypeId]
WHERE [e].[UserId] = @userId
[2026-08-04 02:05:15.026 +05:30  INF]  Executing OkObjectResult, writing value of type 'Crayon.Entity.Common.Result`1[[System.Collections.Generic.List`1[[Crayon.Entity.Dto.LeaveApplicationResponse, Crayon.Entity, Version=1.0.0.0, Culture=neutral, PublicKeyToken=null]], System.Private.CoreLib, Version=10.0.0.0, Culture=neutral, PublicKeyToken=7cec85d7bea7798e]]'.
[2026-08-04 02:05:15.026 +05:30  INF]  Executed action Crayon.api.Controllers.LeaveApplicationController.GetEmployeeLeaveApplications (Crayon.api) in 31.777ms
[2026-08-04 02:05:15.026 +05:30  INF]  Executed endpoint 'Crayon.api.Controllers.LeaveApplicationController.GetEmployeeLeaveApplications (Crayon.api)'
[2026-08-04 02:05:15.027 +05:30  INF]  Request finished HTTP/1.1 GET http://localhost:5278/api/LeaveApplication/GetEmployeeLeaveApplications/6aab2f6f-8d73-40e4-bee8-292f71d9b05f - 200 null application/json; charset=utf-8 33.95ms
[2026-08-04 02:05:29.325 +05:30  INF]  Request starting HTTP/1.1 POST http://localhost:5278/api/Employee/Login - application/json; charset=utf-8 54
[2026-08-04 02:05:29.326 +05:30  INF]  Executing endpoint 'Crayon.api.Controllers.EmployeeController.Login (Crayon.api)'
[2026-08-04 02:05:29.326 +05:30  INF]  Route matched with {action = "Login", controller = "Employee"}. Executing controller action with signature System.Threading.Tasks.Task`1[Microsoft.AspNetCore.Mvc.IActionResult] Login(Crayon.Entity.Dto.UserRequest) on controller Crayon.api.Controllers.EmployeeController (Crayon.api).
[2026-08-04 02:05:29.346 +05:30  INF]  Executed DbCommand (11ms) [Parameters=[@normalizedEmail='?' (Size = 256)], CommandType='"Text"', CommandTimeout='30']
SELECT TOP(2) [a].[Id], [a].[AccessFailedCount], [a].[ConcurrencyStamp], [a].[Email], [a].[EmailConfirmed], [a].[LockoutEnabled], [a].[LockoutEnd], [a].[NormalizedEmail], [a].[NormalizedUserName], [a].[PasswordHash], [a].[PhoneNumber], [a].[PhoneNumberConfirmed], [a].[SecurityStamp], [a].[TwoFactorEnabled], [a].[UserName]
FROM [AspNetUsers] AS [a]
WHERE [a].[NormalizedEmail] = @normalizedEmail
[2026-08-04 02:05:29.616 +05:30  INF]  Executed DbCommand (11ms) [Parameters=[@userId='?' (Size = 450)], CommandType='"Text"', CommandTimeout='30']
SELECT [a0].[Name]
FROM [AspNetUserRoles] AS [a]
INNER JOIN [AspNetRoles] AS [a0] ON [a].[RoleId] = [a0].[Id]
WHERE [a].[UserId] = @userId
[2026-08-04 02:05:29.617 +05:30  INF]  Executing OkObjectResult, writing value of type 'Crayon.Entity.Common.Result`1[[Crayon.Entity.Dto.UserResponse, Crayon.Entity, Version=1.0.0.0, Culture=neutral, PublicKeyToken=null]]'.
[2026-08-04 02:05:29.617 +05:30  INF]  Executed action Crayon.api.Controllers.EmployeeController.Login (Crayon.api) in 291.3439ms
[2026-08-04 02:05:29.618 +05:30  INF]  Executed endpoint 'Crayon.api.Controllers.EmployeeController.Login (Crayon.api)'
[2026-08-04 02:05:29.618 +05:30  INF]  Request finished HTTP/1.1 POST http://localhost:5278/api/Employee/Login - 200 null application/json; charset=utf-8 292.8554ms
[2026-08-04 02:05:29.699 +05:30  INF]  Request starting HTTP/1.1 GET http://localhost:5278/api/LeaveApplication/GetEmployeeLeaveApplications/7e803226-93e7-4c13-8ec4-2060a4908d31 - null null
[2026-08-04 02:05:29.700 +05:30  INF]  Executing endpoint 'Crayon.api.Controllers.LeaveApplicationController.GetEmployeeLeaveApplications (Crayon.api)'
[2026-08-04 02:05:29.700 +05:30  INF]  Route matched with {action = "GetEmployeeLeaveApplications", controller = "LeaveApplication"}. Executing controller action with signature System.Threading.Tasks.Task`1[Microsoft.AspNetCore.Mvc.IActionResult] GetEmployeeLeaveApplications(System.String) on controller Crayon.api.Controllers.LeaveApplicationController (Crayon.api).
[2026-08-04 02:05:29.725 +05:30  INF]  Executed DbCommand (19ms) [Parameters=[@userId='?' (Size = 450)], CommandType='"Text"', CommandTimeout='30']
SELECT [l].[LeaveApplicationId], [e].[FirstName] + N' ' + [e].[LastName] AS [EmployeeName], [l0].[LeaveName], [l].[FromDate], [l].[ToDate], [l].[TotalDays], [l].[Reason], [l].[Status], [l].[AppliedDate]
FROM [LeaveApplication] AS [l]
INNER JOIN [Employee] AS [e] ON [l].[EmployeeId] = [e].[EmployeeId]
INNER JOIN [LeaveType] AS [l0] ON [l].[LeaveTypeId] = [l0].[LeaveTypeId]
WHERE [e].[UserId] = @userId
[2026-08-04 02:05:29.725 +05:30  INF]  Executing OkObjectResult, writing value of type 'Crayon.Entity.Common.Result`1[[System.Collections.Generic.List`1[[Crayon.Entity.Dto.LeaveApplicationResponse, Crayon.Entity, Version=1.0.0.0, Culture=neutral, PublicKeyToken=null]], System.Private.CoreLib, Version=10.0.0.0, Culture=neutral, PublicKeyToken=7cec85d7bea7798e]]'.
[2026-08-04 02:05:29.725 +05:30  INF]  Executed action Crayon.api.Controllers.LeaveApplicationController.GetEmployeeLeaveApplications (Crayon.api) in 25.3761ms
[2026-08-04 02:05:29.726 +05:30  INF]  Executed endpoint 'Crayon.api.Controllers.LeaveApplicationController.GetEmployeeLeaveApplications (Crayon.api)'
[2026-08-04 02:05:29.726 +05:30  INF]  Request finished HTTP/1.1 GET http://localhost:5278/api/LeaveApplication/GetEmployeeLeaveApplications/7e803226-93e7-4c13-8ec4-2060a4908d31 - 200 null application/json; charset=utf-8 26.8186ms
[2026-08-04 02:05:30.017 +05:30  INF]  Request starting HTTP/1.1 GET http://localhost:5278/api/Attendance/GetEmployeeAttendance/7e803226-93e7-4c13-8ec4-2060a4908d31 - null null
[2026-08-04 02:05:30.017 +05:30  INF]  Executing endpoint 'Crayon.Api.Controllers.AttendanceController.GetEmployeeAttendance (Crayon.api)'
[2026-08-04 02:05:30.018 +05:30  INF]  Route matched with {action = "GetEmployeeAttendance", controller = "Attendance"}. Executing controller action with signature System.Threading.Tasks.Task`1[Microsoft.AspNetCore.Mvc.IActionResult] GetEmployeeAttendance(System.String) on controller Crayon.Api.Controllers.AttendanceController (Crayon.api).
[2026-08-04 02:05:30.030 +05:30  INF]  Executed DbCommand (6ms) [Parameters=[@userId='?' (Size = 450)], CommandType='"Text"', CommandTimeout='30']
SELECT TOP(1) [e].[EmployeeId], [e].[CreatedDate], [e].[DepartmentId], [e].[DesignationId], [e].[EmployeeCode], [e].[FirstName], [e].[IsActive], [e].[LastName], [e].[PhoneNumber], [e].[ReportingEmployeeId], [e].[ReportingToEmployeeId], [e].[UserId], [e].[WorkplaceId]
FROM [Employee] AS [e]
WHERE [e].[UserId] = @userId
[2026-08-04 02:05:30.045 +05:30  INF]  Executed DbCommand (11ms) [Parameters=[@employee_EmployeeId='?' (DbType = Int32)], CommandType='"Text"', CommandTimeout='30']
SELECT [a].[AttendanceId], [e].[EmployeeId], [e].[FirstName] + N' ' + [e].[LastName] AS [EmployeeName], [a].[AttendanceDate], [a].[CheckInTime], [a].[CheckOutTime], [a].[HoursWorked], [a].[AttendanceStatus], [a].[IsApproved]
FROM [Attendance] AS [a]
INNER JOIN [Employee] AS [e] ON [a].[EmployeeId] = [e].[EmployeeId]
WHERE [a].[EmployeeId] = @employee_EmployeeId
ORDER BY [a].[AttendanceDate] DESC
[2026-08-04 02:05:30.046 +05:30  INF]  Executing OkObjectResult, writing value of type 'Crayon.Entity.Common.Result`1[[System.Collections.Generic.List`1[[Crayon.Entity.Dto.AttendanceResponse, Crayon.Entity, Version=1.0.0.0, Culture=neutral, PublicKeyToken=null]], System.Private.CoreLib, Version=10.0.0.0, Culture=neutral, PublicKeyToken=7cec85d7bea7798e]]'.
[2026-08-04 02:05:30.047 +05:30  INF]  Executed action Crayon.Api.Controllers.AttendanceController.GetEmployeeAttendance (Crayon.api) in 29.474ms
[2026-08-04 02:05:30.047 +05:30  INF]  Executed endpoint 'Crayon.Api.Controllers.AttendanceController.GetEmployeeAttendance (Crayon.api)'
[2026-08-04 02:05:30.048 +05:30  INF]  Request finished HTTP/1.1 GET http://localhost:5278/api/Attendance/GetEmployeeAttendance/7e803226-93e7-4c13-8ec4-2060a4908d31 - 200 null application/json; charset=utf-8 31.0228ms
[2026-08-04 02:05:35.712 +05:30  INF]  Request starting HTTP/1.1 GET http://localhost:5278/api/Holiday/GetAllHolidays - null null
[2026-08-04 02:05:35.712 +05:30  INF]  Executing endpoint 'Crayon.Api.Controllers.HolidayController.GetAllHolidays (Crayon.api)'
[2026-08-04 02:05:35.714 +05:30  INF]  Route matched with {action = "GetAllHolidays", controller = "Holiday"}. Executing controller action with signature System.Threading.Tasks.Task`1[Microsoft.AspNetCore.Mvc.IActionResult] GetAllHolidays() on controller Crayon.Api.Controllers.HolidayController (Crayon.api).
[2026-08-04 02:05:35.724 +05:30  INF]  Executed DbCommand (4ms) [Parameters=[], CommandType='"Text"', CommandTimeout='30']
SELECT [h].[HolidayId], [h].[HolidayName], [h].[HolidayDate], [h].[Country]
FROM [Holiday] AS [h]
[2026-08-04 02:05:35.725 +05:30  INF]  Executing OkObjectResult, writing value of type 'Crayon.Entity.Common.Result`1[[System.Collections.Generic.List`1[[Crayon.Entity.Dto.HolidayResponse, Crayon.Entity, Version=1.0.0.0, Culture=neutral, PublicKeyToken=null]], System.Private.CoreLib, Version=10.0.0.0, Culture=neutral, PublicKeyToken=7cec85d7bea7798e]]'.
[2026-08-04 02:05:35.725 +05:30  INF]  Executed action Crayon.Api.Controllers.HolidayController.GetAllHolidays (Crayon.api) in 10.6637ms
[2026-08-04 02:05:35.725 +05:30  INF]  Executed endpoint 'Crayon.Api.Controllers.HolidayController.GetAllHolidays (Crayon.api)'
[2026-08-04 02:05:35.726 +05:30  INF]  Request finished HTTP/1.1 GET http://localhost:5278/api/Holiday/GetAllHolidays - 200 null application/json; charset=utf-8 14.184ms
[2026-08-04 02:05:37.939 +05:30  INF]  Request starting HTTP/1.1 GET http://localhost:5278/api/LeaveApplication/GetEmployeeLeaveApplications/7e803226-93e7-4c13-8ec4-2060a4908d31 - null null
[2026-08-04 02:05:37.940 +05:30  INF]  Executing endpoint 'Crayon.api.Controllers.LeaveApplicationController.GetEmployeeLeaveApplications (Crayon.api)'
[2026-08-04 02:05:37.940 +05:30  INF]  Route matched with {action = "GetEmployeeLeaveApplications", controller = "LeaveApplication"}. Executing controller action with signature System.Threading.Tasks.Task`1[Microsoft.AspNetCore.Mvc.IActionResult] GetEmployeeLeaveApplications(System.String) on controller Crayon.api.Controllers.LeaveApplicationController (Crayon.api).
[2026-08-04 02:05:37.950 +05:30  INF]  Executed DbCommand (2ms) [Parameters=[@userId='?' (Size = 450)], CommandType='"Text"', CommandTimeout='30']
SELECT [l].[LeaveApplicationId], [e].[FirstName] + N' ' + [e].[LastName] AS [EmployeeName], [l0].[LeaveName], [l].[FromDate], [l].[ToDate], [l].[TotalDays], [l].[Reason], [l].[Status], [l].[AppliedDate]
FROM [LeaveApplication] AS [l]
INNER JOIN [Employee] AS [e] ON [l].[EmployeeId] = [e].[EmployeeId]
INNER JOIN [LeaveType] AS [l0] ON [l].[LeaveTypeId] = [l0].[LeaveTypeId]
WHERE [e].[UserId] = @userId
[2026-08-04 02:05:37.951 +05:30  INF]  Executing OkObjectResult, writing value of type 'Crayon.Entity.Common.Result`1[[System.Collections.Generic.List`1[[Crayon.Entity.Dto.LeaveApplicationResponse, Crayon.Entity, Version=1.0.0.0, Culture=neutral, PublicKeyToken=null]], System.Private.CoreLib, Version=10.0.0.0, Culture=neutral, PublicKeyToken=7cec85d7bea7798e]]'.
[2026-08-04 02:05:37.951 +05:30  INF]  Executed action Crayon.api.Controllers.LeaveApplicationController.GetEmployeeLeaveApplications (Crayon.api) in 10.2856ms
[2026-08-04 02:05:37.951 +05:30  INF]  Executed endpoint 'Crayon.api.Controllers.LeaveApplicationController.GetEmployeeLeaveApplications (Crayon.api)'
[2026-08-04 02:05:37.951 +05:30  INF]  Request finished HTTP/1.1 GET http://localhost:5278/api/LeaveApplication/GetEmployeeLeaveApplications/7e803226-93e7-4c13-8ec4-2060a4908d31 - 200 null application/json; charset=utf-8 12.1545ms
[2026-08-04 02:05:44.613 +05:30  INF]  Request starting HTTP/1.1 POST http://localhost:5278/api/Attendance/CheckIn - application/json; charset=utf-8 49
[2026-08-04 02:05:44.615 +05:30  INF]  Executing endpoint 'Crayon.Api.Controllers.AttendanceController.CheckIn (Crayon.api)'
[2026-08-04 02:05:44.648 +05:30  INF]  Route matched with {action = "CheckIn", controller = "Attendance"}. Executing controller action with signature System.Threading.Tasks.Task`1[Microsoft.AspNetCore.Mvc.IActionResult] CheckIn(Crayon.Entity.Dto.AttendanceRequest) on controller Crayon.Api.Controllers.AttendanceController (Crayon.api).
[2026-08-04 02:05:44.713 +05:30  INF]  Executed DbCommand (7ms) [Parameters=[@request_UserId='?' (Size = 450)], CommandType='"Text"', CommandTimeout='30']
SELECT TOP(1) [e].[EmployeeId], [e].[CreatedDate], [e].[DepartmentId], [e].[DesignationId], [e].[EmployeeCode], [e].[FirstName], [e].[IsActive], [e].[LastName], [e].[PhoneNumber], [e].[ReportingEmployeeId], [e].[ReportingToEmployeeId], [e].[UserId], [e].[WorkplaceId]
FROM [Employee] AS [e]
WHERE [e].[UserId] = @request_UserId
[2026-08-04 02:05:44.819 +05:30  INF]  Executed DbCommand (29ms) [Parameters=[@employee_EmployeeId='?' (DbType = Int32)], CommandType='"Text"', CommandTimeout='30']
SELECT CASE
    WHEN EXISTS (
        SELECT 1
        FROM [Attendance] AS [a]
        WHERE [a].[EmployeeId] = @employee_EmployeeId AND CONVERT(date, [a].[AttendanceDate]) = CONVERT(date, GETDATE())) THEN CAST(1 AS bit)
    ELSE CAST(0 AS bit)
END
[2026-08-04 02:05:45.819 +05:30  INF]  Executed DbCommand (76ms) [Parameters=[@p0='?' (DbType = DateTime2), @p1='?' (Size = 4000), @p2='?' (DbType = Time), @p3='?' (DbType = Time), @p4='?' (DbType = Int32), @p5='?' (Precision = 18) (Scale = 2) (DbType = Decimal), @p6='?' (DbType = Boolean)], CommandType='"Text"', CommandTimeout='30']
SET IMPLICIT_TRANSACTIONS OFF;
SET NOCOUNT ON;
INSERT INTO [Attendance] ([AttendanceDate], [AttendanceStatus], [CheckInTime], [CheckOutTime], [EmployeeId], [HoursWorked], [IsApproved])
OUTPUT INSERTED.[AttendanceId]
VALUES (@p0, @p1, @p2, @p3, @p4, @p5, @p6);
[2026-08-04 02:05:46.003 +05:30  INF]  Executing OkObjectResult, writing value of type 'Crayon.Entity.Common.Result`1[[Crayon.Entity.Dto.AttendanceResponse, Crayon.Entity, Version=1.0.0.0, Culture=neutral, PublicKeyToken=null]]'.
[2026-08-04 02:05:46.019 +05:30  INF]  Executed action Crayon.Api.Controllers.AttendanceController.CheckIn (Crayon.api) in 1370.5672ms
[2026-08-04 02:05:46.019 +05:30  INF]  Executed endpoint 'Crayon.Api.Controllers.AttendanceController.CheckIn (Crayon.api)'
[2026-08-04 02:05:46.020 +05:30  INF]  Request finished HTTP/1.1 POST http://localhost:5278/api/Attendance/CheckIn - 200 null application/json; charset=utf-8 1406.5157ms
[2026-08-04 02:05:54.736 +05:30  INF]  Request starting HTTP/1.1 GET http://localhost:5278/api/LeaveApplication/GetEmployeeLeaveApplications/7e803226-93e7-4c13-8ec4-2060a4908d31 - null null
[2026-08-04 02:05:54.738 +05:30  INF]  Executing endpoint 'Crayon.api.Controllers.LeaveApplicationController.GetEmployeeLeaveApplications (Crayon.api)'
[2026-08-04 02:05:54.738 +05:30  INF]  Route matched with {action = "GetEmployeeLeaveApplications", controller = "LeaveApplication"}. Executing controller action with signature System.Threading.Tasks.Task`1[Microsoft.AspNetCore.Mvc.IActionResult] GetEmployeeLeaveApplications(System.String) on controller Crayon.api.Controllers.LeaveApplicationController (Crayon.api).
[2026-08-04 02:05:54.749 +05:30  INF]  Executed DbCommand (2ms) [Parameters=[@userId='?' (Size = 450)], CommandType='"Text"', CommandTimeout='30']
SELECT [l].[LeaveApplicationId], [e].[FirstName] + N' ' + [e].[LastName] AS [EmployeeName], [l0].[LeaveName], [l].[FromDate], [l].[ToDate], [l].[TotalDays], [l].[Reason], [l].[Status], [l].[AppliedDate]
FROM [LeaveApplication] AS [l]
INNER JOIN [Employee] AS [e] ON [l].[EmployeeId] = [e].[EmployeeId]
INNER JOIN [LeaveType] AS [l0] ON [l].[LeaveTypeId] = [l0].[LeaveTypeId]
WHERE [e].[UserId] = @userId
[2026-08-04 02:05:54.750 +05:30  INF]  Executing OkObjectResult, writing value of type 'Crayon.Entity.Common.Result`1[[System.Collections.Generic.List`1[[Crayon.Entity.Dto.LeaveApplicationResponse, Crayon.Entity, Version=1.0.0.0, Culture=neutral, PublicKeyToken=null]], System.Private.CoreLib, Version=10.0.0.0, Culture=neutral, PublicKeyToken=7cec85d7bea7798e]]'.
[2026-08-04 02:05:54.751 +05:30  INF]  Executed action Crayon.api.Controllers.LeaveApplicationController.GetEmployeeLeaveApplications (Crayon.api) in 11.6026ms
[2026-08-04 02:05:54.751 +05:30  INF]  Executed endpoint 'Crayon.api.Controllers.LeaveApplicationController.GetEmployeeLeaveApplications (Crayon.api)'
[2026-08-04 02:05:54.751 +05:30  INF]  Request finished HTTP/1.1 GET http://localhost:5278/api/LeaveApplication/GetEmployeeLeaveApplications/7e803226-93e7-4c13-8ec4-2060a4908d31 - 200 null application/json; charset=utf-8 15.6941ms
[2026-08-04 02:05:57.939 +05:30  INF]  Request starting HTTP/1.1 GET http://localhost:5278/api/LeaveApplication/GetEmployeeLeaveApplications/7e803226-93e7-4c13-8ec4-2060a4908d31 - null null
[2026-08-04 02:05:57.940 +05:30  INF]  Executing endpoint 'Crayon.api.Controllers.LeaveApplicationController.GetEmployeeLeaveApplications (Crayon.api)'
[2026-08-04 02:05:57.940 +05:30  INF]  Route matched with {action = "GetEmployeeLeaveApplications", controller = "LeaveApplication"}. Executing controller action with signature System.Threading.Tasks.Task`1[Microsoft.AspNetCore.Mvc.IActionResult] GetEmployeeLeaveApplications(System.String) on controller Crayon.api.Controllers.LeaveApplicationController (Crayon.api).
[2026-08-04 02:05:57.957 +05:30  INF]  Executed DbCommand (5ms) [Parameters=[@userId='?' (Size = 450)], CommandType='"Text"', CommandTimeout='30']
SELECT [l].[LeaveApplicationId], [e].[FirstName] + N' ' + [e].[LastName] AS [EmployeeName], [l0].[LeaveName], [l].[FromDate], [l].[ToDate], [l].[TotalDays], [l].[Reason], [l].[Status], [l].[AppliedDate]
FROM [LeaveApplication] AS [l]
INNER JOIN [Employee] AS [e] ON [l].[EmployeeId] = [e].[EmployeeId]
INNER JOIN [LeaveType] AS [l0] ON [l].[LeaveTypeId] = [l0].[LeaveTypeId]
WHERE [e].[UserId] = @userId
[2026-08-04 02:05:57.958 +05:30  INF]  Executing OkObjectResult, writing value of type 'Crayon.Entity.Common.Result`1[[System.Collections.Generic.List`1[[Crayon.Entity.Dto.LeaveApplicationResponse, Crayon.Entity, Version=1.0.0.0, Culture=neutral, PublicKeyToken=null]], System.Private.CoreLib, Version=10.0.0.0, Culture=neutral, PublicKeyToken=7cec85d7bea7798e]]'.
[2026-08-04 02:05:57.958 +05:30  INF]  Executed action Crayon.api.Controllers.LeaveApplicationController.GetEmployeeLeaveApplications (Crayon.api) in 17.9518ms
[2026-08-04 02:05:57.958 +05:30  INF]  Executed endpoint 'Crayon.api.Controllers.LeaveApplicationController.GetEmployeeLeaveApplications (Crayon.api)'
[2026-08-04 02:05:57.958 +05:30  INF]  Request finished HTTP/1.1 GET http://localhost:5278/api/LeaveApplication/GetEmployeeLeaveApplications/7e803226-93e7-4c13-8ec4-2060a4908d31 - 200 null application/json; charset=utf-8 19.8294ms
[2026-08-04 02:05:58.002 +05:30  INF]  Request starting HTTP/1.1 GET http://localhost:5278/api/Attendance/GetEmployeeAttendance/7e803226-93e7-4c13-8ec4-2060a4908d31 - null null
[2026-08-04 02:05:58.003 +05:30  INF]  Executing endpoint 'Crayon.Api.Controllers.AttendanceController.GetEmployeeAttendance (Crayon.api)'
[2026-08-04 02:05:58.003 +05:30  INF]  Route matched with {action = "GetEmployeeAttendance", controller = "Attendance"}. Executing controller action with signature System.Threading.Tasks.Task`1[Microsoft.AspNetCore.Mvc.IActionResult] GetEmployeeAttendance(System.String) on controller Crayon.Api.Controllers.AttendanceController (Crayon.api).
[2026-08-04 02:05:58.028 +05:30  INF]  Executed DbCommand (9ms) [Parameters=[@userId='?' (Size = 450)], CommandType='"Text"', CommandTimeout='30']
SELECT TOP(1) [e].[EmployeeId], [e].[CreatedDate], [e].[DepartmentId], [e].[DesignationId], [e].[EmployeeCode], [e].[FirstName], [e].[IsActive], [e].[LastName], [e].[PhoneNumber], [e].[ReportingEmployeeId], [e].[ReportingToEmployeeId], [e].[UserId], [e].[WorkplaceId]
FROM [Employee] AS [e]
WHERE [e].[UserId] = @userId
[2026-08-04 02:05:58.050 +05:30  INF]  Executed DbCommand (12ms) [Parameters=[@employee_EmployeeId='?' (DbType = Int32)], CommandType='"Text"', CommandTimeout='30']
SELECT [a].[AttendanceId], [e].[EmployeeId], [e].[FirstName] + N' ' + [e].[LastName] AS [EmployeeName], [a].[AttendanceDate], [a].[CheckInTime], [a].[CheckOutTime], [a].[HoursWorked], [a].[AttendanceStatus], [a].[IsApproved]
FROM [Attendance] AS [a]
INNER JOIN [Employee] AS [e] ON [a].[EmployeeId] = [e].[EmployeeId]
WHERE [a].[EmployeeId] = @employee_EmployeeId
ORDER BY [a].[AttendanceDate] DESC
[2026-08-04 02:05:58.051 +05:30  INF]  Executing OkObjectResult, writing value of type 'Crayon.Entity.Common.Result`1[[System.Collections.Generic.List`1[[Crayon.Entity.Dto.AttendanceResponse, Crayon.Entity, Version=1.0.0.0, Culture=neutral, PublicKeyToken=null]], System.Private.CoreLib, Version=10.0.0.0, Culture=neutral, PublicKeyToken=7cec85d7bea7798e]]'.
[2026-08-04 02:05:58.051 +05:30  INF]  Executed action Crayon.Api.Controllers.AttendanceController.GetEmployeeAttendance (Crayon.api) in 47.8874ms
[2026-08-04 02:05:58.052 +05:30  INF]  Executed endpoint 'Crayon.Api.Controllers.AttendanceController.GetEmployeeAttendance (Crayon.api)'
[2026-08-04 02:05:58.052 +05:30  INF]  Request finished HTTP/1.1 GET http://localhost:5278/api/Attendance/GetEmployeeAttendance/7e803226-93e7-4c13-8ec4-2060a4908d31 - 200 null application/json; charset=utf-8 50.2225ms
[2026-08-04 02:05:58.250 +05:30  INF]  Request starting HTTP/1.1 GET http://localhost:5278/api/Attendance/GetEmployeeAttendance/7e803226-93e7-4c13-8ec4-2060a4908d31 - null null
[2026-08-04 02:05:58.252 +05:30  INF]  Executing endpoint 'Crayon.Api.Controllers.AttendanceController.GetEmployeeAttendance (Crayon.api)'
[2026-08-04 02:05:58.252 +05:30  INF]  Route matched with {action = "GetEmployeeAttendance", controller = "Attendance"}. Executing controller action with signature System.Threading.Tasks.Task`1[Microsoft.AspNetCore.Mvc.IActionResult] GetEmployeeAttendance(System.String) on controller Crayon.Api.Controllers.AttendanceController (Crayon.api).
[2026-08-04 02:05:58.261 +05:30  INF]  Executed DbCommand (3ms) [Parameters=[@userId='?' (Size = 450)], CommandType='"Text"', CommandTimeout='30']
SELECT TOP(1) [e].[EmployeeId], [e].[CreatedDate], [e].[DepartmentId], [e].[DesignationId], [e].[EmployeeCode], [e].[FirstName], [e].[IsActive], [e].[LastName], [e].[PhoneNumber], [e].[ReportingEmployeeId], [e].[ReportingToEmployeeId], [e].[UserId], [e].[WorkplaceId]
FROM [Employee] AS [e]
WHERE [e].[UserId] = @userId
[2026-08-04 02:05:58.268 +05:30  INF]  Executed DbCommand (2ms) [Parameters=[@employee_EmployeeId='?' (DbType = Int32)], CommandType='"Text"', CommandTimeout='30']
SELECT [a].[AttendanceId], [e].[EmployeeId], [e].[FirstName] + N' ' + [e].[LastName] AS [EmployeeName], [a].[AttendanceDate], [a].[CheckInTime], [a].[CheckOutTime], [a].[HoursWorked], [a].[AttendanceStatus], [a].[IsApproved]
FROM [Attendance] AS [a]
INNER JOIN [Employee] AS [e] ON [a].[EmployeeId] = [e].[EmployeeId]
WHERE [a].[EmployeeId] = @employee_EmployeeId
ORDER BY [a].[AttendanceDate] DESC
[2026-08-04 02:05:58.268 +05:30  INF]  Executing OkObjectResult, writing value of type 'Crayon.Entity.Common.Result`1[[System.Collections.Generic.List`1[[Crayon.Entity.Dto.AttendanceResponse, Crayon.Entity, Version=1.0.0.0, Culture=neutral, PublicKeyToken=null]], System.Private.CoreLib, Version=10.0.0.0, Culture=neutral, PublicKeyToken=7cec85d7bea7798e]]'.
[2026-08-04 02:05:58.269 +05:30  INF]  Executed action Crayon.Api.Controllers.AttendanceController.GetEmployeeAttendance (Crayon.api) in 16.1167ms
[2026-08-04 02:05:58.269 +05:30  INF]  Executed endpoint 'Crayon.Api.Controllers.AttendanceController.GetEmployeeAttendance (Crayon.api)'
[2026-08-04 02:05:58.269 +05:30  INF]  Request finished HTTP/1.1 GET http://localhost:5278/api/Attendance/GetEmployeeAttendance/7e803226-93e7-4c13-8ec4-2060a4908d31 - 200 null application/json; charset=utf-8 18.6299ms
[2026-08-04 02:06:03.478 +05:30  INF]  Request starting HTTP/1.1 PUT http://localhost:5278/api/Attendance/CheckOut/7e803226-93e7-4c13-8ec4-2060a4908d31 - application/json; charset=utf-8 4
[2026-08-04 02:06:03.480 +05:30  INF]  Executing endpoint 'Crayon.Api.Controllers.AttendanceController.CheckOut (Crayon.api)'
[2026-08-04 02:06:03.514 +05:30  INF]  Route matched with {action = "CheckOut", controller = "Attendance"}. Executing controller action with signature System.Threading.Tasks.Task`1[Microsoft.AspNetCore.Mvc.IActionResult] CheckOut(System.String) on controller Crayon.Api.Controllers.AttendanceController (Crayon.api).
[2026-08-04 02:06:03.535 +05:30  INF]  Executed DbCommand (2ms) [Parameters=[@userId='?' (Size = 450)], CommandType='"Text"', CommandTimeout='30']
SELECT TOP(1) [e].[EmployeeId], [e].[CreatedDate], [e].[DepartmentId], [e].[DesignationId], [e].[EmployeeCode], [e].[FirstName], [e].[IsActive], [e].[LastName], [e].[PhoneNumber], [e].[ReportingEmployeeId], [e].[ReportingToEmployeeId], [e].[UserId], [e].[WorkplaceId]
FROM [Employee] AS [e]
WHERE [e].[UserId] = @userId
[2026-08-04 02:06:03.611 +05:30  INF]  Executed DbCommand (26ms) [Parameters=[@employee_EmployeeId='?' (DbType = Int32)], CommandType='"Text"', CommandTimeout='30']
SELECT TOP(1) [a].[AttendanceId], [a].[AttendanceDate], [a].[AttendanceStatus], [a].[CheckInTime], [a].[CheckOutTime], [a].[EmployeeId], [a].[HoursWorked], [a].[IsApproved]
FROM [Attendance] AS [a]
WHERE [a].[EmployeeId] = @employee_EmployeeId AND CONVERT(date, [a].[AttendanceDate]) = CONVERT(date, GETDATE())
[2026-08-04 02:06:03.697 +05:30  INF]  Executed DbCommand (34ms) [Parameters=[@p2='?' (DbType = Int32), @p0='?' (DbType = Time), @p1='?' (Precision = 18) (Scale = 2) (DbType = Decimal)], CommandType='"Text"', CommandTimeout='30']
SET IMPLICIT_TRANSACTIONS OFF;
SET NOCOUNT ON;
UPDATE [Attendance] SET [CheckOutTime] = @p0, [HoursWorked] = @p1
OUTPUT 1
WHERE [AttendanceId] = @p2;
[2026-08-04 02:06:03.710 +05:30  INF]  Executing OkObjectResult, writing value of type 'Crayon.Entity.Common.Result`1[[System.Boolean, System.Private.CoreLib, Version=10.0.0.0, Culture=neutral, PublicKeyToken=7cec85d7bea7798e]]'.
[2026-08-04 02:06:03.716 +05:30  INF]  Executed action Crayon.Api.Controllers.AttendanceController.CheckOut (Crayon.api) in 202.157ms
[2026-08-04 02:06:03.717 +05:30  INF]  Executed endpoint 'Crayon.Api.Controllers.AttendanceController.CheckOut (Crayon.api)'
[2026-08-04 02:06:03.717 +05:30  INF]  Request finished HTTP/1.1 PUT http://localhost:5278/api/Attendance/CheckOut/7e803226-93e7-4c13-8ec4-2060a4908d31 - 200 null application/json; charset=utf-8 239.2791ms
[2026-08-04 02:06:06.809 +05:30  INF]  Request starting HTTP/1.1 GET http://localhost:5278/api/Attendance/GetEmployeeAttendance/7e803226-93e7-4c13-8ec4-2060a4908d31 - null null
[2026-08-04 02:06:06.810 +05:30  INF]  Executing endpoint 'Crayon.Api.Controllers.AttendanceController.GetEmployeeAttendance (Crayon.api)'
[2026-08-04 02:06:06.810 +05:30  INF]  Route matched with {action = "GetEmployeeAttendance", controller = "Attendance"}. Executing controller action with signature System.Threading.Tasks.Task`1[Microsoft.AspNetCore.Mvc.IActionResult] GetEmployeeAttendance(System.String) on controller Crayon.Api.Controllers.AttendanceController (Crayon.api).
[2026-08-04 02:06:06.820 +05:30  INF]  Executed DbCommand (2ms) [Parameters=[@userId='?' (Size = 450)], CommandType='"Text"', CommandTimeout='30']
SELECT TOP(1) [e].[EmployeeId], [e].[CreatedDate], [e].[DepartmentId], [e].[DesignationId], [e].[EmployeeCode], [e].[FirstName], [e].[IsActive], [e].[LastName], [e].[PhoneNumber], [e].[ReportingEmployeeId], [e].[ReportingToEmployeeId], [e].[UserId], [e].[WorkplaceId]
FROM [Employee] AS [e]
WHERE [e].[UserId] = @userId
[2026-08-04 02:06:06.829 +05:30  INF]  Executed DbCommand (3ms) [Parameters=[@employee_EmployeeId='?' (DbType = Int32)], CommandType='"Text"', CommandTimeout='30']
SELECT [a].[AttendanceId], [e].[EmployeeId], [e].[FirstName] + N' ' + [e].[LastName] AS [EmployeeName], [a].[AttendanceDate], [a].[CheckInTime], [a].[CheckOutTime], [a].[HoursWorked], [a].[AttendanceStatus], [a].[IsApproved]
FROM [Attendance] AS [a]
INNER JOIN [Employee] AS [e] ON [a].[EmployeeId] = [e].[EmployeeId]
WHERE [a].[EmployeeId] = @employee_EmployeeId
ORDER BY [a].[AttendanceDate] DESC
[2026-08-04 02:06:06.831 +05:30  INF]  Executing OkObjectResult, writing value of type 'Crayon.Entity.Common.Result`1[[System.Collections.Generic.List`1[[Crayon.Entity.Dto.AttendanceResponse, Crayon.Entity, Version=1.0.0.0, Culture=neutral, PublicKeyToken=null]], System.Private.CoreLib, Version=10.0.0.0, Culture=neutral, PublicKeyToken=7cec85d7bea7798e]]'.
[2026-08-04 02:06:06.831 +05:30  INF]  Executed action Crayon.Api.Controllers.AttendanceController.GetEmployeeAttendance (Crayon.api) in 21.0394ms
[2026-08-04 02:06:06.831 +05:30  INF]  Executed endpoint 'Crayon.Api.Controllers.AttendanceController.GetEmployeeAttendance (Crayon.api)'
[2026-08-04 02:06:06.832 +05:30  INF]  Request finished HTTP/1.1 GET http://localhost:5278/api/Attendance/GetEmployeeAttendance/7e803226-93e7-4c13-8ec4-2060a4908d31 - 200 null application/json; charset=utf-8 23.4995ms
[2026-08-04 02:06:15.853 +05:30  INF]  Request starting HTTP/1.1 GET http://localhost:5278/api/Timesheet/GetEmployeeTimesheets/7e803226-93e7-4c13-8ec4-2060a4908d31 - null null
[2026-08-04 02:06:15.854 +05:30  INF]  Executing endpoint 'Crayon.Api.Controllers.TimesheetController.GetEmployeeTimesheets (Crayon.api)'
[2026-08-04 02:06:15.855 +05:30  INF]  Route matched with {action = "GetEmployeeTimesheets", controller = "Timesheet"}. Executing controller action with signature System.Threading.Tasks.Task`1[Microsoft.AspNetCore.Mvc.IActionResult] GetEmployeeTimesheets(System.String) on controller Crayon.Api.Controllers.TimesheetController (Crayon.api).
[2026-08-04 02:06:15.868 +05:30  INF]  Executed DbCommand (3ms) [Parameters=[@userId='?' (Size = 450)], CommandType='"Text"', CommandTimeout='30']
SELECT TOP(1) [e].[EmployeeId], [e].[CreatedDate], [e].[DepartmentId], [e].[DesignationId], [e].[EmployeeCode], [e].[FirstName], [e].[IsActive], [e].[LastName], [e].[PhoneNumber], [e].[ReportingEmployeeId], [e].[ReportingToEmployeeId], [e].[UserId], [e].[WorkplaceId]
FROM [Employee] AS [e]
WHERE [e].[UserId] = @userId
[2026-08-04 02:06:15.896 +05:30  INF]  Executed DbCommand (22ms) [Parameters=[@employee_EmployeeId='?' (DbType = Int32)], CommandType='"Text"', CommandTimeout='30']
SELECT [t].[TimesheetId], [e].[EmployeeId], [e].[FirstName] + N' ' + [e].[LastName] AS [EmployeeName], [p].[ProjectId], [p].[ProjectName], [p0].[ProjectTaskId], [p0].[TaskName], [t].[HoursWorked], [t].[WorkDate], [t].[WorkDescription]
FROM [Timesheet] AS [t]
INNER JOIN [Employee] AS [e] ON [t].[EmployeeId] = [e].[EmployeeId]
INNER JOIN [Project] AS [p] ON [t].[ProjectId] = [p].[ProjectId]
INNER JOIN [ProjectTask] AS [p0] ON [t].[ProjectTaskId] = [p0].[ProjectTaskId]
WHERE [t].[EmployeeId] = @employee_EmployeeId
[2026-08-04 02:06:15.897 +05:30  INF]  Executing OkObjectResult, writing value of type 'Crayon.Entity.Common.Result`1[[System.Collections.Generic.List`1[[Crayon.Entity.Dto.TimesheetResponse, Crayon.Entity, Version=1.0.0.0, Culture=neutral, PublicKeyToken=null]], System.Private.CoreLib, Version=10.0.0.0, Culture=neutral, PublicKeyToken=7cec85d7bea7798e]]'.
[2026-08-04 02:06:15.897 +05:30  INF]  Executed action Crayon.Api.Controllers.TimesheetController.GetEmployeeTimesheets (Crayon.api) in 42.0463ms
[2026-08-04 02:06:15.897 +05:30  INF]  Executed endpoint 'Crayon.Api.Controllers.TimesheetController.GetEmployeeTimesheets (Crayon.api)'
[2026-08-04 02:06:15.897 +05:30  INF]  Request finished HTTP/1.1 GET http://localhost:5278/api/Timesheet/GetEmployeeTimesheets/7e803226-93e7-4c13-8ec4-2060a4908d31 - 200 null application/json; charset=utf-8 44.8393ms
[2026-08-04 02:06:17.478 +05:30  INF]  Request starting HTTP/1.1 GET http://localhost:5278/api/LeaveApplication/GetEmployeeLeaveApplications/7e803226-93e7-4c13-8ec4-2060a4908d31 - null null
[2026-08-04 02:06:17.485 +05:30  INF]  Executing endpoint 'Crayon.api.Controllers.LeaveApplicationController.GetEmployeeLeaveApplications (Crayon.api)'
[2026-08-04 02:06:17.485 +05:30  INF]  Route matched with {action = "GetEmployeeLeaveApplications", controller = "LeaveApplication"}. Executing controller action with signature System.Threading.Tasks.Task`1[Microsoft.AspNetCore.Mvc.IActionResult] GetEmployeeLeaveApplications(System.String) on controller Crayon.api.Controllers.LeaveApplicationController (Crayon.api).
[2026-08-04 02:06:17.510 +05:30  INF]  Executed DbCommand (11ms) [Parameters=[@userId='?' (Size = 450)], CommandType='"Text"', CommandTimeout='30']
SELECT [l].[LeaveApplicationId], [e].[FirstName] + N' ' + [e].[LastName] AS [EmployeeName], [l0].[LeaveName], [l].[FromDate], [l].[ToDate], [l].[TotalDays], [l].[Reason], [l].[Status], [l].[AppliedDate]
FROM [LeaveApplication] AS [l]
INNER JOIN [Employee] AS [e] ON [l].[EmployeeId] = [e].[EmployeeId]
INNER JOIN [LeaveType] AS [l0] ON [l].[LeaveTypeId] = [l0].[LeaveTypeId]
WHERE [e].[UserId] = @userId
[2026-08-04 02:06:17.510 +05:30  INF]  Executing OkObjectResult, writing value of type 'Crayon.Entity.Common.Result`1[[System.Collections.Generic.List`1[[Crayon.Entity.Dto.LeaveApplicationResponse, Crayon.Entity, Version=1.0.0.0, Culture=neutral, PublicKeyToken=null]], System.Private.CoreLib, Version=10.0.0.0, Culture=neutral, PublicKeyToken=7cec85d7bea7798e]]'.
[2026-08-04 02:06:17.511 +05:30  INF]  Executed action Crayon.api.Controllers.LeaveApplicationController.GetEmployeeLeaveApplications (Crayon.api) in 25.419ms
[2026-08-04 02:06:17.511 +05:30  INF]  Executed endpoint 'Crayon.api.Controllers.LeaveApplicationController.GetEmployeeLeaveApplications (Crayon.api)'
[2026-08-04 02:06:17.512 +05:30  INF]  Request finished HTTP/1.1 GET http://localhost:5278/api/LeaveApplication/GetEmployeeLeaveApplications/7e803226-93e7-4c13-8ec4-2060a4908d31 - 200 null application/json; charset=utf-8 33.7537ms
[2026-08-04 02:06:18.884 +05:30  INF]  Request starting HTTP/1.1 GET http://localhost:5278/api/LeaveBalance/GetEmployeeLeaveBalances/7e803226-93e7-4c13-8ec4-2060a4908d31 - null null
[2026-08-04 02:06:18.885 +05:30  INF]  Executing endpoint 'Crayon.Api.Controllers.LeaveBalanceController.GetEmployeeLeaveBalances (Crayon.api)'
[2026-08-04 02:06:18.885 +05:30  INF]  Route matched with {action = "GetEmployeeLeaveBalances", controller = "LeaveBalance"}. Executing controller action with signature System.Threading.Tasks.Task`1[Microsoft.AspNetCore.Mvc.IActionResult] GetEmployeeLeaveBalances(System.String) on controller Crayon.Api.Controllers.LeaveBalanceController (Crayon.api).
[2026-08-04 02:06:18.934 +05:30  INF]  Executed DbCommand (41ms) [Parameters=[@userId='?' (Size = 450)], CommandType='"Text"', CommandTimeout='30']
SELECT [l].[LeaveBalanceId], [e].[EmployeeId], [e].[FirstName] + N' ' + [e].[LastName] AS [EmployeeName], [l0].[LeaveTypeId], [l0].[LeaveName], [l].[AvailableDays]
FROM [LeaveBalance] AS [l]
INNER JOIN [Employee] AS [e] ON [l].[EmployeeId] = [e].[EmployeeId]
INNER JOIN [LeaveType] AS [l0] ON [l].[LeaveTypeId] = [l0].[LeaveTypeId]
WHERE [e].[UserId] = @userId
[2026-08-04 02:06:18.935 +05:30  INF]  Executing OkObjectResult, writing value of type 'Crayon.Entity.Common.Result`1[[System.Collections.Generic.List`1[[Crayon.Entity.Dto.LeaveBalanceResponse, Crayon.Entity, Version=1.0.0.0, Culture=neutral, PublicKeyToken=null]], System.Private.CoreLib, Version=10.0.0.0, Culture=neutral, PublicKeyToken=7cec85d7bea7798e]]'.
[2026-08-04 02:06:18.936 +05:30  INF]  Executed action Crayon.Api.Controllers.LeaveBalanceController.GetEmployeeLeaveBalances (Crayon.api) in 51.2673ms
[2026-08-04 02:06:18.936 +05:30  INF]  Executed endpoint 'Crayon.Api.Controllers.LeaveBalanceController.GetEmployeeLeaveBalances (Crayon.api)'
[2026-08-04 02:06:18.937 +05:30  INF]  Request finished HTTP/1.1 GET http://localhost:5278/api/LeaveBalance/GetEmployeeLeaveBalances/7e803226-93e7-4c13-8ec4-2060a4908d31 - 200 null application/json; charset=utf-8 53.0679ms
[2026-08-04 02:06:28.937 +05:30  INF]  Request starting HTTP/1.1 GET http://localhost:5278/api/LeaveApplication/GetEmployeeLeaveApplications/7e803226-93e7-4c13-8ec4-2060a4908d31 - null null
[2026-08-04 02:06:28.938 +05:30  INF]  Executing endpoint 'Crayon.api.Controllers.LeaveApplicationController.GetEmployeeLeaveApplications (Crayon.api)'
[2026-08-04 02:06:28.938 +05:30  INF]  Route matched with {action = "GetEmployeeLeaveApplications", controller = "LeaveApplication"}. Executing controller action with signature System.Threading.Tasks.Task`1[Microsoft.AspNetCore.Mvc.IActionResult] GetEmployeeLeaveApplications(System.String) on controller Crayon.api.Controllers.LeaveApplicationController (Crayon.api).
[2026-08-04 02:06:28.964 +05:30  INF]  Executed DbCommand (20ms) [Parameters=[@userId='?' (Size = 450)], CommandType='"Text"', CommandTimeout='30']
SELECT [l].[LeaveApplicationId], [e].[FirstName] + N' ' + [e].[LastName] AS [EmployeeName], [l0].[LeaveName], [l].[FromDate], [l].[ToDate], [l].[TotalDays], [l].[Reason], [l].[Status], [l].[AppliedDate]
FROM [LeaveApplication] AS [l]
INNER JOIN [Employee] AS [e] ON [l].[EmployeeId] = [e].[EmployeeId]
INNER JOIN [LeaveType] AS [l0] ON [l].[LeaveTypeId] = [l0].[LeaveTypeId]
WHERE [e].[UserId] = @userId
[2026-08-04 02:06:28.965 +05:30  INF]  Executing OkObjectResult, writing value of type 'Crayon.Entity.Common.Result`1[[System.Collections.Generic.List`1[[Crayon.Entity.Dto.LeaveApplicationResponse, Crayon.Entity, Version=1.0.0.0, Culture=neutral, PublicKeyToken=null]], System.Private.CoreLib, Version=10.0.0.0, Culture=neutral, PublicKeyToken=7cec85d7bea7798e]]'.
[2026-08-04 02:06:28.965 +05:30  INF]  Executed action Crayon.api.Controllers.LeaveApplicationController.GetEmployeeLeaveApplications (Crayon.api) in 26.6782ms
[2026-08-04 02:06:28.965 +05:30  INF]  Executed endpoint 'Crayon.api.Controllers.LeaveApplicationController.GetEmployeeLeaveApplications (Crayon.api)'
[2026-08-04 02:06:28.965 +05:30  INF]  Request finished HTTP/1.1 GET http://localhost:5278/api/LeaveApplication/GetEmployeeLeaveApplications/7e803226-93e7-4c13-8ec4-2060a4908d31 - 200 null application/json; charset=utf-8 28.1062ms
[2026-08-04 02:06:29.184 +05:30  INF]  Request starting HTTP/1.1 GET http://localhost:5278/api/Attendance/GetEmployeeAttendance/7e803226-93e7-4c13-8ec4-2060a4908d31 - null null
[2026-08-04 02:06:29.185 +05:30  INF]  Executing endpoint 'Crayon.Api.Controllers.AttendanceController.GetEmployeeAttendance (Crayon.api)'
[2026-08-04 02:06:29.186 +05:30  INF]  Route matched with {action = "GetEmployeeAttendance", controller = "Attendance"}. Executing controller action with signature System.Threading.Tasks.Task`1[Microsoft.AspNetCore.Mvc.IActionResult] GetEmployeeAttendance(System.String) on controller Crayon.Api.Controllers.AttendanceController (Crayon.api).
[2026-08-04 02:06:29.208 +05:30  INF]  Executed DbCommand (16ms) [Parameters=[@userId='?' (Size = 450)], CommandType='"Text"', CommandTimeout='30']
SELECT TOP(1) [e].[EmployeeId], [e].[CreatedDate], [e].[DepartmentId], [e].[DesignationId], [e].[EmployeeCode], [e].[FirstName], [e].[IsActive], [e].[LastName], [e].[PhoneNumber], [e].[ReportingEmployeeId], [e].[ReportingToEmployeeId], [e].[UserId], [e].[WorkplaceId]
FROM [Employee] AS [e]
WHERE [e].[UserId] = @userId
[2026-08-04 02:06:29.232 +05:30  INF]  Executed DbCommand (17ms) [Parameters=[@employee_EmployeeId='?' (DbType = Int32)], CommandType='"Text"', CommandTimeout='30']
SELECT [a].[AttendanceId], [e].[EmployeeId], [e].[FirstName] + N' ' + [e].[LastName] AS [EmployeeName], [a].[AttendanceDate], [a].[CheckInTime], [a].[CheckOutTime], [a].[HoursWorked], [a].[AttendanceStatus], [a].[IsApproved]
FROM [Attendance] AS [a]
INNER JOIN [Employee] AS [e] ON [a].[EmployeeId] = [e].[EmployeeId]
WHERE [a].[EmployeeId] = @employee_EmployeeId
ORDER BY [a].[AttendanceDate] DESC
[2026-08-04 02:06:29.233 +05:30  INF]  Executing OkObjectResult, writing value of type 'Crayon.Entity.Common.Result`1[[System.Collections.Generic.List`1[[Crayon.Entity.Dto.AttendanceResponse, Crayon.Entity, Version=1.0.0.0, Culture=neutral, PublicKeyToken=null]], System.Private.CoreLib, Version=10.0.0.0, Culture=neutral, PublicKeyToken=7cec85d7bea7798e]]'.
[2026-08-04 02:06:29.233 +05:30  INF]  Executed action Crayon.Api.Controllers.AttendanceController.GetEmployeeAttendance (Crayon.api) in 47.1546ms
[2026-08-04 02:06:29.233 +05:30  INF]  Executed endpoint 'Crayon.Api.Controllers.AttendanceController.GetEmployeeAttendance (Crayon.api)'
[2026-08-04 02:06:29.233 +05:30  INF]  Request finished HTTP/1.1 GET http://localhost:5278/api/Attendance/GetEmployeeAttendance/7e803226-93e7-4c13-8ec4-2060a4908d31 - 200 null application/json; charset=utf-8 49.0102ms
[2026-08-04 02:06:49.337 +05:30  INF]  Request starting HTTP/1.1 POST http://localhost:5278/api/Employee/Login - application/json; charset=utf-8 54
[2026-08-04 02:06:49.337 +05:30  INF]  Executing endpoint 'Crayon.api.Controllers.EmployeeController.Login (Crayon.api)'
[2026-08-04 02:06:49.338 +05:30  INF]  Route matched with {action = "Login", controller = "Employee"}. Executing controller action with signature System.Threading.Tasks.Task`1[Microsoft.AspNetCore.Mvc.IActionResult] Login(Crayon.Entity.Dto.UserRequest) on controller Crayon.api.Controllers.EmployeeController (Crayon.api).
[2026-08-04 02:06:49.396 +05:30  INF]  Executed DbCommand (14ms) [Parameters=[@normalizedEmail='?' (Size = 256)], CommandType='"Text"', CommandTimeout='30']
SELECT TOP(2) [a].[Id], [a].[AccessFailedCount], [a].[ConcurrencyStamp], [a].[Email], [a].[EmailConfirmed], [a].[LockoutEnabled], [a].[LockoutEnd], [a].[NormalizedEmail], [a].[NormalizedUserName], [a].[PasswordHash], [a].[PhoneNumber], [a].[PhoneNumberConfirmed], [a].[SecurityStamp], [a].[TwoFactorEnabled], [a].[UserName]
FROM [AspNetUsers] AS [a]
WHERE [a].[NormalizedEmail] = @normalizedEmail
[2026-08-04 02:06:49.696 +05:30  INF]  Executed DbCommand (10ms) [Parameters=[@userId='?' (Size = 450)], CommandType='"Text"', CommandTimeout='30']
SELECT [a0].[Name]
FROM [AspNetUserRoles] AS [a]
INNER JOIN [AspNetRoles] AS [a0] ON [a].[RoleId] = [a0].[Id]
WHERE [a].[UserId] = @userId
[2026-08-04 02:06:49.698 +05:30  INF]  Executing OkObjectResult, writing value of type 'Crayon.Entity.Common.Result`1[[Crayon.Entity.Dto.UserResponse, Crayon.Entity, Version=1.0.0.0, Culture=neutral, PublicKeyToken=null]]'.
[2026-08-04 02:06:49.698 +05:30  INF]  Executed action Crayon.api.Controllers.EmployeeController.Login (Crayon.api) in 360.4104ms
[2026-08-04 02:06:49.698 +05:30  INF]  Executed endpoint 'Crayon.api.Controllers.EmployeeController.Login (Crayon.api)'
[2026-08-04 02:06:49.699 +05:30  INF]  Request finished HTTP/1.1 POST http://localhost:5278/api/Employee/Login - 200 null application/json; charset=utf-8 361.9141ms
[2026-08-04 02:06:49.744 +05:30  INF]  Request starting HTTP/1.1 GET http://localhost:5278/api/Dashboard/GetEmployeeCount - null null
[2026-08-04 02:06:49.745 +05:30  INF]  Executing endpoint 'Crayon.api.Controllers.DashboardController.GetEmployeeCount (Crayon.api)'
[2026-08-04 02:06:49.745 +05:30  INF]  Route matched with {action = "GetEmployeeCount", controller = "Dashboard"}. Executing controller action with signature System.Threading.Tasks.Task`1[Microsoft.AspNetCore.Mvc.IActionResult] GetEmployeeCount() on controller Crayon.api.Controllers.DashboardController (Crayon.api).
[2026-08-04 02:06:49.758 +05:30  INF]  Executed DbCommand (7ms) [Parameters=[], CommandType='"Text"', CommandTimeout='30']
SELECT COUNT(*)
FROM [Employee] AS [e]
[2026-08-04 02:06:49.759 +05:30  INF]  Executing OkObjectResult, writing value of type 'System.Int32'.
[2026-08-04 02:06:49.759 +05:30  INF]  Executed action Crayon.api.Controllers.DashboardController.GetEmployeeCount (Crayon.api) in 13.5721ms
[2026-08-04 02:06:49.759 +05:30  INF]  Executed endpoint 'Crayon.api.Controllers.DashboardController.GetEmployeeCount (Crayon.api)'
[2026-08-04 02:06:49.760 +05:30  INF]  Request finished HTTP/1.1 GET http://localhost:5278/api/Dashboard/GetEmployeeCount - 200 null application/json; charset=utf-8 16.3218ms
[2026-08-04 02:06:49.775 +05:30  INF]  Request starting HTTP/1.1 GET http://localhost:5278/api/Dashboard/GetDepartmentCount - null null
[2026-08-04 02:06:49.776 +05:30  INF]  Executing endpoint 'Crayon.api.Controllers.DashboardController.GetDepartmentCount (Crayon.api)'
[2026-08-04 02:06:49.776 +05:30  INF]  Route matched with {action = "GetDepartmentCount", controller = "Dashboard"}. Executing controller action with signature System.Threading.Tasks.Task`1[Microsoft.AspNetCore.Mvc.IActionResult] GetDepartmentCount() on controller Crayon.api.Controllers.DashboardController (Crayon.api).
[2026-08-04 02:06:49.790 +05:30  INF]  Executed DbCommand (7ms) [Parameters=[], CommandType='"Text"', CommandTimeout='30']
SELECT COUNT(*)
FROM [Department] AS [d]
[2026-08-04 02:06:49.791 +05:30  INF]  Executing OkObjectResult, writing value of type 'System.Int32'.
[2026-08-04 02:06:49.791 +05:30  INF]  Executed action Crayon.api.Controllers.DashboardController.GetDepartmentCount (Crayon.api) in 14.8365ms
[2026-08-04 02:06:49.791 +05:30  INF]  Executed endpoint 'Crayon.api.Controllers.DashboardController.GetDepartmentCount (Crayon.api)'
[2026-08-04 02:06:49.791 +05:30  INF]  Request finished HTTP/1.1 GET http://localhost:5278/api/Dashboard/GetDepartmentCount - 200 null application/json; charset=utf-8 16.5115ms
[2026-08-04 02:06:49.805 +05:30  INF]  Request starting HTTP/1.1 GET http://localhost:5278/api/Dashboard/GetProjectCount - null null
[2026-08-04 02:06:49.806 +05:30  INF]  Executing endpoint 'Crayon.api.Controllers.DashboardController.GetProjectCount (Crayon.api)'
[2026-08-04 02:06:49.807 +05:30  INF]  Route matched with {action = "GetProjectCount", controller = "Dashboard"}. Executing controller action with signature System.Threading.Tasks.Task`1[Microsoft.AspNetCore.Mvc.IActionResult] GetProjectCount() on controller Crayon.api.Controllers.DashboardController (Crayon.api).
[2026-08-04 02:06:49.817 +05:30  INF]  Executed DbCommand (6ms) [Parameters=[], CommandType='"Text"', CommandTimeout='30']
SELECT COUNT(*)
FROM [Project] AS [p]
[2026-08-04 02:06:49.818 +05:30  INF]  Executing OkObjectResult, writing value of type 'System.Int32'.
[2026-08-04 02:06:49.818 +05:30  INF]  Executed action Crayon.api.Controllers.DashboardController.GetProjectCount (Crayon.api) in 11.5521ms
[2026-08-04 02:06:49.819 +05:30  INF]  Executed endpoint 'Crayon.api.Controllers.DashboardController.GetProjectCount (Crayon.api)'
[2026-08-04 02:06:49.819 +05:30  INF]  Request finished HTTP/1.1 GET http://localhost:5278/api/Dashboard/GetProjectCount - 200 null application/json; charset=utf-8 13.5994ms
[2026-08-04 02:06:49.833 +05:30  INF]  Request starting HTTP/1.1 GET http://localhost:5278/api/Dashboard/GetPendingLeaveCount - null null
[2026-08-04 02:06:49.834 +05:30  INF]  Executing endpoint 'Crayon.api.Controllers.DashboardController.GetPendingLeaveCount (Crayon.api)'
[2026-08-04 02:06:49.834 +05:30  INF]  Route matched with {action = "GetPendingLeaveCount", controller = "Dashboard"}. Executing controller action with signature System.Threading.Tasks.Task`1[Microsoft.AspNetCore.Mvc.IActionResult] GetPendingLeaveCount() on controller Crayon.api.Controllers.DashboardController (Crayon.api).
[2026-08-04 02:06:49.848 +05:30  INF]  Executed DbCommand (8ms) [Parameters=[], CommandType='"Text"', CommandTimeout='30']
SELECT COUNT(*)
FROM [LeaveApplication] AS [l]
WHERE [l].[Status] = N'Pending'
[2026-08-04 02:06:49.849 +05:30  INF]  Executing OkObjectResult, writing value of type 'System.Int32'.
[2026-08-04 02:06:49.849 +05:30  INF]  Executed action Crayon.api.Controllers.DashboardController.GetPendingLeaveCount (Crayon.api) in 15.1064ms
[2026-08-04 02:06:49.849 +05:30  INF]  Executed endpoint 'Crayon.api.Controllers.DashboardController.GetPendingLeaveCount (Crayon.api)'
[2026-08-04 02:06:49.850 +05:30  INF]  Request finished HTTP/1.1 GET http://localhost:5278/api/Dashboard/GetPendingLeaveCount - 200 null application/json; charset=utf-8 17.4357ms
[2026-08-04 02:17:22.870 +05:30  INF]  Request starting HTTP/1.1 GET http://localhost:5278/api/Dashboard/GetEmployeeCount - null null
[2026-08-04 02:17:22.872 +05:30  INF]  Executing endpoint 'Crayon.api.Controllers.DashboardController.GetEmployeeCount (Crayon.api)'
[2026-08-04 02:17:22.873 +05:30  INF]  Route matched with {action = "GetEmployeeCount", controller = "Dashboard"}. Executing controller action with signature System.Threading.Tasks.Task`1[Microsoft.AspNetCore.Mvc.IActionResult] GetEmployeeCount() on controller Crayon.api.Controllers.DashboardController (Crayon.api).
[2026-08-04 02:17:22.960 +05:30  INF]  Executed DbCommand (16ms) [Parameters=[], CommandType='"Text"', CommandTimeout='30']
SELECT COUNT(*)
FROM [Employee] AS [e]
[2026-08-04 02:17:22.962 +05:30  INF]  Executing OkObjectResult, writing value of type 'System.Int32'.
[2026-08-04 02:17:22.963 +05:30  INF]  Executed action Crayon.api.Controllers.DashboardController.GetEmployeeCount (Crayon.api) in 89.9856ms
[2026-08-04 02:17:22.963 +05:30  INF]  Executed endpoint 'Crayon.api.Controllers.DashboardController.GetEmployeeCount (Crayon.api)'
[2026-08-04 02:17:22.964 +05:30  INF]  Request finished HTTP/1.1 GET http://localhost:5278/api/Dashboard/GetEmployeeCount - 200 null application/json; charset=utf-8 93.6542ms
[2026-08-04 02:17:23.602 +05:30  INF]  Request starting HTTP/1.1 GET http://localhost:5278/api/Dashboard/GetDepartmentCount - null null
[2026-08-04 02:17:23.603 +05:30  INF]  Executing endpoint 'Crayon.api.Controllers.DashboardController.GetDepartmentCount (Crayon.api)'
[2026-08-04 02:17:23.603 +05:30  INF]  Route matched with {action = "GetDepartmentCount", controller = "Dashboard"}. Executing controller action with signature System.Threading.Tasks.Task`1[Microsoft.AspNetCore.Mvc.IActionResult] GetDepartmentCount() on controller Crayon.api.Controllers.DashboardController (Crayon.api).
[2026-08-04 02:17:23.625 +05:30  INF]  Executed DbCommand (10ms) [Parameters=[], CommandType='"Text"', CommandTimeout='30']
SELECT COUNT(*)
FROM [Department] AS [d]
[2026-08-04 02:17:23.628 +05:30  INF]  Executing OkObjectResult, writing value of type 'System.Int32'.
[2026-08-04 02:17:23.629 +05:30  INF]  Executed action Crayon.api.Controllers.DashboardController.GetDepartmentCount (Crayon.api) in 24.9821ms
[2026-08-04 02:17:23.629 +05:30  INF]  Executed endpoint 'Crayon.api.Controllers.DashboardController.GetDepartmentCount (Crayon.api)'
[2026-08-04 02:17:23.629 +05:30  INF]  Request finished HTTP/1.1 GET http://localhost:5278/api/Dashboard/GetDepartmentCount - 200 null application/json; charset=utf-8 27.4193ms
[2026-08-04 02:17:23.667 +05:30  INF]  Request starting HTTP/1.1 GET http://localhost:5278/api/Dashboard/GetProjectCount - null null
[2026-08-04 02:17:23.669 +05:30  INF]  Executing endpoint 'Crayon.api.Controllers.DashboardController.GetProjectCount (Crayon.api)'
[2026-08-04 02:17:23.669 +05:30  INF]  Route matched with {action = "GetProjectCount", controller = "Dashboard"}. Executing controller action with signature System.Threading.Tasks.Task`1[Microsoft.AspNetCore.Mvc.IActionResult] GetProjectCount() on controller Crayon.api.Controllers.DashboardController (Crayon.api).
[2026-08-04 02:17:23.682 +05:30  INF]  Executed DbCommand (6ms) [Parameters=[], CommandType='"Text"', CommandTimeout='30']
SELECT COUNT(*)
FROM [Project] AS [p]
[2026-08-04 02:17:23.683 +05:30  INF]  Executing OkObjectResult, writing value of type 'System.Int32'.
[2026-08-04 02:17:23.683 +05:30  INF]  Executed action Crayon.api.Controllers.DashboardController.GetProjectCount (Crayon.api) in 14.1995ms
[2026-08-04 02:17:23.683 +05:30  INF]  Executed endpoint 'Crayon.api.Controllers.DashboardController.GetProjectCount (Crayon.api)'
[2026-08-04 02:17:23.684 +05:30  INF]  Request finished HTTP/1.1 GET http://localhost:5278/api/Dashboard/GetProjectCount - 200 null application/json; charset=utf-8 16.3247ms
[2026-08-04 02:17:23.713 +05:30  INF]  Request starting HTTP/1.1 GET http://localhost:5278/api/Dashboard/GetPendingLeaveCount - null null
[2026-08-04 02:17:23.714 +05:30  INF]  Executing endpoint 'Crayon.api.Controllers.DashboardController.GetPendingLeaveCount (Crayon.api)'
[2026-08-04 02:17:23.714 +05:30  INF]  Route matched with {action = "GetPendingLeaveCount", controller = "Dashboard"}. Executing controller action with signature System.Threading.Tasks.Task`1[Microsoft.AspNetCore.Mvc.IActionResult] GetPendingLeaveCount() on controller Crayon.api.Controllers.DashboardController (Crayon.api).
[2026-08-04 02:17:23.737 +05:30  INF]  Executed DbCommand (17ms) [Parameters=[], CommandType='"Text"', CommandTimeout='30']
SELECT COUNT(*)
FROM [LeaveApplication] AS [l]
WHERE [l].[Status] = N'Pending'
[2026-08-04 02:17:23.738 +05:30  INF]  Executing OkObjectResult, writing value of type 'System.Int32'.
[2026-08-04 02:17:23.738 +05:30  INF]  Executed action Crayon.api.Controllers.DashboardController.GetPendingLeaveCount (Crayon.api) in 23.6513ms
[2026-08-04 02:17:23.738 +05:30  INF]  Executed endpoint 'Crayon.api.Controllers.DashboardController.GetPendingLeaveCount (Crayon.api)'
[2026-08-04 02:17:23.739 +05:30  INF]  Request finished HTTP/1.1 GET http://localhost:5278/api/Dashboard/GetPendingLeaveCount - 200 null application/json; charset=utf-8 25.9425ms
[2026-08-04 02:18:19.182 +05:30  INF]  Request starting HTTP/1.1 GET http://localhost:5278/api/Employee/GetVisibleEmployees - null null
[2026-08-04 02:18:19.183 +05:30  INF]  Executing endpoint 'Crayon.api.Controllers.EmployeeController.GetVisibleEmployees (Crayon.api)'
[2026-08-04 02:18:19.183 +05:30  INF]  Route matched with {action = "GetVisibleEmployees", controller = "Employee"}. Executing controller action with signature System.Threading.Tasks.Task`1[Microsoft.AspNetCore.Mvc.IActionResult] GetVisibleEmployees() on controller Crayon.api.Controllers.EmployeeController (Crayon.api).
[2026-08-04 02:18:19.209 +05:30  INF]  Executed DbCommand (11ms) [Parameters=[@userId='?' (Size = 450)], CommandType='"Text"', CommandTimeout='30']
SELECT TOP(1) [e].[EmployeeId], [e].[CreatedDate], [e].[DepartmentId], [e].[DesignationId], [e].[EmployeeCode], [e].[FirstName], [e].[IsActive], [e].[LastName], [e].[PhoneNumber], [e].[ReportingEmployeeId], [e].[ReportingToEmployeeId], [e].[UserId], [e].[WorkplaceId]
FROM [Employee] AS [e]
WHERE [e].[UserId] = @userId
[2026-08-04 02:18:19.343 +05:30  INF]  Executed DbCommand (118ms) [Parameters=[], CommandType='"Text"', CommandTimeout='30']
SELECT [e].[EmployeeId], [e].[UserId], [e].[EmployeeCode], [e].[FirstName], [e].[LastName], [e].[FirstName] + N' ' + [e].[LastName] AS [FullName], [a].[Email], [e].[PhoneNumber], [d].[DepartmentId], [d].[DepartmentName], [d0].[DesignationId], [d0].[DesignationName], [w].[WorkplaceId], [w].[Name] AS [WorkplaceName], (
    SELECT TOP(1) [a1].[Name]
    FROM [AspNetUserRoles] AS [a0]
    INNER JOIN [AspNetRoles] AS [a1] ON [a0].[RoleId] = [a1].[Id]
    WHERE [a0].[UserId] = [a].[Id]) AS [RoleName], [e].[ReportingEmployeeId] AS [ReportingManagerId], CASE
    WHEN [e0].[EmployeeId] IS NOT NULL THEN COALESCE([e0].[FirstName], N'') + N' ' + COALESCE([e0].[LastName], N'')
    ELSE N''
END AS [ReportingManagerName], [e].[IsActive], [e].[CreatedDate]
FROM [Employee] AS [e]
INNER JOIN [Department] AS [d] ON [e].[DepartmentId] = [d].[DepartmentId]
INNER JOIN [Designation] AS [d0] ON [e].[DesignationId] = [d0].[DesignationId]
INNER JOIN [Workplace] AS [w] ON [e].[WorkplaceId] = [w].[WorkplaceId]
INNER JOIN [AspNetUsers] AS [a] ON [e].[UserId] = [a].[Id]
LEFT JOIN [Employee] AS [e0] ON [e].[ReportingEmployeeId] = [e0].[EmployeeId]
WHERE [e].[IsActive] = CAST(1 AS bit)
[2026-08-04 02:18:19.344 +05:30  INF]  Executing OkObjectResult, writing value of type 'Crayon.Entity.Common.Result`1[[System.Collections.Generic.List`1[[Crayon.Entity.Dto.EmployeeResponse, Crayon.Entity, Version=1.0.0.0, Culture=neutral, PublicKeyToken=null]], System.Private.CoreLib, Version=10.0.0.0, Culture=neutral, PublicKeyToken=7cec85d7bea7798e]]'.
[2026-08-04 02:18:19.345 +05:30  INF]  Executed action Crayon.api.Controllers.EmployeeController.GetVisibleEmployees (Crayon.api) in 161.3051ms
[2026-08-04 02:18:19.345 +05:30  INF]  Executed endpoint 'Crayon.api.Controllers.EmployeeController.GetVisibleEmployees (Crayon.api)'
[2026-08-04 02:18:19.345 +05:30  INF]  Request finished HTTP/1.1 GET http://localhost:5278/api/Employee/GetVisibleEmployees - 200 null application/json; charset=utf-8 163.4925ms
[2026-08-04 02:18:45.133 +05:30  INF]  Request starting HTTP/1.1 POST http://localhost:5278/api/Employee/Login - application/json; charset=utf-8 55
[2026-08-04 02:18:45.134 +05:30  INF]  Executing endpoint 'Crayon.api.Controllers.EmployeeController.Login (Crayon.api)'
[2026-08-04 02:18:45.134 +05:30  INF]  Route matched with {action = "Login", controller = "Employee"}. Executing controller action with signature System.Threading.Tasks.Task`1[Microsoft.AspNetCore.Mvc.IActionResult] Login(Crayon.Entity.Dto.UserRequest) on controller Crayon.api.Controllers.EmployeeController (Crayon.api).
[2026-08-04 02:18:45.184 +05:30  INF]  Executed DbCommand (8ms) [Parameters=[@normalizedEmail='?' (Size = 256)], CommandType='"Text"', CommandTimeout='30']
SELECT TOP(2) [a].[Id], [a].[AccessFailedCount], [a].[ConcurrencyStamp], [a].[Email], [a].[EmailConfirmed], [a].[LockoutEnabled], [a].[LockoutEnd], [a].[NormalizedEmail], [a].[NormalizedUserName], [a].[PasswordHash], [a].[PhoneNumber], [a].[PhoneNumberConfirmed], [a].[SecurityStamp], [a].[TwoFactorEnabled], [a].[UserName]
FROM [AspNetUsers] AS [a]
WHERE [a].[NormalizedEmail] = @normalizedEmail
[2026-08-04 02:18:45.483 +05:30  INF]  Executed DbCommand (11ms) [Parameters=[@userId='?' (Size = 450)], CommandType='"Text"', CommandTimeout='30']
SELECT [a0].[Name]
FROM [AspNetUserRoles] AS [a]
INNER JOIN [AspNetRoles] AS [a0] ON [a].[RoleId] = [a0].[Id]
WHERE [a].[UserId] = @userId
[2026-08-04 02:18:45.489 +05:30  INF]  Executing OkObjectResult, writing value of type 'Crayon.Entity.Common.Result`1[[Crayon.Entity.Dto.UserResponse, Crayon.Entity, Version=1.0.0.0, Culture=neutral, PublicKeyToken=null]]'.
[2026-08-04 02:18:45.490 +05:30  INF]  Executed action Crayon.api.Controllers.EmployeeController.Login (Crayon.api) in 355.8047ms
[2026-08-04 02:18:45.490 +05:30  INF]  Executed endpoint 'Crayon.api.Controllers.EmployeeController.Login (Crayon.api)'
[2026-08-04 02:18:45.490 +05:30  INF]  Request finished HTTP/1.1 POST http://localhost:5278/api/Employee/Login - 200 null application/json; charset=utf-8 357.2003ms
[2026-08-04 02:18:45.809 +05:30  INF]  Request starting HTTP/1.1 GET http://localhost:5278/api/LeaveApplication/GetManagerLeaveApplications/0fab7b97-b751-4afc-8d80-073ffe50be25 - null null
[2026-08-04 02:18:45.810 +05:30  INF]  Executing endpoint 'Crayon.api.Controllers.LeaveApplicationController.GetManagerLeaveApplications (Crayon.api)'
[2026-08-04 02:18:45.810 +05:30  INF]  Route matched with {action = "GetManagerLeaveApplications", controller = "LeaveApplication"}. Executing controller action with signature System.Threading.Tasks.Task`1[Microsoft.AspNetCore.Mvc.IActionResult] GetManagerLeaveApplications(System.String) on controller Crayon.api.Controllers.LeaveApplicationController (Crayon.api).
[2026-08-04 02:18:45.822 +05:30  INF]  Executed DbCommand (7ms) [Parameters=[@managerUserId='?' (Size = 450)], CommandType='"Text"', CommandTimeout='30']
SELECT TOP(1) [e].[EmployeeId], [e].[CreatedDate], [e].[DepartmentId], [e].[DesignationId], [e].[EmployeeCode], [e].[FirstName], [e].[IsActive], [e].[LastName], [e].[PhoneNumber], [e].[ReportingEmployeeId], [e].[ReportingToEmployeeId], [e].[UserId], [e].[WorkplaceId]
FROM [Employee] AS [e]
WHERE [e].[UserId] = @managerUserId
[2026-08-04 02:18:45.842 +05:30  INF]  Executed DbCommand (16ms) [Parameters=[@manager_EmployeeId='?' (DbType = Int32)], CommandType='"Text"', CommandTimeout='30']
SELECT [l].[LeaveApplicationId], [e].[FirstName] + N' ' + [e].[LastName] AS [EmployeeName], [l0].[LeaveName], [l].[FromDate], [l].[ToDate], [l].[TotalDays], [l].[Reason], [l].[Status], [l].[AppliedDate]
FROM [LeaveApplication] AS [l]
INNER JOIN [Employee] AS [e] ON [l].[EmployeeId] = [e].[EmployeeId]
INNER JOIN [LeaveType] AS [l0] ON [l].[LeaveTypeId] = [l0].[LeaveTypeId]
WHERE [e].[ReportingEmployeeId] = @manager_EmployeeId
[2026-08-04 02:18:45.843 +05:30  INF]  Executing OkObjectResult, writing value of type 'Crayon.Entity.Common.Result`1[[System.Collections.Generic.List`1[[Crayon.Entity.Dto.LeaveApplicationResponse, Crayon.Entity, Version=1.0.0.0, Culture=neutral, PublicKeyToken=null]], System.Private.CoreLib, Version=10.0.0.0, Culture=neutral, PublicKeyToken=7cec85d7bea7798e]]'.
[2026-08-04 02:18:45.843 +05:30  INF]  Executed action Crayon.api.Controllers.LeaveApplicationController.GetManagerLeaveApplications (Crayon.api) in 32.9829ms
[2026-08-04 02:18:45.843 +05:30  INF]  Executed endpoint 'Crayon.api.Controllers.LeaveApplicationController.GetManagerLeaveApplications (Crayon.api)'
[2026-08-04 02:18:45.844 +05:30  INF]  Request finished HTTP/1.1 GET http://localhost:5278/api/LeaveApplication/GetManagerLeaveApplications/0fab7b97-b751-4afc-8d80-073ffe50be25 - 200 null application/json; charset=utf-8 34.8578ms
[2026-08-04 02:18:46.327 +05:30  INF]  Request starting HTTP/1.1 GET http://localhost:5278/api/Attendance/GetEmployeeAttendance/0fab7b97-b751-4afc-8d80-073ffe50be25 - null null
[2026-08-04 02:18:46.328 +05:30  INF]  Executing endpoint 'Crayon.Api.Controllers.AttendanceController.GetEmployeeAttendance (Crayon.api)'
[2026-08-04 02:18:46.328 +05:30  INF]  Route matched with {action = "GetEmployeeAttendance", controller = "Attendance"}. Executing controller action with signature System.Threading.Tasks.Task`1[Microsoft.AspNetCore.Mvc.IActionResult] GetEmployeeAttendance(System.String) on controller Crayon.Api.Controllers.AttendanceController (Crayon.api).
[2026-08-04 02:18:46.341 +05:30  INF]  Executed DbCommand (8ms) [Parameters=[@userId='?' (Size = 450)], CommandType='"Text"', CommandTimeout='30']
SELECT TOP(1) [e].[EmployeeId], [e].[CreatedDate], [e].[DepartmentId], [e].[DesignationId], [e].[EmployeeCode], [e].[FirstName], [e].[IsActive], [e].[LastName], [e].[PhoneNumber], [e].[ReportingEmployeeId], [e].[ReportingToEmployeeId], [e].[UserId], [e].[WorkplaceId]
FROM [Employee] AS [e]
WHERE [e].[UserId] = @userId
[2026-08-04 02:18:46.362 +05:30  INF]  Executed DbCommand (16ms) [Parameters=[@employee_EmployeeId='?' (DbType = Int32)], CommandType='"Text"', CommandTimeout='30']
SELECT [a].[AttendanceId], [e].[EmployeeId], [e].[FirstName] + N' ' + [e].[LastName] AS [EmployeeName], [a].[AttendanceDate], [a].[CheckInTime], [a].[CheckOutTime], [a].[HoursWorked], [a].[AttendanceStatus], [a].[IsApproved]
FROM [Attendance] AS [a]
INNER JOIN [Employee] AS [e] ON [a].[EmployeeId] = [e].[EmployeeId]
WHERE [a].[EmployeeId] = @employee_EmployeeId
ORDER BY [a].[AttendanceDate] DESC
[2026-08-04 02:18:46.362 +05:30  INF]  Executing OkObjectResult, writing value of type 'Crayon.Entity.Common.Result`1[[System.Collections.Generic.List`1[[Crayon.Entity.Dto.AttendanceResponse, Crayon.Entity, Version=1.0.0.0, Culture=neutral, PublicKeyToken=null]], System.Private.CoreLib, Version=10.0.0.0, Culture=neutral, PublicKeyToken=7cec85d7bea7798e]]'.
[2026-08-04 02:18:46.363 +05:30  INF]  Executed action Crayon.Api.Controllers.AttendanceController.GetEmployeeAttendance (Crayon.api) in 34.2522ms
[2026-08-04 02:18:46.363 +05:30  INF]  Executed endpoint 'Crayon.Api.Controllers.AttendanceController.GetEmployeeAttendance (Crayon.api)'
[2026-08-04 02:18:46.363 +05:30  INF]  Request finished HTTP/1.1 GET http://localhost:5278/api/Attendance/GetEmployeeAttendance/0fab7b97-b751-4afc-8d80-073ffe50be25 - 200 null application/json; charset=utf-8 35.7273ms
[2026-08-04 02:18:48.664 +05:30  INF]  Request starting HTTP/1.1 GET http://localhost:5278/api/Employee/GetVisibleEmployees - null null
[2026-08-04 02:18:48.664 +05:30  INF]  Executing endpoint 'Crayon.api.Controllers.EmployeeController.GetVisibleEmployees (Crayon.api)'
[2026-08-04 02:18:48.665 +05:30  INF]  Route matched with {action = "GetVisibleEmployees", controller = "Employee"}. Executing controller action with signature System.Threading.Tasks.Task`1[Microsoft.AspNetCore.Mvc.IActionResult] GetVisibleEmployees() on controller Crayon.api.Controllers.EmployeeController (Crayon.api).
[2026-08-04 02:18:48.677 +05:30  INF]  Executed DbCommand (7ms) [Parameters=[@userId='?' (Size = 450)], CommandType='"Text"', CommandTimeout='30']
SELECT TOP(1) [e].[EmployeeId], [e].[CreatedDate], [e].[DepartmentId], [e].[DesignationId], [e].[EmployeeCode], [e].[FirstName], [e].[IsActive], [e].[LastName], [e].[PhoneNumber], [e].[ReportingEmployeeId], [e].[ReportingToEmployeeId], [e].[UserId], [e].[WorkplaceId]
FROM [Employee] AS [e]
WHERE [e].[UserId] = @userId
[2026-08-04 02:18:48.743 +05:30  INF]  Executed DbCommand (60ms) [Parameters=[@currentEmployee_EmployeeId='?' (DbType = Int32)], CommandType='"Text"', CommandTimeout='30']
SELECT [e].[EmployeeId], [e].[UserId], [e].[EmployeeCode], [e].[FirstName], [e].[LastName], [e].[FirstName] + N' ' + [e].[LastName] AS [FullName], [a].[Email], [e].[PhoneNumber], [d].[DepartmentId], [d].[DepartmentName], [d0].[DesignationId], [d0].[DesignationName], [w].[WorkplaceId], [w].[Name] AS [WorkplaceName], (
    SELECT TOP(1) [a1].[Name]
    FROM [AspNetUserRoles] AS [a0]
    INNER JOIN [AspNetRoles] AS [a1] ON [a0].[RoleId] = [a1].[Id]
    WHERE [a0].[UserId] = [a].[Id]) AS [RoleName], [e].[ReportingEmployeeId] AS [ReportingManagerId], CASE
    WHEN [e1].[EmployeeId] IS NOT NULL THEN COALESCE([e1].[FirstName], N'') + N' ' + COALESCE([e1].[LastName], N'')
    ELSE N''
END AS [ReportingManagerName], [e].[IsActive], [e].[CreatedDate]
FROM [Employee] AS [e]
INNER JOIN [Department] AS [d] ON [e].[DepartmentId] = [d].[DepartmentId]
INNER JOIN [Designation] AS [d0] ON [e].[DesignationId] = [d0].[DesignationId]
INNER JOIN [Workplace] AS [w] ON [e].[WorkplaceId] = [w].[WorkplaceId]
INNER JOIN [AspNetUsers] AS [a] ON [e].[UserId] = [a].[Id]
LEFT JOIN [Employee] AS [e1] ON [e].[ReportingEmployeeId] = [e1].[EmployeeId]
WHERE [e].[IsActive] = CAST(1 AS bit) AND ([e].[ReportingEmployeeId] = @currentEmployee_EmployeeId OR EXISTS (
    SELECT 1
    FROM [Employee] AS [e0]
    WHERE [e0].[EmployeeId] = [e].[ReportingEmployeeId] AND [e0].[ReportingEmployeeId] = @currentEmployee_EmployeeId))
[2026-08-04 02:18:48.744 +05:30  INF]  Executing OkObjectResult, writing value of type 'Crayon.Entity.Common.Result`1[[System.Collections.Generic.List`1[[Crayon.Entity.Dto.EmployeeResponse, Crayon.Entity, Version=1.0.0.0, Culture=neutral, PublicKeyToken=null]], System.Private.CoreLib, Version=10.0.0.0, Culture=neutral, PublicKeyToken=7cec85d7bea7798e]]'.
[2026-08-04 02:18:48.745 +05:30  INF]  Executed action Crayon.api.Controllers.EmployeeController.GetVisibleEmployees (Crayon.api) in 79.7841ms
[2026-08-04 02:18:48.745 +05:30  INF]  Executed endpoint 'Crayon.api.Controllers.EmployeeController.GetVisibleEmployees (Crayon.api)'
[2026-08-04 02:18:48.745 +05:30  INF]  Request finished HTTP/1.1 GET http://localhost:5278/api/Employee/GetVisibleEmployees - 200 null application/json; charset=utf-8 81.5931ms
[2026-08-04 02:19:01.634 +05:30  INF]  Request starting HTTP/1.1 POST http://localhost:5278/api/Employee/Login - application/json; charset=utf-8 54
[2026-08-04 02:19:01.634 +05:30  INF]  Executing endpoint 'Crayon.api.Controllers.EmployeeController.Login (Crayon.api)'
[2026-08-04 02:19:01.635 +05:30  INF]  Route matched with {action = "Login", controller = "Employee"}. Executing controller action with signature System.Threading.Tasks.Task`1[Microsoft.AspNetCore.Mvc.IActionResult] Login(Crayon.Entity.Dto.UserRequest) on controller Crayon.api.Controllers.EmployeeController (Crayon.api).
[2026-08-04 02:19:01.652 +05:30  INF]  Executed DbCommand (8ms) [Parameters=[@normalizedEmail='?' (Size = 256)], CommandType='"Text"', CommandTimeout='30']
SELECT TOP(2) [a].[Id], [a].[AccessFailedCount], [a].[ConcurrencyStamp], [a].[Email], [a].[EmailConfirmed], [a].[LockoutEnabled], [a].[LockoutEnd], [a].[NormalizedEmail], [a].[NormalizedUserName], [a].[PasswordHash], [a].[PhoneNumber], [a].[PhoneNumberConfirmed], [a].[SecurityStamp], [a].[TwoFactorEnabled], [a].[UserName]
FROM [AspNetUsers] AS [a]
WHERE [a].[NormalizedEmail] = @normalizedEmail
[2026-08-04 02:19:01.933 +05:30  INF]  Executed DbCommand (10ms) [Parameters=[@userId='?' (Size = 450)], CommandType='"Text"', CommandTimeout='30']
SELECT [a0].[Name]
FROM [AspNetUserRoles] AS [a]
INNER JOIN [AspNetRoles] AS [a0] ON [a].[RoleId] = [a0].[Id]
WHERE [a].[UserId] = @userId
[2026-08-04 02:19:01.934 +05:30  INF]  Executing OkObjectResult, writing value of type 'Crayon.Entity.Common.Result`1[[Crayon.Entity.Dto.UserResponse, Crayon.Entity, Version=1.0.0.0, Culture=neutral, PublicKeyToken=null]]'.
[2026-08-04 02:19:01.935 +05:30  INF]  Executed action Crayon.api.Controllers.EmployeeController.Login (Crayon.api) in 299.2582ms
[2026-08-04 02:19:01.935 +05:30  INF]  Executed endpoint 'Crayon.api.Controllers.EmployeeController.Login (Crayon.api)'
[2026-08-04 02:19:01.935 +05:30  INF]  Request finished HTTP/1.1 POST http://localhost:5278/api/Employee/Login - 200 null application/json; charset=utf-8 301.4101ms
[2026-08-04 02:19:01.990 +05:30  INF]  Request starting HTTP/1.1 GET http://localhost:5278/api/Dashboard/GetEmployeeCount - null null
[2026-08-04 02:19:01.991 +05:30  INF]  Executing endpoint 'Crayon.api.Controllers.DashboardController.GetEmployeeCount (Crayon.api)'
[2026-08-04 02:19:01.992 +05:30  INF]  Route matched with {action = "GetEmployeeCount", controller = "Dashboard"}. Executing controller action with signature System.Threading.Tasks.Task`1[Microsoft.AspNetCore.Mvc.IActionResult] GetEmployeeCount() on controller Crayon.api.Controllers.DashboardController (Crayon.api).
[2026-08-04 02:19:02.004 +05:30  INF]  Executed DbCommand (6ms) [Parameters=[], CommandType='"Text"', CommandTimeout='30']
SELECT COUNT(*)
FROM [Employee] AS [e]
[2026-08-04 02:19:02.005 +05:30  INF]  Executing OkObjectResult, writing value of type 'System.Int32'.
[2026-08-04 02:19:02.005 +05:30  INF]  Executed action Crayon.api.Controllers.DashboardController.GetEmployeeCount (Crayon.api) in 13.3928ms
[2026-08-04 02:19:02.006 +05:30  INF]  Executed endpoint 'Crayon.api.Controllers.DashboardController.GetEmployeeCount (Crayon.api)'
[2026-08-04 02:19:02.006 +05:30  INF]  Request finished HTTP/1.1 GET http://localhost:5278/api/Dashboard/GetEmployeeCount - 200 null application/json; charset=utf-8 15.8043ms
[2026-08-04 02:19:02.021 +05:30  INF]  Request starting HTTP/1.1 GET http://localhost:5278/api/Dashboard/GetDepartmentCount - null null
[2026-08-04 02:19:02.022 +05:30  INF]  Executing endpoint 'Crayon.api.Controllers.DashboardController.GetDepartmentCount (Crayon.api)'
[2026-08-04 02:19:02.023 +05:30  INF]  Route matched with {action = "GetDepartmentCount", controller = "Dashboard"}. Executing controller action with signature System.Threading.Tasks.Task`1[Microsoft.AspNetCore.Mvc.IActionResult] GetDepartmentCount() on controller Crayon.api.Controllers.DashboardController (Crayon.api).
[2026-08-04 02:19:02.031 +05:30  INF]  Executed DbCommand (3ms) [Parameters=[], CommandType='"Text"', CommandTimeout='30']
SELECT COUNT(*)
FROM [Department] AS [d]
[2026-08-04 02:19:02.032 +05:30  INF]  Executing OkObjectResult, writing value of type 'System.Int32'.
[2026-08-04 02:19:02.033 +05:30  INF]  Executed action Crayon.api.Controllers.DashboardController.GetDepartmentCount (Crayon.api) in 9.8181ms
[2026-08-04 02:19:02.033 +05:30  INF]  Executed endpoint 'Crayon.api.Controllers.DashboardController.GetDepartmentCount (Crayon.api)'
[2026-08-04 02:19:02.033 +05:30  INF]  Request finished HTTP/1.1 GET http://localhost:5278/api/Dashboard/GetDepartmentCount - 200 null application/json; charset=utf-8 11.8537ms
[2026-08-04 02:19:02.047 +05:30  INF]  Request starting HTTP/1.1 GET http://localhost:5278/api/Dashboard/GetProjectCount - null null
[2026-08-04 02:19:02.048 +05:30  INF]  Executing endpoint 'Crayon.api.Controllers.DashboardController.GetProjectCount (Crayon.api)'
[2026-08-04 02:19:02.048 +05:30  INF]  Route matched with {action = "GetProjectCount", controller = "Dashboard"}. Executing controller action with signature System.Threading.Tasks.Task`1[Microsoft.AspNetCore.Mvc.IActionResult] GetProjectCount() on controller Crayon.api.Controllers.DashboardController (Crayon.api).
[2026-08-04 02:19:02.057 +05:30  INF]  Executed DbCommand (5ms) [Parameters=[], CommandType='"Text"', CommandTimeout='30']
SELECT COUNT(*)
FROM [Project] AS [p]
[2026-08-04 02:19:02.058 +05:30  INF]  Executing OkObjectResult, writing value of type 'System.Int32'.
[2026-08-04 02:19:02.058 +05:30  INF]  Executed action Crayon.api.Controllers.DashboardController.GetProjectCount (Crayon.api) in 10.1884ms
[2026-08-04 02:19:02.059 +05:30  INF]  Executed endpoint 'Crayon.api.Controllers.DashboardController.GetProjectCount (Crayon.api)'
[2026-08-04 02:19:02.059 +05:30  INF]  Request finished HTTP/1.1 GET http://localhost:5278/api/Dashboard/GetProjectCount - 200 null application/json; charset=utf-8 11.7462ms
[2026-08-04 02:19:02.072 +05:30  INF]  Request starting HTTP/1.1 GET http://localhost:5278/api/Dashboard/GetPendingLeaveCount - null null
[2026-08-04 02:19:02.073 +05:30  INF]  Executing endpoint 'Crayon.api.Controllers.DashboardController.GetPendingLeaveCount (Crayon.api)'
[2026-08-04 02:19:02.073 +05:30  INF]  Route matched with {action = "GetPendingLeaveCount", controller = "Dashboard"}. Executing controller action with signature System.Threading.Tasks.Task`1[Microsoft.AspNetCore.Mvc.IActionResult] GetPendingLeaveCount() on controller Crayon.api.Controllers.DashboardController (Crayon.api).
[2026-08-04 02:19:02.086 +05:30  INF]  Executed DbCommand (8ms) [Parameters=[], CommandType='"Text"', CommandTimeout='30']
SELECT COUNT(*)
FROM [LeaveApplication] AS [l]
WHERE [l].[Status] = N'Pending'
[2026-08-04 02:19:02.087 +05:30  INF]  Executing OkObjectResult, writing value of type 'System.Int32'.
[2026-08-04 02:19:02.087 +05:30  INF]  Executed action Crayon.api.Controllers.DashboardController.GetPendingLeaveCount (Crayon.api) in 13.8618ms
[2026-08-04 02:19:02.088 +05:30  INF]  Executed endpoint 'Crayon.api.Controllers.DashboardController.GetPendingLeaveCount (Crayon.api)'
[2026-08-04 02:19:02.089 +05:30  INF]  Request finished HTTP/1.1 GET http://localhost:5278/api/Dashboard/GetPendingLeaveCount - 200 null application/json; charset=utf-8 16.4233ms
[2026-08-04 02:19:04.684 +05:30  INF]  Request starting HTTP/1.1 GET http://localhost:5278/api/Department/GetAllDepartments - null null
[2026-08-04 02:19:04.685 +05:30  INF]  Executing endpoint 'Crayon.api.Controllers.DepartmentController.GetAllDepartments (Crayon.api)'
[2026-08-04 02:19:04.685 +05:30  INF]  Route matched with {action = "GetAllDepartments", controller = "Department"}. Executing controller action with signature System.Threading.Tasks.Task`1[Microsoft.AspNetCore.Mvc.IActionResult] GetAllDepartments() on controller Crayon.api.Controllers.DepartmentController (Crayon.api).
[2026-08-04 02:19:04.697 +05:30  INF]  Executed DbCommand (5ms) [Parameters=[], CommandType='"Text"', CommandTimeout='30']
SELECT [d].[DepartmentId], [d].[DepartmentName]
FROM [Department] AS [d]
WHERE [d].[IsActive] = CAST(1 AS bit)
[2026-08-04 02:19:04.698 +05:30  INF]  Executing OkObjectResult, writing value of type 'Crayon.Entity.Common.Result`1[[System.Collections.Generic.List`1[[Crayon.Entity.Dto.DepartmentResponse, Crayon.Entity, Version=1.0.0.0, Culture=neutral, PublicKeyToken=null]], System.Private.CoreLib, Version=10.0.0.0, Culture=neutral, PublicKeyToken=7cec85d7bea7798e]]'.
[2026-08-04 02:19:04.700 +05:30  INF]  Executed action Crayon.api.Controllers.DepartmentController.GetAllDepartments (Crayon.api) in 14.0358ms
[2026-08-04 02:19:04.700 +05:30  INF]  Executed endpoint 'Crayon.api.Controllers.DepartmentController.GetAllDepartments (Crayon.api)'
[2026-08-04 02:19:04.700 +05:30  INF]  Request finished HTTP/1.1 GET http://localhost:5278/api/Department/GetAllDepartments - 200 null application/json; charset=utf-8 16.003ms
[2026-08-04 02:19:07.727 +05:30  INF]  Request starting HTTP/1.1 GET http://localhost:5278/api/Designation/GetAllDesignations - null null
[2026-08-04 02:19:07.728 +05:30  INF]  Executing endpoint 'Crayon.Api.Controllers.DesignationController.GetAllDesignations (Crayon.api)'
[2026-08-04 02:19:07.728 +05:30  INF]  Route matched with {action = "GetAllDesignations", controller = "Designation"}. Executing controller action with signature System.Threading.Tasks.Task`1[Microsoft.AspNetCore.Mvc.IActionResult] GetAllDesignations() on controller Crayon.Api.Controllers.DesignationController (Crayon.api).
[2026-08-04 02:19:07.745 +05:30  INF]  Executed DbCommand (5ms) [Parameters=[], CommandType='"Text"', CommandTimeout='30']
SELECT [d].[DesignationId], [d].[DesignationName]
FROM [Designation] AS [d]
WHERE [d].[IsActive] = CAST(1 AS bit)
[2026-08-04 02:19:07.745 +05:30  INF]  Executing OkObjectResult, writing value of type 'Crayon.Entity.Common.Result`1[[System.Collections.Generic.List`1[[Crayon.Entity.Dto.DesignationResponse, Crayon.Entity, Version=1.0.0.0, Culture=neutral, PublicKeyToken=null]], System.Private.CoreLib, Version=10.0.0.0, Culture=neutral, PublicKeyToken=7cec85d7bea7798e]]'.
[2026-08-04 02:19:07.746 +05:30  INF]  Executed action Crayon.Api.Controllers.DesignationController.GetAllDesignations (Crayon.api) in 17.1511ms
[2026-08-04 02:19:07.746 +05:30  INF]  Executed endpoint 'Crayon.Api.Controllers.DesignationController.GetAllDesignations (Crayon.api)'
[2026-08-04 02:19:07.746 +05:30  INF]  Request finished HTTP/1.1 GET http://localhost:5278/api/Designation/GetAllDesignations - 200 null application/json; charset=utf-8 18.784ms
[2026-08-04 02:22:14.661 +05:30  INF]  Request starting HTTP/1.1 GET http://localhost:5278/api/Designation/GetAllDesignations - null null
[2026-08-04 02:22:14.662 +05:30  INF]  Executing endpoint 'Crayon.Api.Controllers.DesignationController.GetAllDesignations (Crayon.api)'
[2026-08-04 02:22:14.662 +05:30  INF]  Route matched with {action = "GetAllDesignations", controller = "Designation"}. Executing controller action with signature System.Threading.Tasks.Task`1[Microsoft.AspNetCore.Mvc.IActionResult] GetAllDesignations() on controller Crayon.Api.Controllers.DesignationController (Crayon.api).
[2026-08-04 02:22:14.685 +05:30  INF]  Executed DbCommand (6ms) [Parameters=[], CommandType='"Text"', CommandTimeout='30']
SELECT [d].[DesignationId], [d].[DesignationName]
FROM [Designation] AS [d]
WHERE [d].[IsActive] = CAST(1 AS bit)
[2026-08-04 02:22:14.685 +05:30  INF]  Executing OkObjectResult, writing value of type 'Crayon.Entity.Common.Result`1[[System.Collections.Generic.List`1[[Crayon.Entity.Dto.DesignationResponse, Crayon.Entity, Version=1.0.0.0, Culture=neutral, PublicKeyToken=null]], System.Private.CoreLib, Version=10.0.0.0, Culture=neutral, PublicKeyToken=7cec85d7bea7798e]]'.
[2026-08-04 02:22:14.686 +05:30  INF]  Executed action Crayon.Api.Controllers.DesignationController.GetAllDesignations (Crayon.api) in 23.1442ms
[2026-08-04 02:22:14.686 +05:30  INF]  Executed endpoint 'Crayon.Api.Controllers.DesignationController.GetAllDesignations (Crayon.api)'
[2026-08-04 02:22:14.686 +05:30  INF]  Request finished HTTP/1.1 GET http://localhost:5278/api/Designation/GetAllDesignations - 200 null application/json; charset=utf-8 25.3358ms
[2026-08-04 02:22:24.832 +05:30  INF]  Request starting HTTP/1.1 GET http://localhost:5278/api/Workplace/GetAllWorkplaces - null null
[2026-08-04 02:22:24.834 +05:30  INF]  Executing endpoint 'Crayon.api.Controllers.WorkplaceController.GetAllWorkplaces (Crayon.api)'
[2026-08-04 02:22:24.835 +05:30  INF]  Route matched with {action = "GetAllWorkplaces", controller = "Workplace"}. Executing controller action with signature System.Threading.Tasks.Task`1[Microsoft.AspNetCore.Mvc.IActionResult] GetAllWorkplaces() on controller Crayon.api.Controllers.WorkplaceController (Crayon.api).
[2026-08-04 02:22:24.853 +05:30  INF]  Executed DbCommand (6ms) [Parameters=[], CommandType='"Text"', CommandTimeout='30']
SELECT [w].[WorkplaceId], [w].[Name], [w].[Address]
FROM [Workplace] AS [w]
WHERE [w].[IsActive] = CAST(1 AS bit)
[2026-08-04 02:22:24.854 +05:30  INF]  Executing OkObjectResult, writing value of type 'Crayon.Entity.Common.Result`1[[System.Collections.Generic.List`1[[Crayon.Entity.Dto.WorkplaceResponse, Crayon.Entity, Version=1.0.0.0, Culture=neutral, PublicKeyToken=null]], System.Private.CoreLib, Version=10.0.0.0, Culture=neutral, PublicKeyToken=7cec85d7bea7798e]]'.
[2026-08-04 02:22:24.854 +05:30  INF]  Executed action Crayon.api.Controllers.WorkplaceController.GetAllWorkplaces (Crayon.api) in 19.3037ms
[2026-08-04 02:22:24.855 +05:30  INF]  Executed endpoint 'Crayon.api.Controllers.WorkplaceController.GetAllWorkplaces (Crayon.api)'
[2026-08-04 02:22:24.855 +05:30  INF]  Request finished HTTP/1.1 GET http://localhost:5278/api/Workplace/GetAllWorkplaces - 200 null application/json; charset=utf-8 23.2861ms
[2026-08-04 02:25:35.565 +05:30  INF]  Request starting HTTP/1.1 GET http://localhost:5278/api/Workplace/GetAllWorkplaces - null null
[2026-08-04 02:25:35.568 +05:30  INF]  Executing endpoint 'Crayon.api.Controllers.WorkplaceController.GetAllWorkplaces (Crayon.api)'
[2026-08-04 02:25:35.569 +05:30  INF]  Route matched with {action = "GetAllWorkplaces", controller = "Workplace"}. Executing controller action with signature System.Threading.Tasks.Task`1[Microsoft.AspNetCore.Mvc.IActionResult] GetAllWorkplaces() on controller Crayon.api.Controllers.WorkplaceController (Crayon.api).
[2026-08-04 02:25:35.611 +05:30  INF]  Executed DbCommand (6ms) [Parameters=[], CommandType='"Text"', CommandTimeout='30']
SELECT [w].[WorkplaceId], [w].[Name], [w].[Address]
FROM [Workplace] AS [w]
WHERE [w].[IsActive] = CAST(1 AS bit)
[2026-08-04 02:25:35.612 +05:30  INF]  Executing OkObjectResult, writing value of type 'Crayon.Entity.Common.Result`1[[System.Collections.Generic.List`1[[Crayon.Entity.Dto.WorkplaceResponse, Crayon.Entity, Version=1.0.0.0, Culture=neutral, PublicKeyToken=null]], System.Private.CoreLib, Version=10.0.0.0, Culture=neutral, PublicKeyToken=7cec85d7bea7798e]]'.
[2026-08-04 02:25:35.612 +05:30  INF]  Executed action Crayon.api.Controllers.WorkplaceController.GetAllWorkplaces (Crayon.api) in 43.4281ms
[2026-08-04 02:25:35.612 +05:30  INF]  Executed endpoint 'Crayon.api.Controllers.WorkplaceController.GetAllWorkplaces (Crayon.api)'
[2026-08-04 02:25:35.613 +05:30  INF]  Request finished HTTP/1.1 GET http://localhost:5278/api/Workplace/GetAllWorkplaces - 200 null application/json; charset=utf-8 48.1504ms
[2026-08-04 02:26:31.687 +05:30  INF]  Request starting HTTP/1.1 GET http://localhost:5278/api/Holiday/GetAllHolidays - null null
[2026-08-04 02:26:31.688 +05:30  INF]  Executing endpoint 'Crayon.Api.Controllers.HolidayController.GetAllHolidays (Crayon.api)'
[2026-08-04 02:26:31.689 +05:30  INF]  Route matched with {action = "GetAllHolidays", controller = "Holiday"}. Executing controller action with signature System.Threading.Tasks.Task`1[Microsoft.AspNetCore.Mvc.IActionResult] GetAllHolidays() on controller Crayon.Api.Controllers.HolidayController (Crayon.api).
[2026-08-04 02:26:31.698 +05:30  INF]  Executed DbCommand (4ms) [Parameters=[], CommandType='"Text"', CommandTimeout='30']
SELECT [h].[HolidayId], [h].[HolidayName], [h].[HolidayDate], [h].[Country]
FROM [Holiday] AS [h]
[2026-08-04 02:26:31.699 +05:30  INF]  Executing OkObjectResult, writing value of type 'Crayon.Entity.Common.Result`1[[System.Collections.Generic.List`1[[Crayon.Entity.Dto.HolidayResponse, Crayon.Entity, Version=1.0.0.0, Culture=neutral, PublicKeyToken=null]], System.Private.CoreLib, Version=10.0.0.0, Culture=neutral, PublicKeyToken=7cec85d7bea7798e]]'.
[2026-08-04 02:26:31.699 +05:30  INF]  Executed action Crayon.Api.Controllers.HolidayController.GetAllHolidays (Crayon.api) in 10.5036ms
[2026-08-04 02:26:31.700 +05:30  INF]  Executed endpoint 'Crayon.Api.Controllers.HolidayController.GetAllHolidays (Crayon.api)'
[2026-08-04 02:26:31.700 +05:30  INF]  Request finished HTTP/1.1 GET http://localhost:5278/api/Holiday/GetAllHolidays - 200 null application/json; charset=utf-8 13.1348ms
[2026-08-04 02:27:04.837 +05:30  INF]  Request starting HTTP/1.1 GET http://localhost:5278/api/Holiday/GetAllHolidays - null null
[2026-08-04 02:27:04.838 +05:30  INF]  Executing endpoint 'Crayon.Api.Controllers.HolidayController.GetAllHolidays (Crayon.api)'
[2026-08-04 02:27:04.839 +05:30  INF]  Route matched with {action = "GetAllHolidays", controller = "Holiday"}. Executing controller action with signature System.Threading.Tasks.Task`1[Microsoft.AspNetCore.Mvc.IActionResult] GetAllHolidays() on controller Crayon.Api.Controllers.HolidayController (Crayon.api).
[2026-08-04 02:27:04.856 +05:30  INF]  Executed DbCommand (2ms) [Parameters=[], CommandType='"Text"', CommandTimeout='30']
SELECT [h].[HolidayId], [h].[HolidayName], [h].[HolidayDate], [h].[Country]
FROM [Holiday] AS [h]
[2026-08-04 02:27:04.857 +05:30  INF]  Executing OkObjectResult, writing value of type 'Crayon.Entity.Common.Result`1[[System.Collections.Generic.List`1[[Crayon.Entity.Dto.HolidayResponse, Crayon.Entity, Version=1.0.0.0, Culture=neutral, PublicKeyToken=null]], System.Private.CoreLib, Version=10.0.0.0, Culture=neutral, PublicKeyToken=7cec85d7bea7798e]]'.
[2026-08-04 02:27:04.857 +05:30  INF]  Executed action Crayon.Api.Controllers.HolidayController.GetAllHolidays (Crayon.api) in 18.3113ms
[2026-08-04 02:27:04.857 +05:30  INF]  Executed endpoint 'Crayon.Api.Controllers.HolidayController.GetAllHolidays (Crayon.api)'
[2026-08-04 02:27:04.858 +05:30  INF]  Request finished HTTP/1.1 GET http://localhost:5278/api/Holiday/GetAllHolidays - 200 null application/json; charset=utf-8 20.7991ms
[2026-08-04 02:27:20.499 +05:30  INF]  Request starting HTTP/1.1 GET http://localhost:5278/api/LeaveType/GetAllLeaveTypes - null null
[2026-08-04 02:27:20.504 +05:30  INF]  Executing endpoint 'Crayon.Api.Controllers.LeaveTypeController.GetAllLeaveTypes (Crayon.api)'
[2026-08-04 02:27:20.505 +05:30  INF]  Route matched with {action = "GetAllLeaveTypes", controller = "LeaveType"}. Executing controller action with signature System.Threading.Tasks.Task`1[Microsoft.AspNetCore.Mvc.IActionResult] GetAllLeaveTypes() on controller Crayon.Api.Controllers.LeaveTypeController (Crayon.api).
[2026-08-04 02:27:20.517 +05:30  INF]  Executed DbCommand (7ms) [Parameters=[], CommandType='"Text"', CommandTimeout='30']
SELECT [l].[LeaveTypeId], [l].[LeaveName], [l].[DefaultDays]
FROM [LeaveType] AS [l]
WHERE [l].[IsActive] = CAST(1 AS bit)
[2026-08-04 02:27:20.518 +05:30  INF]  Executing OkObjectResult, writing value of type 'Crayon.Entity.Common.Result`1[[System.Collections.Generic.List`1[[Crayon.Entity.Dto.LeaveTypeResponse, Crayon.Entity, Version=1.0.0.0, Culture=neutral, PublicKeyToken=null]], System.Private.CoreLib, Version=10.0.0.0, Culture=neutral, PublicKeyToken=7cec85d7bea7798e]]'.
[2026-08-04 02:27:20.518 +05:30  INF]  Executed action Crayon.Api.Controllers.LeaveTypeController.GetAllLeaveTypes (Crayon.api) in 13.5498ms
[2026-08-04 02:27:20.518 +05:30  INF]  Executed endpoint 'Crayon.Api.Controllers.LeaveTypeController.GetAllLeaveTypes (Crayon.api)'
[2026-08-04 02:27:20.519 +05:30  INF]  Request finished HTTP/1.1 GET http://localhost:5278/api/LeaveType/GetAllLeaveTypes - 200 null application/json; charset=utf-8 19.6361ms
[2026-08-04 02:28:13.239 +05:30  INF]  Request starting HTTP/1.1 GET http://localhost:5278/api/LeaveType/GetAllLeaveTypes - null null
[2026-08-04 02:28:13.240 +05:30  INF]  Executing endpoint 'Crayon.Api.Controllers.LeaveTypeController.GetAllLeaveTypes (Crayon.api)'
[2026-08-04 02:28:13.240 +05:30  INF]  Route matched with {action = "GetAllLeaveTypes", controller = "LeaveType"}. Executing controller action with signature System.Threading.Tasks.Task`1[Microsoft.AspNetCore.Mvc.IActionResult] GetAllLeaveTypes() on controller Crayon.Api.Controllers.LeaveTypeController (Crayon.api).
[2026-08-04 02:28:13.267 +05:30  INF]  Executed DbCommand (7ms) [Parameters=[], CommandType='"Text"', CommandTimeout='30']
SELECT [l].[LeaveTypeId], [l].[LeaveName], [l].[DefaultDays]
FROM [LeaveType] AS [l]
WHERE [l].[IsActive] = CAST(1 AS bit)
[2026-08-04 02:28:13.267 +05:30  INF]  Executing OkObjectResult, writing value of type 'Crayon.Entity.Common.Result`1[[System.Collections.Generic.List`1[[Crayon.Entity.Dto.LeaveTypeResponse, Crayon.Entity, Version=1.0.0.0, Culture=neutral, PublicKeyToken=null]], System.Private.CoreLib, Version=10.0.0.0, Culture=neutral, PublicKeyToken=7cec85d7bea7798e]]'.
[2026-08-04 02:28:13.268 +05:30  INF]  Executed action Crayon.Api.Controllers.LeaveTypeController.GetAllLeaveTypes (Crayon.api) in 27.1571ms
[2026-08-04 02:28:13.268 +05:30  INF]  Executed endpoint 'Crayon.Api.Controllers.LeaveTypeController.GetAllLeaveTypes (Crayon.api)'
[2026-08-04 02:28:13.268 +05:30  INF]  Request finished HTTP/1.1 GET http://localhost:5278/api/LeaveType/GetAllLeaveTypes - 200 null application/json; charset=utf-8 29.2315ms
[2026-08-04 02:28:22.217 +05:30  INF]  Request starting HTTP/1.1 GET http://localhost:5278/api/LeaveBalance/GetAllLeaveBalances - null null
[2026-08-04 02:28:22.219 +05:30  INF]  Executing endpoint 'Crayon.Api.Controllers.LeaveBalanceController.GetAllLeaveBalances (Crayon.api)'
[2026-08-04 02:28:22.219 +05:30  INF]  Route matched with {action = "GetAllLeaveBalances", controller = "LeaveBalance"}. Executing controller action with signature System.Threading.Tasks.Task`1[Microsoft.AspNetCore.Mvc.IActionResult] GetAllLeaveBalances() on controller Crayon.Api.Controllers.LeaveBalanceController (Crayon.api).
[2026-08-04 02:28:22.246 +05:30  INF]  Executed DbCommand (23ms) [Parameters=[], CommandType='"Text"', CommandTimeout='30']
SELECT [l].[LeaveBalanceId], [e].[EmployeeId], [e].[FirstName] + N' ' + [e].[LastName] AS [EmployeeName], [l0].[LeaveTypeId], [l0].[LeaveName], [l].[AvailableDays]
FROM [LeaveBalance] AS [l]
INNER JOIN [Employee] AS [e] ON [l].[EmployeeId] = [e].[EmployeeId]
INNER JOIN [LeaveType] AS [l0] ON [l].[LeaveTypeId] = [l0].[LeaveTypeId]
[2026-08-04 02:28:22.248 +05:30  INF]  Executing OkObjectResult, writing value of type 'Crayon.Entity.Common.Result`1[[System.Collections.Generic.List`1[[Crayon.Entity.Dto.LeaveBalanceResponse, Crayon.Entity, Version=1.0.0.0, Culture=neutral, PublicKeyToken=null]], System.Private.CoreLib, Version=10.0.0.0, Culture=neutral, PublicKeyToken=7cec85d7bea7798e]]'.
[2026-08-04 02:28:22.252 +05:30  INF]  Executed action Crayon.Api.Controllers.LeaveBalanceController.GetAllLeaveBalances (Crayon.api) in 33.0081ms
[2026-08-04 02:28:22.252 +05:30  INF]  Executed endpoint 'Crayon.Api.Controllers.LeaveBalanceController.GetAllLeaveBalances (Crayon.api)'
[2026-08-04 02:28:22.253 +05:30  INF]  Request finished HTTP/1.1 GET http://localhost:5278/api/LeaveBalance/GetAllLeaveBalances - 200 null application/json; charset=utf-8 35.5928ms
[2026-08-04 02:29:38.296 +05:30  INF]  Request starting HTTP/1.1 GET http://localhost:5278/api/LeaveBalance/GetAllLeaveBalances - null null
[2026-08-04 02:29:38.297 +05:30  INF]  Executing endpoint 'Crayon.Api.Controllers.LeaveBalanceController.GetAllLeaveBalances (Crayon.api)'
[2026-08-04 02:29:38.297 +05:30  INF]  Route matched with {action = "GetAllLeaveBalances", controller = "LeaveBalance"}. Executing controller action with signature System.Threading.Tasks.Task`1[Microsoft.AspNetCore.Mvc.IActionResult] GetAllLeaveBalances() on controller Crayon.Api.Controllers.LeaveBalanceController (Crayon.api).
[2026-08-04 02:29:38.340 +05:30  INF]  Executed DbCommand (34ms) [Parameters=[], CommandType='"Text"', CommandTimeout='30']
SELECT [l].[LeaveBalanceId], [e].[EmployeeId], [e].[FirstName] + N' ' + [e].[LastName] AS [EmployeeName], [l0].[LeaveTypeId], [l0].[LeaveName], [l].[AvailableDays]
FROM [LeaveBalance] AS [l]
INNER JOIN [Employee] AS [e] ON [l].[EmployeeId] = [e].[EmployeeId]
INNER JOIN [LeaveType] AS [l0] ON [l].[LeaveTypeId] = [l0].[LeaveTypeId]
[2026-08-04 02:29:38.342 +05:30  INF]  Executing OkObjectResult, writing value of type 'Crayon.Entity.Common.Result`1[[System.Collections.Generic.List`1[[Crayon.Entity.Dto.LeaveBalanceResponse, Crayon.Entity, Version=1.0.0.0, Culture=neutral, PublicKeyToken=null]], System.Private.CoreLib, Version=10.0.0.0, Culture=neutral, PublicKeyToken=7cec85d7bea7798e]]'.
[2026-08-04 02:29:38.342 +05:30  INF]  Executed action Crayon.Api.Controllers.LeaveBalanceController.GetAllLeaveBalances (Crayon.api) in 44.7956ms
[2026-08-04 02:29:38.343 +05:30  INF]  Executed endpoint 'Crayon.Api.Controllers.LeaveBalanceController.GetAllLeaveBalances (Crayon.api)'
[2026-08-04 02:29:38.343 +05:30  INF]  Request finished HTTP/1.1 GET http://localhost:5278/api/LeaveBalance/GetAllLeaveBalances - 200 null application/json; charset=utf-8 47.746ms
[2026-08-04 02:29:50.640 +05:30  INF]  Request starting HTTP/1.1 GET http://localhost:5278/api/Attendance/GetAllAttendance - null null
[2026-08-04 02:29:50.640 +05:30  INF]  Executing endpoint 'Crayon.Api.Controllers.AttendanceController.GetAllAttendance (Crayon.api)'
[2026-08-04 02:29:50.641 +05:30  INF]  Route matched with {action = "GetAllAttendance", controller = "Attendance"}. Executing controller action with signature System.Threading.Tasks.Task`1[Microsoft.AspNetCore.Mvc.IActionResult] GetAllAttendance() on controller Crayon.Api.Controllers.AttendanceController (Crayon.api).
[2026-08-04 02:29:50.655 +05:30  INF]  Executed DbCommand (10ms) [Parameters=[], CommandType='"Text"', CommandTimeout='30']
SELECT [a].[AttendanceId], [e].[EmployeeId], [e].[FirstName] + N' ' + [e].[LastName] AS [EmployeeName], [a].[AttendanceDate], [a].[CheckInTime], [a].[CheckOutTime], [a].[HoursWorked], [a].[AttendanceStatus], [a].[IsApproved]
FROM [Attendance] AS [a]
INNER JOIN [Employee] AS [e] ON [a].[EmployeeId] = [e].[EmployeeId]
[2026-08-04 02:29:50.656 +05:30  INF]  Executing OkObjectResult, writing value of type 'Crayon.Entity.Common.Result`1[[System.Collections.Generic.List`1[[Crayon.Entity.Dto.AttendanceResponse, Crayon.Entity, Version=1.0.0.0, Culture=neutral, PublicKeyToken=null]], System.Private.CoreLib, Version=10.0.0.0, Culture=neutral, PublicKeyToken=7cec85d7bea7798e]]'.
[2026-08-04 02:29:50.657 +05:30  INF]  Executed action Crayon.Api.Controllers.AttendanceController.GetAllAttendance (Crayon.api) in 16.1212ms
[2026-08-04 02:29:50.657 +05:30  INF]  Executed endpoint 'Crayon.Api.Controllers.AttendanceController.GetAllAttendance (Crayon.api)'
[2026-08-04 02:29:50.658 +05:30  INF]  Request finished HTTP/1.1 GET http://localhost:5278/api/Attendance/GetAllAttendance - 200 null application/json; charset=utf-8 18.0515ms
[2026-08-04 02:29:53.278 +05:30  INF]  Request starting HTTP/1.1 GET http://localhost:5278/api/LeaveApplication/GetAllLeaveApplications - null null
[2026-08-04 02:29:53.278 +05:30  INF]  Executing endpoint 'Crayon.api.Controllers.LeaveApplicationController.GetAllLeaveApplications (Crayon.api)'
[2026-08-04 02:29:53.279 +05:30  INF]  Route matched with {action = "GetAllLeaveApplications", controller = "LeaveApplication"}. Executing controller action with signature System.Threading.Tasks.Task`1[Microsoft.AspNetCore.Mvc.IActionResult] GetAllLeaveApplications() on controller Crayon.api.Controllers.LeaveApplicationController (Crayon.api).
[2026-08-04 02:29:53.300 +05:30  INF]  Executed DbCommand (15ms) [Parameters=[], CommandType='"Text"', CommandTimeout='30']
SELECT [l].[LeaveApplicationId], [e].[FirstName] + N' ' + [e].[LastName] AS [EmployeeName], [l0].[LeaveName], [l].[FromDate], [l].[ToDate], [l].[TotalDays], [l].[Reason], [l].[Status], [l].[AppliedDate]
FROM [LeaveApplication] AS [l]
INNER JOIN [Employee] AS [e] ON [l].[EmployeeId] = [e].[EmployeeId]
INNER JOIN [LeaveType] AS [l0] ON [l].[LeaveTypeId] = [l0].[LeaveTypeId]
[2026-08-04 02:29:53.300 +05:30  INF]  Executing OkObjectResult, writing value of type 'Crayon.Entity.Common.Result`1[[System.Collections.Generic.List`1[[Crayon.Entity.Dto.LeaveApplicationResponse, Crayon.Entity, Version=1.0.0.0, Culture=neutral, PublicKeyToken=null]], System.Private.CoreLib, Version=10.0.0.0, Culture=neutral, PublicKeyToken=7cec85d7bea7798e]]'.
[2026-08-04 02:29:53.300 +05:30  INF]  Executed action Crayon.api.Controllers.LeaveApplicationController.GetAllLeaveApplications (Crayon.api) in 21.7815ms
[2026-08-04 02:29:53.301 +05:30  INF]  Executed endpoint 'Crayon.api.Controllers.LeaveApplicationController.GetAllLeaveApplications (Crayon.api)'
[2026-08-04 02:29:53.301 +05:30  INF]  Request finished HTTP/1.1 GET http://localhost:5278/api/LeaveApplication/GetAllLeaveApplications - 200 null application/json; charset=utf-8 23.35ms
[2026-08-04 02:29:59.184 +05:30  INF]  Request starting HTTP/1.1 GET http://localhost:5278/api/Employee/GetMyTeam/7dffca74-72f7-4d73-933b-d0bc51b7e209 - null null
[2026-08-04 02:29:59.185 +05:30  INF]  Executing endpoint 'Crayon.api.Controllers.EmployeeController.GetMyTeam (Crayon.api)'
[2026-08-04 02:29:59.185 +05:30  INF]  Route matched with {action = "GetMyTeam", controller = "Employee"}. Executing controller action with signature System.Threading.Tasks.Task`1[Microsoft.AspNetCore.Mvc.IActionResult] GetMyTeam(System.String) on controller Crayon.api.Controllers.EmployeeController (Crayon.api).
[2026-08-04 02:29:59.201 +05:30  INF]  Executed DbCommand (8ms) [Parameters=[@userId='?' (Size = 450)], CommandType='"Text"', CommandTimeout='30']
SELECT TOP(1) [e].[EmployeeId], [e].[CreatedDate], [e].[DepartmentId], [e].[DesignationId], [e].[EmployeeCode], [e].[FirstName], [e].[IsActive], [e].[LastName], [e].[PhoneNumber], [e].[ReportingEmployeeId], [e].[ReportingToEmployeeId], [e].[UserId], [e].[WorkplaceId]
FROM [Employee] AS [e]
WHERE [e].[UserId] = @userId
[2026-08-04 02:29:59.240 +05:30  INF]  Executed DbCommand (33ms) [Parameters=[@manager_EmployeeId='?' (DbType = Int32)], CommandType='"Text"', CommandTimeout='30']
SELECT [e].[EmployeeId], [e].[UserId], [e].[EmployeeCode], [e].[FirstName], [e].[LastName], [e].[FirstName] + N' ' + [e].[LastName] AS [FullName], [a].[Email], [e].[PhoneNumber], [d].[DepartmentName], [d0].[DesignationName], [e].[IsActive]
FROM [Employee] AS [e]
INNER JOIN [Department] AS [d] ON [e].[DepartmentId] = [d].[DepartmentId]
INNER JOIN [Designation] AS [d0] ON [e].[DesignationId] = [d0].[DesignationId]
INNER JOIN [AspNetUsers] AS [a] ON [e].[UserId] = [a].[Id]
WHERE [e].[ReportingEmployeeId] = @manager_EmployeeId AND [e].[IsActive] = CAST(1 AS bit)
[2026-08-04 02:29:59.240 +05:30  INF]  Executing OkObjectResult, writing value of type 'Crayon.Entity.Common.Result`1[[System.Collections.Generic.List`1[[Crayon.Entity.Dto.EmployeeResponse, Crayon.Entity, Version=1.0.0.0, Culture=neutral, PublicKeyToken=null]], System.Private.CoreLib, Version=10.0.0.0, Culture=neutral, PublicKeyToken=7cec85d7bea7798e]]'.
[2026-08-04 02:29:59.240 +05:30  INF]  Executed action Crayon.api.Controllers.EmployeeController.GetMyTeam (Crayon.api) in 55.1147ms
[2026-08-04 02:29:59.240 +05:30  INF]  Executed endpoint 'Crayon.api.Controllers.EmployeeController.GetMyTeam (Crayon.api)'
[2026-08-04 02:29:59.241 +05:30  INF]  Request finished HTTP/1.1 GET http://localhost:5278/api/Employee/GetMyTeam/7dffca74-72f7-4d73-933b-d0bc51b7e209 - 200 null application/json; charset=utf-8 56.6952ms
[2026-08-04 02:30:01.843 +05:30  INF]  Request starting HTTP/1.1 GET http://localhost:5278/api/ProjectTask/GetAllProjectTasks - null null
[2026-08-04 02:30:01.843 +05:30  INF]  Executing endpoint 'Crayon.Api.Controllers.ProjectTaskController.GetAllProjectTasks (Crayon.api)'
[2026-08-04 02:30:01.843 +05:30  INF]  Route matched with {action = "GetAllProjectTasks", controller = "ProjectTask"}. Executing controller action with signature System.Threading.Tasks.Task`1[Microsoft.AspNetCore.Mvc.IActionResult] GetAllProjectTasks() on controller Crayon.Api.Controllers.ProjectTaskController (Crayon.api).
[2026-08-04 02:30:01.856 +05:30  INF]  Executed DbCommand (8ms) [Parameters=[], CommandType='"Text"', CommandTimeout='30']
SELECT [p].[ProjectTaskId], [p].[ProjectId], [p0].[ProjectName], [p].[TaskName]
FROM [ProjectTask] AS [p]
INNER JOIN [Project] AS [p0] ON [p].[ProjectId] = [p0].[ProjectId]
[2026-08-04 02:30:01.857 +05:30  INF]  Executing OkObjectResult, writing value of type 'Crayon.Entity.Common.Result`1[[System.Collections.Generic.List`1[[Crayon.Entity.Dto.ProjectTaskResponse, Crayon.Entity, Version=1.0.0.0, Culture=neutral, PublicKeyToken=null]], System.Private.CoreLib, Version=10.0.0.0, Culture=neutral, PublicKeyToken=7cec85d7bea7798e]]'.
[2026-08-04 02:30:01.857 +05:30  INF]  Executed action Crayon.Api.Controllers.ProjectTaskController.GetAllProjectTasks (Crayon.api) in 13.7269ms
[2026-08-04 02:30:01.857 +05:30  INF]  Executed endpoint 'Crayon.Api.Controllers.ProjectTaskController.GetAllProjectTasks (Crayon.api)'
[2026-08-04 02:30:01.858 +05:30  INF]  Request finished HTTP/1.1 GET http://localhost:5278/api/ProjectTask/GetAllProjectTasks - 200 null application/json; charset=utf-8 15.1131ms
[2026-08-04 02:30:39.987 +05:30  INF]  Request starting HTTP/1.1 GET http://localhost:5278/api/ProjectTask/GetAllProjectTasks - null null
[2026-08-04 02:30:39.988 +05:30  INF]  Executing endpoint 'Crayon.Api.Controllers.ProjectTaskController.GetAllProjectTasks (Crayon.api)'
[2026-08-04 02:30:39.988 +05:30  INF]  Route matched with {action = "GetAllProjectTasks", controller = "ProjectTask"}. Executing controller action with signature System.Threading.Tasks.Task`1[Microsoft.AspNetCore.Mvc.IActionResult] GetAllProjectTasks() on controller Crayon.Api.Controllers.ProjectTaskController (Crayon.api).
[2026-08-04 02:30:40.029 +05:30  INF]  Executed DbCommand (8ms) [Parameters=[], CommandType='"Text"', CommandTimeout='30']
SELECT [p].[ProjectTaskId], [p].[ProjectId], [p0].[ProjectName], [p].[TaskName]
FROM [ProjectTask] AS [p]
INNER JOIN [Project] AS [p0] ON [p].[ProjectId] = [p0].[ProjectId]
[2026-08-04 02:30:40.030 +05:30  INF]  Executing OkObjectResult, writing value of type 'Crayon.Entity.Common.Result`1[[System.Collections.Generic.List`1[[Crayon.Entity.Dto.ProjectTaskResponse, Crayon.Entity, Version=1.0.0.0, Culture=neutral, PublicKeyToken=null]], System.Private.CoreLib, Version=10.0.0.0, Culture=neutral, PublicKeyToken=7cec85d7bea7798e]]'.
[2026-08-04 02:30:40.030 +05:30  INF]  Executed action Crayon.Api.Controllers.ProjectTaskController.GetAllProjectTasks (Crayon.api) in 42.1059ms
[2026-08-04 02:30:40.030 +05:30  INF]  Executed endpoint 'Crayon.Api.Controllers.ProjectTaskController.GetAllProjectTasks (Crayon.api)'
[2026-08-04 02:30:40.031 +05:30  INF]  Request finished HTTP/1.1 GET http://localhost:5278/api/ProjectTask/GetAllProjectTasks - 200 null application/json; charset=utf-8 44.371ms
[2026-08-04 02:30:49.165 +05:30  INF]  Request starting HTTP/1.1 GET http://localhost:5278/api/Project/GetAllProjects - null null
[2026-08-04 02:30:49.166 +05:30  INF]  Executing endpoint 'Crayon.Api.Controllers.ProjectController.GetAllProjects (Crayon.api)'
[2026-08-04 02:30:49.166 +05:30  INF]  Route matched with {action = "GetAllProjects", controller = "Project"}. Executing controller action with signature System.Threading.Tasks.Task`1[Microsoft.AspNetCore.Mvc.IActionResult] GetAllProjects() on controller Crayon.Api.Controllers.ProjectController (Crayon.api).
[2026-08-04 02:30:49.176 +05:30  INF]  Executed DbCommand (5ms) [Parameters=[], CommandType='"Text"', CommandTimeout='30']
SELECT [p].[ProjectId], [p].[ProjectName], [p].[Description]
FROM [Project] AS [p]
WHERE [p].[IsActive] = CAST(1 AS bit)
[2026-08-04 02:30:49.176 +05:30  INF]  Executing OkObjectResult, writing value of type 'Crayon.Entity.Common.Result`1[[System.Collections.Generic.List`1[[Crayon.Entity.Dto.ProjectResponse, Crayon.Entity, Version=1.0.0.0, Culture=neutral, PublicKeyToken=null]], System.Private.CoreLib, Version=10.0.0.0, Culture=neutral, PublicKeyToken=7cec85d7bea7798e]]'.
[2026-08-04 02:30:49.177 +05:30  INF]  Executed action Crayon.Api.Controllers.ProjectController.GetAllProjects (Crayon.api) in 10.5809ms
[2026-08-04 02:30:49.177 +05:30  INF]  Executed endpoint 'Crayon.Api.Controllers.ProjectController.GetAllProjects (Crayon.api)'
[2026-08-04 02:30:49.177 +05:30  INF]  Request finished HTTP/1.1 GET http://localhost:5278/api/Project/GetAllProjects - 200 null application/json; charset=utf-8 12.0361ms
[2026-08-04 02:31:26.732 +05:30  INF]  Request starting HTTP/1.1 GET http://localhost:5278/api/Project/GetAllProjects - null null
[2026-08-04 02:31:26.733 +05:30  INF]  Executing endpoint 'Crayon.Api.Controllers.ProjectController.GetAllProjects (Crayon.api)'
[2026-08-04 02:31:26.733 +05:30  INF]  Route matched with {action = "GetAllProjects", controller = "Project"}. Executing controller action with signature System.Threading.Tasks.Task`1[Microsoft.AspNetCore.Mvc.IActionResult] GetAllProjects() on controller Crayon.Api.Controllers.ProjectController (Crayon.api).
[2026-08-04 02:31:26.747 +05:30  INF]  Executed DbCommand (2ms) [Parameters=[], CommandType='"Text"', CommandTimeout='30']
SELECT [p].[ProjectId], [p].[ProjectName], [p].[Description]
FROM [Project] AS [p]
WHERE [p].[IsActive] = CAST(1 AS bit)
[2026-08-04 02:31:26.748 +05:30  INF]  Executing OkObjectResult, writing value of type 'Crayon.Entity.Common.Result`1[[System.Collections.Generic.List`1[[Crayon.Entity.Dto.ProjectResponse, Crayon.Entity, Version=1.0.0.0, Culture=neutral, PublicKeyToken=null]], System.Private.CoreLib, Version=10.0.0.0, Culture=neutral, PublicKeyToken=7cec85d7bea7798e]]'.
[2026-08-04 02:31:26.749 +05:30  INF]  Executed action Crayon.Api.Controllers.ProjectController.GetAllProjects (Crayon.api) in 15.4215ms
[2026-08-04 02:31:26.749 +05:30  INF]  Executed endpoint 'Crayon.Api.Controllers.ProjectController.GetAllProjects (Crayon.api)'
[2026-08-04 02:31:26.750 +05:30  INF]  Request finished HTTP/1.1 GET http://localhost:5278/api/Project/GetAllProjects - 200 null application/json; charset=utf-8 18.0229ms
[2026-08-04 02:31:34.670 +05:30  INF]  Request starting HTTP/1.1 GET http://localhost:5278/api/Timesheet/GetEmployeeTimesheets/7dffca74-72f7-4d73-933b-d0bc51b7e209 - null null
[2026-08-04 02:31:34.670 +05:30  INF]  Executing endpoint 'Crayon.Api.Controllers.TimesheetController.GetEmployeeTimesheets (Crayon.api)'
[2026-08-04 02:31:34.671 +05:30  INF]  Route matched with {action = "GetEmployeeTimesheets", controller = "Timesheet"}. Executing controller action with signature System.Threading.Tasks.Task`1[Microsoft.AspNetCore.Mvc.IActionResult] GetEmployeeTimesheets(System.String) on controller Crayon.Api.Controllers.TimesheetController (Crayon.api).
[2026-08-04 02:31:34.685 +05:30  INF]  Executed DbCommand (8ms) [Parameters=[@userId='?' (Size = 450)], CommandType='"Text"', CommandTimeout='30']
SELECT TOP(1) [e].[EmployeeId], [e].[CreatedDate], [e].[DepartmentId], [e].[DesignationId], [e].[EmployeeCode], [e].[FirstName], [e].[IsActive], [e].[LastName], [e].[PhoneNumber], [e].[ReportingEmployeeId], [e].[ReportingToEmployeeId], [e].[UserId], [e].[WorkplaceId]
FROM [Employee] AS [e]
WHERE [e].[UserId] = @userId
[2026-08-04 02:31:34.708 +05:30  INF]  Executed DbCommand (19ms) [Parameters=[@employee_EmployeeId='?' (DbType = Int32)], CommandType='"Text"', CommandTimeout='30']
SELECT [t].[TimesheetId], [e].[EmployeeId], [e].[FirstName] + N' ' + [e].[LastName] AS [EmployeeName], [p].[ProjectId], [p].[ProjectName], [p0].[ProjectTaskId], [p0].[TaskName], [t].[HoursWorked], [t].[WorkDate], [t].[WorkDescription]
FROM [Timesheet] AS [t]
INNER JOIN [Employee] AS [e] ON [t].[EmployeeId] = [e].[EmployeeId]
INNER JOIN [Project] AS [p] ON [t].[ProjectId] = [p].[ProjectId]
INNER JOIN [ProjectTask] AS [p0] ON [t].[ProjectTaskId] = [p0].[ProjectTaskId]
WHERE [t].[EmployeeId] = @employee_EmployeeId
[2026-08-04 02:31:34.709 +05:30  INF]  Executing OkObjectResult, writing value of type 'Crayon.Entity.Common.Result`1[[System.Collections.Generic.List`1[[Crayon.Entity.Dto.TimesheetResponse, Crayon.Entity, Version=1.0.0.0, Culture=neutral, PublicKeyToken=null]], System.Private.CoreLib, Version=10.0.0.0, Culture=neutral, PublicKeyToken=7cec85d7bea7798e]]'.
[2026-08-04 02:31:34.710 +05:30  INF]  Executed action Crayon.Api.Controllers.TimesheetController.GetEmployeeTimesheets (Crayon.api) in 38.8645ms
[2026-08-04 02:31:34.710 +05:30  INF]  Executed endpoint 'Crayon.Api.Controllers.TimesheetController.GetEmployeeTimesheets (Crayon.api)'
[2026-08-04 02:31:34.710 +05:30  INF]  Request finished HTTP/1.1 GET http://localhost:5278/api/Timesheet/GetEmployeeTimesheets/7dffca74-72f7-4d73-933b-d0bc51b7e209 - 200 null application/json; charset=utf-8 40.7765ms
[2026-08-04 02:31:39.906 +05:30  INF]  Request starting HTTP/1.1 GET http://localhost:5278/api/Project/GetAllProjects - null null
[2026-08-04 02:31:39.907 +05:30  INF]  Executing endpoint 'Crayon.Api.Controllers.ProjectController.GetAllProjects (Crayon.api)'
[2026-08-04 02:31:39.908 +05:30  INF]  Route matched with {action = "GetAllProjects", controller = "Project"}. Executing controller action with signature System.Threading.Tasks.Task`1[Microsoft.AspNetCore.Mvc.IActionResult] GetAllProjects() on controller Crayon.Api.Controllers.ProjectController (Crayon.api).
[2026-08-04 02:31:39.972 +05:30  INF]  Executed DbCommand (13ms) [Parameters=[], CommandType='"Text"', CommandTimeout='30']
SELECT [p].[ProjectId], [p].[ProjectName], [p].[Description]
FROM [Project] AS [p]
WHERE [p].[IsActive] = CAST(1 AS bit)
[2026-08-04 02:31:39.973 +05:30  INF]  Executing OkObjectResult, writing value of type 'Crayon.Entity.Common.Result`1[[System.Collections.Generic.List`1[[Crayon.Entity.Dto.ProjectResponse, Crayon.Entity, Version=1.0.0.0, Culture=neutral, PublicKeyToken=null]], System.Private.CoreLib, Version=10.0.0.0, Culture=neutral, PublicKeyToken=7cec85d7bea7798e]]'.
[2026-08-04 02:31:39.974 +05:30  INF]  Executed action Crayon.Api.Controllers.ProjectController.GetAllProjects (Crayon.api) in 65.5594ms
[2026-08-04 02:31:39.974 +05:30  INF]  Executed endpoint 'Crayon.Api.Controllers.ProjectController.GetAllProjects (Crayon.api)'
[2026-08-04 02:31:39.974 +05:30  INF]  Request finished HTTP/1.1 GET http://localhost:5278/api/Project/GetAllProjects - 200 null application/json; charset=utf-8 67.903ms
[2026-08-04 02:31:40.008 +05:30  INF]  Request starting HTTP/1.1 GET http://localhost:5278/api/ProjectTask/GetAllProjectTasks - null null
[2026-08-04 02:31:40.008 +05:30  INF]  Executing endpoint 'Crayon.Api.Controllers.ProjectTaskController.GetAllProjectTasks (Crayon.api)'
[2026-08-04 02:31:40.009 +05:30  INF]  Route matched with {action = "GetAllProjectTasks", controller = "ProjectTask"}. Executing controller action with signature System.Threading.Tasks.Task`1[Microsoft.AspNetCore.Mvc.IActionResult] GetAllProjectTasks() on controller Crayon.Api.Controllers.ProjectTaskController (Crayon.api).
[2026-08-04 02:31:40.024 +05:30  INF]  Executed DbCommand (10ms) [Parameters=[], CommandType='"Text"', CommandTimeout='30']
SELECT [p].[ProjectTaskId], [p].[ProjectId], [p0].[ProjectName], [p].[TaskName]
FROM [ProjectTask] AS [p]
INNER JOIN [Project] AS [p0] ON [p].[ProjectId] = [p0].[ProjectId]
[2026-08-04 02:31:40.025 +05:30  INF]  Executing OkObjectResult, writing value of type 'Crayon.Entity.Common.Result`1[[System.Collections.Generic.List`1[[Crayon.Entity.Dto.ProjectTaskResponse, Crayon.Entity, Version=1.0.0.0, Culture=neutral, PublicKeyToken=null]], System.Private.CoreLib, Version=10.0.0.0, Culture=neutral, PublicKeyToken=7cec85d7bea7798e]]'.
[2026-08-04 02:31:40.025 +05:30  INF]  Executed action Crayon.Api.Controllers.ProjectTaskController.GetAllProjectTasks (Crayon.api) in 16.1479ms
[2026-08-04 02:31:40.026 +05:30  INF]  Executed endpoint 'Crayon.Api.Controllers.ProjectTaskController.GetAllProjectTasks (Crayon.api)'
[2026-08-04 02:31:40.026 +05:30  INF]  Request finished HTTP/1.1 GET http://localhost:5278/api/ProjectTask/GetAllProjectTasks - 200 null application/json; charset=utf-8 18.4542ms
[2026-08-04 02:31:47.060 +05:30  INF]  Request starting HTTP/1.1 GET http://localhost:5278/api/Timesheet/GetAllTimesheets - null null
[2026-08-04 02:31:47.061 +05:30  INF]  Executing endpoint 'Crayon.Api.Controllers.TimesheetController.GetAllTimesheets (Crayon.api)'
[2026-08-04 02:31:47.061 +05:30  INF]  Route matched with {action = "GetAllTimesheets", controller = "Timesheet"}. Executing controller action with signature System.Threading.Tasks.Task`1[Microsoft.AspNetCore.Mvc.IActionResult] GetAllTimesheets() on controller Crayon.Api.Controllers.TimesheetController (Crayon.api).
[2026-08-04 02:31:47.083 +05:30  INF]  Executed DbCommand (17ms) [Parameters=[], CommandType='"Text"', CommandTimeout='30']
SELECT [t].[TimesheetId], [e].[EmployeeId], [e].[FirstName] + N' ' + [e].[LastName] AS [EmployeeName], [p].[ProjectId], [p].[ProjectName], [p0].[ProjectTaskId], [p0].[TaskName], [t].[HoursWorked], [t].[WorkDate], [t].[WorkDescription]
FROM [Timesheet] AS [t]
INNER JOIN [Employee] AS [e] ON [t].[EmployeeId] = [e].[EmployeeId]
INNER JOIN [Project] AS [p] ON [t].[ProjectId] = [p].[ProjectId]
INNER JOIN [ProjectTask] AS [p0] ON [t].[ProjectTaskId] = [p0].[ProjectTaskId]
[2026-08-04 02:31:47.084 +05:30  INF]  Executing OkObjectResult, writing value of type 'Crayon.Entity.Common.Result`1[[System.Collections.Generic.List`1[[Crayon.Entity.Dto.TimesheetResponse, Crayon.Entity, Version=1.0.0.0, Culture=neutral, PublicKeyToken=null]], System.Private.CoreLib, Version=10.0.0.0, Culture=neutral, PublicKeyToken=7cec85d7bea7798e]]'.
[2026-08-04 02:31:47.084 +05:30  INF]  Executed action Crayon.Api.Controllers.TimesheetController.GetAllTimesheets (Crayon.api) in 22.7933ms
[2026-08-04 02:31:47.084 +05:30  INF]  Executed endpoint 'Crayon.Api.Controllers.TimesheetController.GetAllTimesheets (Crayon.api)'
[2026-08-04 02:31:47.085 +05:30  INF]  Request finished HTTP/1.1 GET http://localhost:5278/api/Timesheet/GetAllTimesheets - 200 null application/json; charset=utf-8 24.2985ms
[2026-08-04 02:32:01.319 +05:30  INF]  Request starting HTTP/1.1 POST http://localhost:5278/api/Employee/Login - application/json; charset=utf-8 55
[2026-08-04 02:32:01.320 +05:30  INF]  Executing endpoint 'Crayon.api.Controllers.EmployeeController.Login (Crayon.api)'
[2026-08-04 02:32:01.320 +05:30  INF]  Route matched with {action = "Login", controller = "Employee"}. Executing controller action with signature System.Threading.Tasks.Task`1[Microsoft.AspNetCore.Mvc.IActionResult] Login(Crayon.Entity.Dto.UserRequest) on controller Crayon.api.Controllers.EmployeeController (Crayon.api).
[2026-08-04 02:32:01.343 +05:30  INF]  Executed DbCommand (14ms) [Parameters=[@normalizedEmail='?' (Size = 256)], CommandType='"Text"', CommandTimeout='30']
SELECT TOP(2) [a].[Id], [a].[AccessFailedCount], [a].[ConcurrencyStamp], [a].[Email], [a].[EmailConfirmed], [a].[LockoutEnabled], [a].[LockoutEnd], [a].[NormalizedEmail], [a].[NormalizedUserName], [a].[PasswordHash], [a].[PhoneNumber], [a].[PhoneNumberConfirmed], [a].[SecurityStamp], [a].[TwoFactorEnabled], [a].[UserName]
FROM [AspNetUsers] AS [a]
WHERE [a].[NormalizedEmail] = @normalizedEmail
[2026-08-04 02:32:01.621 +05:30  INF]  Executed DbCommand (10ms) [Parameters=[@userId='?' (Size = 450)], CommandType='"Text"', CommandTimeout='30']
SELECT [a0].[Name]
FROM [AspNetUserRoles] AS [a]
INNER JOIN [AspNetRoles] AS [a0] ON [a].[RoleId] = [a0].[Id]
WHERE [a].[UserId] = @userId
[2026-08-04 02:32:01.622 +05:30  INF]  Executing OkObjectResult, writing value of type 'Crayon.Entity.Common.Result`1[[Crayon.Entity.Dto.UserResponse, Crayon.Entity, Version=1.0.0.0, Culture=neutral, PublicKeyToken=null]]'.
[2026-08-04 02:32:01.623 +05:30  INF]  Executed action Crayon.api.Controllers.EmployeeController.Login (Crayon.api) in 301.9187ms
[2026-08-04 02:32:01.623 +05:30  INF]  Executed endpoint 'Crayon.api.Controllers.EmployeeController.Login (Crayon.api)'
[2026-08-04 02:32:01.623 +05:30  INF]  Request finished HTTP/1.1 POST http://localhost:5278/api/Employee/Login - 200 null application/json; charset=utf-8 304.3455ms
[2026-08-04 02:32:01.693 +05:30  INF]  Request starting HTTP/1.1 GET http://localhost:5278/api/LeaveApplication/GetManagerLeaveApplications/0fab7b97-b751-4afc-8d80-073ffe50be25 - null null
[2026-08-04 02:32:01.693 +05:30  INF]  Executing endpoint 'Crayon.api.Controllers.LeaveApplicationController.GetManagerLeaveApplications (Crayon.api)'
[2026-08-04 02:32:01.694 +05:30  INF]  Route matched with {action = "GetManagerLeaveApplications", controller = "LeaveApplication"}. Executing controller action with signature System.Threading.Tasks.Task`1[Microsoft.AspNetCore.Mvc.IActionResult] GetManagerLeaveApplications(System.String) on controller Crayon.api.Controllers.LeaveApplicationController (Crayon.api).
[2026-08-04 02:32:01.708 +05:30  INF]  Executed DbCommand (9ms) [Parameters=[@managerUserId='?' (Size = 450)], CommandType='"Text"', CommandTimeout='30']
SELECT TOP(1) [e].[EmployeeId], [e].[CreatedDate], [e].[DepartmentId], [e].[DesignationId], [e].[EmployeeCode], [e].[FirstName], [e].[IsActive], [e].[LastName], [e].[PhoneNumber], [e].[ReportingEmployeeId], [e].[ReportingToEmployeeId], [e].[UserId], [e].[WorkplaceId]
FROM [Employee] AS [e]
WHERE [e].[UserId] = @managerUserId
[2026-08-04 02:32:01.734 +05:30  INF]  Executed DbCommand (19ms) [Parameters=[@manager_EmployeeId='?' (DbType = Int32)], CommandType='"Text"', CommandTimeout='30']
SELECT [l].[LeaveApplicationId], [e].[FirstName] + N' ' + [e].[LastName] AS [EmployeeName], [l0].[LeaveName], [l].[FromDate], [l].[ToDate], [l].[TotalDays], [l].[Reason], [l].[Status], [l].[AppliedDate]
FROM [LeaveApplication] AS [l]
INNER JOIN [Employee] AS [e] ON [l].[EmployeeId] = [e].[EmployeeId]
INNER JOIN [LeaveType] AS [l0] ON [l].[LeaveTypeId] = [l0].[LeaveTypeId]
WHERE [e].[ReportingEmployeeId] = @manager_EmployeeId
[2026-08-04 02:32:01.735 +05:30  INF]  Executing OkObjectResult, writing value of type 'Crayon.Entity.Common.Result`1[[System.Collections.Generic.List`1[[Crayon.Entity.Dto.LeaveApplicationResponse, Crayon.Entity, Version=1.0.0.0, Culture=neutral, PublicKeyToken=null]], System.Private.CoreLib, Version=10.0.0.0, Culture=neutral, PublicKeyToken=7cec85d7bea7798e]]'.
[2026-08-04 02:32:01.735 +05:30  INF]  Executed action Crayon.api.Controllers.LeaveApplicationController.GetManagerLeaveApplications (Crayon.api) in 41.0387ms
[2026-08-04 02:32:01.735 +05:30  INF]  Executed endpoint 'Crayon.api.Controllers.LeaveApplicationController.GetManagerLeaveApplications (Crayon.api)'
[2026-08-04 02:32:01.735 +05:30  INF]  Request finished HTTP/1.1 GET http://localhost:5278/api/LeaveApplication/GetManagerLeaveApplications/0fab7b97-b751-4afc-8d80-073ffe50be25 - 200 null application/json; charset=utf-8 42.9196ms
[2026-08-04 02:32:02.079 +05:30  INF]  Request starting HTTP/1.1 GET http://localhost:5278/api/Attendance/GetEmployeeAttendance/0fab7b97-b751-4afc-8d80-073ffe50be25 - null null
[2026-08-04 02:32:02.080 +05:30  INF]  Executing endpoint 'Crayon.Api.Controllers.AttendanceController.GetEmployeeAttendance (Crayon.api)'
[2026-08-04 02:32:02.080 +05:30  INF]  Route matched with {action = "GetEmployeeAttendance", controller = "Attendance"}. Executing controller action with signature System.Threading.Tasks.Task`1[Microsoft.AspNetCore.Mvc.IActionResult] GetEmployeeAttendance(System.String) on controller Crayon.Api.Controllers.AttendanceController (Crayon.api).
[2026-08-04 02:32:02.093 +05:30  INF]  Executed DbCommand (8ms) [Parameters=[@userId='?' (Size = 450)], CommandType='"Text"', CommandTimeout='30']
SELECT TOP(1) [e].[EmployeeId], [e].[CreatedDate], [e].[DepartmentId], [e].[DesignationId], [e].[EmployeeCode], [e].[FirstName], [e].[IsActive], [e].[LastName], [e].[PhoneNumber], [e].[ReportingEmployeeId], [e].[ReportingToEmployeeId], [e].[UserId], [e].[WorkplaceId]
FROM [Employee] AS [e]
WHERE [e].[UserId] = @userId
[2026-08-04 02:32:02.109 +05:30  INF]  Executed DbCommand (11ms) [Parameters=[@employee_EmployeeId='?' (DbType = Int32)], CommandType='"Text"', CommandTimeout='30']
SELECT [a].[AttendanceId], [e].[EmployeeId], [e].[FirstName] + N' ' + [e].[LastName] AS [EmployeeName], [a].[AttendanceDate], [a].[CheckInTime], [a].[CheckOutTime], [a].[HoursWorked], [a].[AttendanceStatus], [a].[IsApproved]
FROM [Attendance] AS [a]
INNER JOIN [Employee] AS [e] ON [a].[EmployeeId] = [e].[EmployeeId]
WHERE [a].[EmployeeId] = @employee_EmployeeId
ORDER BY [a].[AttendanceDate] DESC
[2026-08-04 02:32:02.110 +05:30  INF]  Executing OkObjectResult, writing value of type 'Crayon.Entity.Common.Result`1[[System.Collections.Generic.List`1[[Crayon.Entity.Dto.AttendanceResponse, Crayon.Entity, Version=1.0.0.0, Culture=neutral, PublicKeyToken=null]], System.Private.CoreLib, Version=10.0.0.0, Culture=neutral, PublicKeyToken=7cec85d7bea7798e]]'.
[2026-08-04 02:32:02.110 +05:30  INF]  Executed action Crayon.Api.Controllers.AttendanceController.GetEmployeeAttendance (Crayon.api) in 29.6921ms
[2026-08-04 02:32:02.110 +05:30  INF]  Executed endpoint 'Crayon.Api.Controllers.AttendanceController.GetEmployeeAttendance (Crayon.api)'
[2026-08-04 02:32:02.111 +05:30  INF]  Request finished HTTP/1.1 GET http://localhost:5278/api/Attendance/GetEmployeeAttendance/0fab7b97-b751-4afc-8d80-073ffe50be25 - 200 null application/json; charset=utf-8 32.02ms
[2026-08-04 02:32:03.976 +05:30  INF]  Request starting HTTP/1.1 GET http://localhost:5278/api/Employee/GetVisibleEmployees - null null
[2026-08-04 02:32:03.977 +05:30  INF]  Executing endpoint 'Crayon.api.Controllers.EmployeeController.GetVisibleEmployees (Crayon.api)'
[2026-08-04 02:32:03.977 +05:30  INF]  Route matched with {action = "GetVisibleEmployees", controller = "Employee"}. Executing controller action with signature System.Threading.Tasks.Task`1[Microsoft.AspNetCore.Mvc.IActionResult] GetVisibleEmployees() on controller Crayon.api.Controllers.EmployeeController (Crayon.api).
[2026-08-04 02:32:03.986 +05:30  INF]  Executed DbCommand (2ms) [Parameters=[@userId='?' (Size = 450)], CommandType='"Text"', CommandTimeout='30']
SELECT TOP(1) [e].[EmployeeId], [e].[CreatedDate], [e].[DepartmentId], [e].[DesignationId], [e].[EmployeeCode], [e].[FirstName], [e].[IsActive], [e].[LastName], [e].[PhoneNumber], [e].[ReportingEmployeeId], [e].[ReportingToEmployeeId], [e].[UserId], [e].[WorkplaceId]
FROM [Employee] AS [e]
WHERE [e].[UserId] = @userId
[2026-08-04 02:32:04.060 +05:30  INF]  Executed DbCommand (67ms) [Parameters=[@currentEmployee_EmployeeId='?' (DbType = Int32)], CommandType='"Text"', CommandTimeout='30']
SELECT [e].[EmployeeId], [e].[UserId], [e].[EmployeeCode], [e].[FirstName], [e].[LastName], [e].[FirstName] + N' ' + [e].[LastName] AS [FullName], [a].[Email], [e].[PhoneNumber], [d].[DepartmentId], [d].[DepartmentName], [d0].[DesignationId], [d0].[DesignationName], [w].[WorkplaceId], [w].[Name] AS [WorkplaceName], (
    SELECT TOP(1) [a1].[Name]
    FROM [AspNetUserRoles] AS [a0]
    INNER JOIN [AspNetRoles] AS [a1] ON [a0].[RoleId] = [a1].[Id]
    WHERE [a0].[UserId] = [a].[Id]) AS [RoleName], [e].[ReportingEmployeeId] AS [ReportingManagerId], CASE
    WHEN [e1].[EmployeeId] IS NOT NULL THEN COALESCE([e1].[FirstName], N'') + N' ' + COALESCE([e1].[LastName], N'')
    ELSE N''
END AS [ReportingManagerName], [e].[IsActive], [e].[CreatedDate]
FROM [Employee] AS [e]
INNER JOIN [Department] AS [d] ON [e].[DepartmentId] = [d].[DepartmentId]
INNER JOIN [Designation] AS [d0] ON [e].[DesignationId] = [d0].[DesignationId]
INNER JOIN [Workplace] AS [w] ON [e].[WorkplaceId] = [w].[WorkplaceId]
INNER JOIN [AspNetUsers] AS [a] ON [e].[UserId] = [a].[Id]
LEFT JOIN [Employee] AS [e1] ON [e].[ReportingEmployeeId] = [e1].[EmployeeId]
WHERE [e].[IsActive] = CAST(1 AS bit) AND ([e].[ReportingEmployeeId] = @currentEmployee_EmployeeId OR EXISTS (
    SELECT 1
    FROM [Employee] AS [e0]
    WHERE [e0].[EmployeeId] = [e].[ReportingEmployeeId] AND [e0].[ReportingEmployeeId] = @currentEmployee_EmployeeId))
[2026-08-04 02:32:04.060 +05:30  INF]  Executing OkObjectResult, writing value of type 'Crayon.Entity.Common.Result`1[[System.Collections.Generic.List`1[[Crayon.Entity.Dto.EmployeeResponse, Crayon.Entity, Version=1.0.0.0, Culture=neutral, PublicKeyToken=null]], System.Private.CoreLib, Version=10.0.0.0, Culture=neutral, PublicKeyToken=7cec85d7bea7798e]]'.
[2026-08-04 02:32:04.062 +05:30  INF]  Executed action Crayon.api.Controllers.EmployeeController.GetVisibleEmployees (Crayon.api) in 84.2402ms
[2026-08-04 02:32:04.062 +05:30  INF]  Executed endpoint 'Crayon.api.Controllers.EmployeeController.GetVisibleEmployees (Crayon.api)'
[2026-08-04 02:32:04.063 +05:30  INF]  Request finished HTTP/1.1 GET http://localhost:5278/api/Employee/GetVisibleEmployees - 200 null application/json; charset=utf-8 86.4189ms
[2026-08-04 02:32:09.241 +05:30  INF]  Request starting HTTP/1.1 GET http://localhost:5278/api/Employee/GetEmployeeById/18 - null null
[2026-08-04 02:32:09.242 +05:30  INF]  Executing endpoint 'Crayon.api.Controllers.EmployeeController.GetEmployeeById (Crayon.api)'
[2026-08-04 02:32:09.292 +05:30  INF]  Route matched with {action = "GetEmployeeById", controller = "Employee"}. Executing controller action with signature System.Threading.Tasks.Task`1[Microsoft.AspNetCore.Mvc.IActionResult] GetEmployeeById(Int32) on controller Crayon.api.Controllers.EmployeeController (Crayon.api).
[2026-08-04 02:32:09.464 +05:30  INF]  Executed DbCommand (65ms) [Parameters=[@employeeId='?' (DbType = Int32)], CommandType='"Text"', CommandTimeout='30']
SELECT TOP(1) [e].[EmployeeId], [e].[UserId], [e].[EmployeeCode], [e].[FirstName], [e].[LastName], [e].[FirstName] + N' ' + [e].[LastName] AS [FullName], [a].[Email], [e].[PhoneNumber], [d].[DepartmentId], [d].[DepartmentName], [d0].[DesignationId], [d0].[DesignationName], [w].[WorkplaceId], [w].[Name] AS [WorkplaceName], (
    SELECT TOP(1) [a1].[Name]
    FROM [AspNetUserRoles] AS [a0]
    INNER JOIN [AspNetRoles] AS [a1] ON [a0].[RoleId] = [a1].[Id]
    WHERE [a0].[UserId] = [a].[Id]) AS [RoleName], [e].[ReportingEmployeeId] AS [ReportingManagerId], CASE
    WHEN [e0].[EmployeeId] IS NOT NULL THEN COALESCE([e0].[FirstName], N'') + N' ' + COALESCE([e0].[LastName], N'')
    ELSE N''
END AS [ReportingManagerName], [e].[IsActive], [e].[CreatedDate]
FROM [Employee] AS [e]
INNER JOIN [Department] AS [d] ON [e].[DepartmentId] = [d].[DepartmentId]
INNER JOIN [Designation] AS [d0] ON [e].[DesignationId] = [d0].[DesignationId]
INNER JOIN [Workplace] AS [w] ON [e].[WorkplaceId] = [w].[WorkplaceId]
INNER JOIN [AspNetUsers] AS [a] ON [e].[UserId] = [a].[Id]
LEFT JOIN [Employee] AS [e0] ON [e].[ReportingEmployeeId] = [e0].[EmployeeId]
WHERE [e].[EmployeeId] = @employeeId
[2026-08-04 02:32:09.465 +05:30  INF]  Executing OkObjectResult, writing value of type 'Crayon.Entity.Common.Result`1[[Crayon.Entity.Dto.EmployeeResponse, Crayon.Entity, Version=1.0.0.0, Culture=neutral, PublicKeyToken=null]]'.
[2026-08-04 02:32:09.471 +05:30  INF]  Executed action Crayon.api.Controllers.EmployeeController.GetEmployeeById (Crayon.api) in 178.2331ms
[2026-08-04 02:32:09.472 +05:30  INF]  Executed endpoint 'Crayon.api.Controllers.EmployeeController.GetEmployeeById (Crayon.api)'
[2026-08-04 02:32:09.472 +05:30  INF]  Request finished HTTP/1.1 GET http://localhost:5278/api/Employee/GetEmployeeById/18 - 200 null application/json; charset=utf-8 231.3218ms
[2026-08-04 02:32:09.512 +05:30  INF]  Request starting HTTP/1.1 GET http://localhost:5278/api/Department/GetAllDepartments - null null
[2026-08-04 02:32:09.514 +05:30  INF]  Executing endpoint 'Crayon.api.Controllers.DepartmentController.GetAllDepartments (Crayon.api)'
[2026-08-04 02:32:09.514 +05:30  INF]  Route matched with {action = "GetAllDepartments", controller = "Department"}. Executing controller action with signature System.Threading.Tasks.Task`1[Microsoft.AspNetCore.Mvc.IActionResult] GetAllDepartments() on controller Crayon.api.Controllers.DepartmentController (Crayon.api).
[2026-08-04 02:32:09.525 +05:30  INF]  Executed DbCommand (5ms) [Parameters=[], CommandType='"Text"', CommandTimeout='30']
SELECT [d].[DepartmentId], [d].[DepartmentName]
FROM [Department] AS [d]
WHERE [d].[IsActive] = CAST(1 AS bit)
[2026-08-04 02:32:09.526 +05:30  INF]  Executing OkObjectResult, writing value of type 'Crayon.Entity.Common.Result`1[[System.Collections.Generic.List`1[[Crayon.Entity.Dto.DepartmentResponse, Crayon.Entity, Version=1.0.0.0, Culture=neutral, PublicKeyToken=null]], System.Private.CoreLib, Version=10.0.0.0, Culture=neutral, PublicKeyToken=7cec85d7bea7798e]]'.
[2026-08-04 02:32:09.527 +05:30  INF]  Executed action Crayon.api.Controllers.DepartmentController.GetAllDepartments (Crayon.api) in 12.5723ms
[2026-08-04 02:32:09.527 +05:30  INF]  Executed endpoint 'Crayon.api.Controllers.DepartmentController.GetAllDepartments (Crayon.api)'
[2026-08-04 02:32:09.528 +05:30  INF]  Request finished HTTP/1.1 GET http://localhost:5278/api/Department/GetAllDepartments - 200 null application/json; charset=utf-8 15.7465ms
[2026-08-04 02:32:09.563 +05:30  INF]  Request starting HTTP/1.1 GET http://localhost:5278/api/Designation/GetAllDesignations - null null
[2026-08-04 02:32:09.564 +05:30  INF]  Executing endpoint 'Crayon.Api.Controllers.DesignationController.GetAllDesignations (Crayon.api)'
[2026-08-04 02:32:09.564 +05:30  INF]  Route matched with {action = "GetAllDesignations", controller = "Designation"}. Executing controller action with signature System.Threading.Tasks.Task`1[Microsoft.AspNetCore.Mvc.IActionResult] GetAllDesignations() on controller Crayon.Api.Controllers.DesignationController (Crayon.api).
[2026-08-04 02:32:09.576 +05:30  INF]  Executed DbCommand (7ms) [Parameters=[], CommandType='"Text"', CommandTimeout='30']
SELECT [d].[DesignationId], [d].[DesignationName]
FROM [Designation] AS [d]
WHERE [d].[IsActive] = CAST(1 AS bit)
[2026-08-04 02:32:09.577 +05:30  INF]  Executing OkObjectResult, writing value of type 'Crayon.Entity.Common.Result`1[[System.Collections.Generic.List`1[[Crayon.Entity.Dto.DesignationResponse, Crayon.Entity, Version=1.0.0.0, Culture=neutral, PublicKeyToken=null]], System.Private.CoreLib, Version=10.0.0.0, Culture=neutral, PublicKeyToken=7cec85d7bea7798e]]'.
[2026-08-04 02:32:09.577 +05:30  INF]  Executed action Crayon.Api.Controllers.DesignationController.GetAllDesignations (Crayon.api) in 12.6795ms
[2026-08-04 02:32:09.577 +05:30  INF]  Executed endpoint 'Crayon.Api.Controllers.DesignationController.GetAllDesignations (Crayon.api)'
[2026-08-04 02:32:09.578 +05:30  INF]  Request finished HTTP/1.1 GET http://localhost:5278/api/Designation/GetAllDesignations - 200 null application/json; charset=utf-8 15.0641ms
[2026-08-04 02:32:09.604 +05:30  INF]  Request starting HTTP/1.1 GET http://localhost:5278/api/Workplace/GetAllWorkplaces - null null
[2026-08-04 02:32:09.606 +05:30  INF]  Executing endpoint 'Crayon.api.Controllers.WorkplaceController.GetAllWorkplaces (Crayon.api)'
[2026-08-04 02:32:09.606 +05:30  INF]  Route matched with {action = "GetAllWorkplaces", controller = "Workplace"}. Executing controller action with signature System.Threading.Tasks.Task`1[Microsoft.AspNetCore.Mvc.IActionResult] GetAllWorkplaces() on controller Crayon.api.Controllers.WorkplaceController (Crayon.api).
[2026-08-04 02:32:09.620 +05:30  INF]  Executed DbCommand (8ms) [Parameters=[], CommandType='"Text"', CommandTimeout='30']
SELECT [w].[WorkplaceId], [w].[Name], [w].[Address]
FROM [Workplace] AS [w]
WHERE [w].[IsActive] = CAST(1 AS bit)
[2026-08-04 02:32:09.621 +05:30  INF]  Executing OkObjectResult, writing value of type 'Crayon.Entity.Common.Result`1[[System.Collections.Generic.List`1[[Crayon.Entity.Dto.WorkplaceResponse, Crayon.Entity, Version=1.0.0.0, Culture=neutral, PublicKeyToken=null]], System.Private.CoreLib, Version=10.0.0.0, Culture=neutral, PublicKeyToken=7cec85d7bea7798e]]'.
[2026-08-04 02:32:09.621 +05:30  INF]  Executed action Crayon.api.Controllers.WorkplaceController.GetAllWorkplaces (Crayon.api) in 14.8632ms
[2026-08-04 02:32:09.623 +05:30  INF]  Executed endpoint 'Crayon.api.Controllers.WorkplaceController.GetAllWorkplaces (Crayon.api)'
[2026-08-04 02:32:09.624 +05:30  INF]  Request finished HTTP/1.1 GET http://localhost:5278/api/Workplace/GetAllWorkplaces - 200 null application/json; charset=utf-8 19.7089ms
[2026-08-04 02:32:09.646 +05:30  INF]  Request starting HTTP/1.1 GET http://localhost:5278/api/Employee/GetAllEmployees - null null
[2026-08-04 02:32:09.652 +05:30  INF]  Executing endpoint 'Crayon.api.Controllers.EmployeeController.GetAllEmployees (Crayon.api)'
[2026-08-04 02:32:09.652 +05:30  INF]  Route matched with {action = "GetAllEmployees", controller = "Employee"}. Executing controller action with signature System.Threading.Tasks.Task`1[Microsoft.AspNetCore.Mvc.IActionResult] GetAllEmployees() on controller Crayon.api.Controllers.EmployeeController (Crayon.api).
[2026-08-04 02:32:09.656 +05:30  INF]  Fetching All Employees
[2026-08-04 02:32:09.804 +05:30  INF]  Executed DbCommand (139ms) [Parameters=[], CommandType='"Text"', CommandTimeout='30']
SELECT [e].[EmployeeId], [e].[UserId], [e].[EmployeeCode], [e].[FirstName], [e].[LastName], [e].[FirstName] + N' ' + [e].[LastName] AS [FullName], [a].[Email], [e].[PhoneNumber], [d].[DepartmentId], [d].[DepartmentName], [d0].[DesignationId], [d0].[DesignationName], [w].[WorkplaceId], [w].[Name] AS [WorkplaceName], (
    SELECT TOP(1) [a1].[Name]
    FROM [AspNetUserRoles] AS [a0]
    INNER JOIN [AspNetRoles] AS [a1] ON [a0].[RoleId] = [a1].[Id]
    WHERE [a0].[UserId] = [a].[Id]) AS [RoleName], [e].[ReportingEmployeeId] AS [ReportingManagerId], CASE
    WHEN [e0].[EmployeeId] IS NOT NULL THEN COALESCE([e0].[FirstName], N'') + N' ' + COALESCE([e0].[LastName], N'')
    ELSE N''
END AS [ReportingManagerName], [e].[IsActive], [e].[CreatedDate]
FROM [Employee] AS [e]
INNER JOIN [Department] AS [d] ON [e].[DepartmentId] = [d].[DepartmentId]
INNER JOIN [Designation] AS [d0] ON [e].[DesignationId] = [d0].[DesignationId]
INNER JOIN [Workplace] AS [w] ON [e].[WorkplaceId] = [w].[WorkplaceId]
INNER JOIN [AspNetUsers] AS [a] ON [e].[UserId] = [a].[Id]
LEFT JOIN [Employee] AS [e0] ON [e].[ReportingEmployeeId] = [e0].[EmployeeId]
WHERE [e].[IsActive] = CAST(1 AS bit)
[2026-08-04 02:32:09.805 +05:30  INF]  Executing OkObjectResult, writing value of type 'Crayon.Entity.Common.Result`1[[System.Collections.Generic.List`1[[Crayon.Entity.Dto.EmployeeResponse, Crayon.Entity, Version=1.0.0.0, Culture=neutral, PublicKeyToken=null]], System.Private.CoreLib, Version=10.0.0.0, Culture=neutral, PublicKeyToken=7cec85d7bea7798e]]'.
[2026-08-04 02:32:09.805 +05:30  INF]  Executed action Crayon.api.Controllers.EmployeeController.GetAllEmployees (Crayon.api) in 152.8343ms
[2026-08-04 02:32:09.806 +05:30  INF]  Executed endpoint 'Crayon.api.Controllers.EmployeeController.GetAllEmployees (Crayon.api)'
[2026-08-04 02:32:09.806 +05:30  INF]  Request finished HTTP/1.1 GET http://localhost:5278/api/Employee/GetAllEmployees - 200 null application/json; charset=utf-8 159.8504ms
[2026-08-04 02:32:09.834 +05:30  INF]  Request starting HTTP/1.1 GET http://localhost:5278/api/Employee/GetAllRoles - null null
[2026-08-04 02:32:09.836 +05:30  INF]  Executing endpoint 'Crayon.api.Controllers.EmployeeController.GetAllRoles (Crayon.api)'
[2026-08-04 02:32:09.837 +05:30  INF]  Route matched with {action = "GetAllRoles", controller = "Employee"}. Executing controller action with signature System.Threading.Tasks.Task`1[Microsoft.AspNetCore.Mvc.IActionResult] GetAllRoles() on controller Crayon.api.Controllers.EmployeeController (Crayon.api).
[2026-08-04 02:32:09.846 +05:30  INF]  Executed DbCommand (4ms) [Parameters=[], CommandType='"Text"', CommandTimeout='30']
SELECT [a].[Name]
FROM [AspNetRoles] AS [a]
[2026-08-04 02:32:09.848 +05:30  INF]  Executing OkObjectResult, writing value of type 'System.Collections.Generic.List`1[[System.String, System.Private.CoreLib, Version=10.0.0.0, Culture=neutral, PublicKeyToken=7cec85d7bea7798e]]'.
[2026-08-04 02:32:09.849 +05:30  INF]  Executed action Crayon.api.Controllers.EmployeeController.GetAllRoles (Crayon.api) in 11.8694ms
[2026-08-04 02:32:09.849 +05:30  INF]  Executed endpoint 'Crayon.api.Controllers.EmployeeController.GetAllRoles (Crayon.api)'
[2026-08-04 02:32:09.849 +05:30  INF]  Request finished HTTP/1.1 GET http://localhost:5278/api/Employee/GetAllRoles - 200 null application/json; charset=utf-8 15.4746ms
[2026-08-04 02:32:21.979 +05:30  INF]  Request starting HTTP/1.1 GET http://localhost:5278/api/Employee/GetVisibleEmployees - null null
[2026-08-04 02:32:21.979 +05:30  INF]  Executing endpoint 'Crayon.api.Controllers.EmployeeController.GetVisibleEmployees (Crayon.api)'
[2026-08-04 02:32:21.980 +05:30  INF]  Route matched with {action = "GetVisibleEmployees", controller = "Employee"}. Executing controller action with signature System.Threading.Tasks.Task`1[Microsoft.AspNetCore.Mvc.IActionResult] GetVisibleEmployees() on controller Crayon.api.Controllers.EmployeeController (Crayon.api).
[2026-08-04 02:32:21.987 +05:30  INF]  Executed DbCommand (2ms) [Parameters=[@userId='?' (Size = 450)], CommandType='"Text"', CommandTimeout='30']
SELECT TOP(1) [e].[EmployeeId], [e].[CreatedDate], [e].[DepartmentId], [e].[DesignationId], [e].[EmployeeCode], [e].[FirstName], [e].[IsActive], [e].[LastName], [e].[PhoneNumber], [e].[ReportingEmployeeId], [e].[ReportingToEmployeeId], [e].[UserId], [e].[WorkplaceId]
FROM [Employee] AS [e]
WHERE [e].[UserId] = @userId
[2026-08-04 02:32:21.996 +05:30  INF]  Executed DbCommand (2ms) [Parameters=[@currentEmployee_EmployeeId='?' (DbType = Int32)], CommandType='"Text"', CommandTimeout='30']
SELECT [e].[EmployeeId], [e].[UserId], [e].[EmployeeCode], [e].[FirstName], [e].[LastName], [e].[FirstName] + N' ' + [e].[LastName] AS [FullName], [a].[Email], [e].[PhoneNumber], [d].[DepartmentId], [d].[DepartmentName], [d0].[DesignationId], [d0].[DesignationName], [w].[WorkplaceId], [w].[Name] AS [WorkplaceName], (
    SELECT TOP(1) [a1].[Name]
    FROM [AspNetUserRoles] AS [a0]
    INNER JOIN [AspNetRoles] AS [a1] ON [a0].[RoleId] = [a1].[Id]
    WHERE [a0].[UserId] = [a].[Id]) AS [RoleName], [e].[ReportingEmployeeId] AS [ReportingManagerId], CASE
    WHEN [e1].[EmployeeId] IS NOT NULL THEN COALESCE([e1].[FirstName], N'') + N' ' + COALESCE([e1].[LastName], N'')
    ELSE N''
END AS [ReportingManagerName], [e].[IsActive], [e].[CreatedDate]
FROM [Employee] AS [e]
INNER JOIN [Department] AS [d] ON [e].[DepartmentId] = [d].[DepartmentId]
INNER JOIN [Designation] AS [d0] ON [e].[DesignationId] = [d0].[DesignationId]
INNER JOIN [Workplace] AS [w] ON [e].[WorkplaceId] = [w].[WorkplaceId]
INNER JOIN [AspNetUsers] AS [a] ON [e].[UserId] = [a].[Id]
LEFT JOIN [Employee] AS [e1] ON [e].[ReportingEmployeeId] = [e1].[EmployeeId]
WHERE [e].[IsActive] = CAST(1 AS bit) AND ([e].[ReportingEmployeeId] = @currentEmployee_EmployeeId OR EXISTS (
    SELECT 1
    FROM [Employee] AS [e0]
    WHERE [e0].[EmployeeId] = [e].[ReportingEmployeeId] AND [e0].[ReportingEmployeeId] = @currentEmployee_EmployeeId))
[2026-08-04 02:32:21.997 +05:30  INF]  Executing OkObjectResult, writing value of type 'Crayon.Entity.Common.Result`1[[System.Collections.Generic.List`1[[Crayon.Entity.Dto.EmployeeResponse, Crayon.Entity, Version=1.0.0.0, Culture=neutral, PublicKeyToken=null]], System.Private.CoreLib, Version=10.0.0.0, Culture=neutral, PublicKeyToken=7cec85d7bea7798e]]'.
[2026-08-04 02:32:22.000 +05:30  INF]  Executed action Crayon.api.Controllers.EmployeeController.GetVisibleEmployees (Crayon.api) in 17.765ms
[2026-08-04 02:32:22.001 +05:30  INF]  Executed endpoint 'Crayon.api.Controllers.EmployeeController.GetVisibleEmployees (Crayon.api)'
[2026-08-04 02:32:22.001 +05:30  INF]  Request finished HTTP/1.1 GET http://localhost:5278/api/Employee/GetVisibleEmployees - 200 null application/json; charset=utf-8 22.5421ms
[2026-08-04 02:32:23.721 +05:30  INF]  Request starting HTTP/1.1 GET http://localhost:5278/api/Employee/GetMyTeam/0fab7b97-b751-4afc-8d80-073ffe50be25 - null null
[2026-08-04 02:32:23.722 +05:30  INF]  Executing endpoint 'Crayon.api.Controllers.EmployeeController.GetMyTeam (Crayon.api)'
[2026-08-04 02:32:23.722 +05:30  INF]  Route matched with {action = "GetMyTeam", controller = "Employee"}. Executing controller action with signature System.Threading.Tasks.Task`1[Microsoft.AspNetCore.Mvc.IActionResult] GetMyTeam(System.String) on controller Crayon.api.Controllers.EmployeeController (Crayon.api).
[2026-08-04 02:32:23.732 +05:30  INF]  Executed DbCommand (4ms) [Parameters=[@userId='?' (Size = 450)], CommandType='"Text"', CommandTimeout='30']
SELECT TOP(1) [e].[EmployeeId], [e].[CreatedDate], [e].[DepartmentId], [e].[DesignationId], [e].[EmployeeCode], [e].[FirstName], [e].[IsActive], [e].[LastName], [e].[PhoneNumber], [e].[ReportingEmployeeId], [e].[ReportingToEmployeeId], [e].[UserId], [e].[WorkplaceId]
FROM [Employee] AS [e]
WHERE [e].[UserId] = @userId
[2026-08-04 02:32:23.763 +05:30  INF]  Executed DbCommand (26ms) [Parameters=[@manager_EmployeeId='?' (DbType = Int32)], CommandType='"Text"', CommandTimeout='30']
SELECT [e].[EmployeeId], [e].[UserId], [e].[EmployeeCode], [e].[FirstName], [e].[LastName], [e].[FirstName] + N' ' + [e].[LastName] AS [FullName], [a].[Email], [e].[PhoneNumber], [d].[DepartmentName], [d0].[DesignationName], [e].[IsActive]
FROM [Employee] AS [e]
INNER JOIN [Department] AS [d] ON [e].[DepartmentId] = [d].[DepartmentId]
INNER JOIN [Designation] AS [d0] ON [e].[DesignationId] = [d0].[DesignationId]
INNER JOIN [AspNetUsers] AS [a] ON [e].[UserId] = [a].[Id]
WHERE [e].[ReportingEmployeeId] = @manager_EmployeeId AND [e].[IsActive] = CAST(1 AS bit)
[2026-08-04 02:32:23.764 +05:30  INF]  Executing OkObjectResult, writing value of type 'Crayon.Entity.Common.Result`1[[System.Collections.Generic.List`1[[Crayon.Entity.Dto.EmployeeResponse, Crayon.Entity, Version=1.0.0.0, Culture=neutral, PublicKeyToken=null]], System.Private.CoreLib, Version=10.0.0.0, Culture=neutral, PublicKeyToken=7cec85d7bea7798e]]'.
[2026-08-04 02:32:23.764 +05:30  INF]  Executed action Crayon.api.Controllers.EmployeeController.GetMyTeam (Crayon.api) in 41.7721ms
[2026-08-04 02:32:23.764 +05:30  INF]  Executed endpoint 'Crayon.api.Controllers.EmployeeController.GetMyTeam (Crayon.api)'
[2026-08-04 02:32:23.764 +05:30  INF]  Request finished HTTP/1.1 GET http://localhost:5278/api/Employee/GetMyTeam/0fab7b97-b751-4afc-8d80-073ffe50be25 - 200 null application/json; charset=utf-8 43.2199ms
[2026-08-04 02:32:25.608 +05:30  INF]  Request starting HTTP/1.1 GET http://localhost:5278/api/LeaveApplication/GetManagerLeaveApplications/0fab7b97-b751-4afc-8d80-073ffe50be25 - null null
[2026-08-04 02:32:25.609 +05:30  INF]  Executing endpoint 'Crayon.api.Controllers.LeaveApplicationController.GetManagerLeaveApplications (Crayon.api)'
[2026-08-04 02:32:25.609 +05:30  INF]  Route matched with {action = "GetManagerLeaveApplications", controller = "LeaveApplication"}. Executing controller action with signature System.Threading.Tasks.Task`1[Microsoft.AspNetCore.Mvc.IActionResult] GetManagerLeaveApplications(System.String) on controller Crayon.api.Controllers.LeaveApplicationController (Crayon.api).
[2026-08-04 02:32:25.618 +05:30  INF]  Executed DbCommand (2ms) [Parameters=[@managerUserId='?' (Size = 450)], CommandType='"Text"', CommandTimeout='30']
SELECT TOP(1) [e].[EmployeeId], [e].[CreatedDate], [e].[DepartmentId], [e].[DesignationId], [e].[EmployeeCode], [e].[FirstName], [e].[IsActive], [e].[LastName], [e].[PhoneNumber], [e].[ReportingEmployeeId], [e].[ReportingToEmployeeId], [e].[UserId], [e].[WorkplaceId]
FROM [Employee] AS [e]
WHERE [e].[UserId] = @managerUserId
[2026-08-04 02:32:25.636 +05:30  INF]  Executed DbCommand (2ms) [Parameters=[@manager_EmployeeId='?' (DbType = Int32)], CommandType='"Text"', CommandTimeout='30']
SELECT [l].[LeaveApplicationId], [e].[FirstName] + N' ' + [e].[LastName] AS [EmployeeName], [l0].[LeaveName], [l].[FromDate], [l].[ToDate], [l].[TotalDays], [l].[Reason], [l].[Status], [l].[AppliedDate]
FROM [LeaveApplication] AS [l]
INNER JOIN [Employee] AS [e] ON [l].[EmployeeId] = [e].[EmployeeId]
INNER JOIN [LeaveType] AS [l0] ON [l].[LeaveTypeId] = [l0].[LeaveTypeId]
WHERE [e].[ReportingEmployeeId] = @manager_EmployeeId
[2026-08-04 02:32:25.637 +05:30  INF]  Executing OkObjectResult, writing value of type 'Crayon.Entity.Common.Result`1[[System.Collections.Generic.List`1[[Crayon.Entity.Dto.LeaveApplicationResponse, Crayon.Entity, Version=1.0.0.0, Culture=neutral, PublicKeyToken=null]], System.Private.CoreLib, Version=10.0.0.0, Culture=neutral, PublicKeyToken=7cec85d7bea7798e]]'.
[2026-08-04 02:32:25.638 +05:30  INF]  Executed action Crayon.api.Controllers.LeaveApplicationController.GetManagerLeaveApplications (Crayon.api) in 27.402ms
[2026-08-04 02:32:25.638 +05:30  INF]  Executed endpoint 'Crayon.api.Controllers.LeaveApplicationController.GetManagerLeaveApplications (Crayon.api)'
[2026-08-04 02:32:25.639 +05:30  INF]  Request finished HTTP/1.1 GET http://localhost:5278/api/LeaveApplication/GetManagerLeaveApplications/0fab7b97-b751-4afc-8d80-073ffe50be25 - 200 null application/json; charset=utf-8 30.7014ms
[2026-08-04 02:32:27.279 +05:30  INF]  Request starting HTTP/1.1 GET http://localhost:5278/api/Employee/GetVisibleEmployees - null null
[2026-08-04 02:32:27.280 +05:30  INF]  Executing endpoint 'Crayon.api.Controllers.EmployeeController.GetVisibleEmployees (Crayon.api)'
[2026-08-04 02:32:27.280 +05:30  INF]  Route matched with {action = "GetVisibleEmployees", controller = "Employee"}. Executing controller action with signature System.Threading.Tasks.Task`1[Microsoft.AspNetCore.Mvc.IActionResult] GetVisibleEmployees() on controller Crayon.api.Controllers.EmployeeController (Crayon.api).
[2026-08-04 02:32:27.290 +05:30  INF]  Executed DbCommand (3ms) [Parameters=[@userId='?' (Size = 450)], CommandType='"Text"', CommandTimeout='30']
SELECT TOP(1) [e].[EmployeeId], [e].[CreatedDate], [e].[DepartmentId], [e].[DesignationId], [e].[EmployeeCode], [e].[FirstName], [e].[IsActive], [e].[LastName], [e].[PhoneNumber], [e].[ReportingEmployeeId], [e].[ReportingToEmployeeId], [e].[UserId], [e].[WorkplaceId]
FROM [Employee] AS [e]
WHERE [e].[UserId] = @userId
[2026-08-04 02:32:27.303 +05:30  INF]  Executed DbCommand (5ms) [Parameters=[@currentEmployee_EmployeeId='?' (DbType = Int32)], CommandType='"Text"', CommandTimeout='30']
SELECT [e].[EmployeeId], [e].[UserId], [e].[EmployeeCode], [e].[FirstName], [e].[LastName], [e].[FirstName] + N' ' + [e].[LastName] AS [FullName], [a].[Email], [e].[PhoneNumber], [d].[DepartmentId], [d].[DepartmentName], [d0].[DesignationId], [d0].[DesignationName], [w].[WorkplaceId], [w].[Name] AS [WorkplaceName], (
    SELECT TOP(1) [a1].[Name]
    FROM [AspNetUserRoles] AS [a0]
    INNER JOIN [AspNetRoles] AS [a1] ON [a0].[RoleId] = [a1].[Id]
    WHERE [a0].[UserId] = [a].[Id]) AS [RoleName], [e].[ReportingEmployeeId] AS [ReportingManagerId], CASE
    WHEN [e1].[EmployeeId] IS NOT NULL THEN COALESCE([e1].[FirstName], N'') + N' ' + COALESCE([e1].[LastName], N'')
    ELSE N''
END AS [ReportingManagerName], [e].[IsActive], [e].[CreatedDate]
FROM [Employee] AS [e]
INNER JOIN [Department] AS [d] ON [e].[DepartmentId] = [d].[DepartmentId]
INNER JOIN [Designation] AS [d0] ON [e].[DesignationId] = [d0].[DesignationId]
INNER JOIN [Workplace] AS [w] ON [e].[WorkplaceId] = [w].[WorkplaceId]
INNER JOIN [AspNetUsers] AS [a] ON [e].[UserId] = [a].[Id]
LEFT JOIN [Employee] AS [e1] ON [e].[ReportingEmployeeId] = [e1].[EmployeeId]
WHERE [e].[IsActive] = CAST(1 AS bit) AND ([e].[ReportingEmployeeId] = @currentEmployee_EmployeeId OR EXISTS (
    SELECT 1
    FROM [Employee] AS [e0]
    WHERE [e0].[EmployeeId] = [e].[ReportingEmployeeId] AND [e0].[ReportingEmployeeId] = @currentEmployee_EmployeeId))
[2026-08-04 02:32:27.304 +05:30  INF]  Executing OkObjectResult, writing value of type 'Crayon.Entity.Common.Result`1[[System.Collections.Generic.List`1[[Crayon.Entity.Dto.EmployeeResponse, Crayon.Entity, Version=1.0.0.0, Culture=neutral, PublicKeyToken=null]], System.Private.CoreLib, Version=10.0.0.0, Culture=neutral, PublicKeyToken=7cec85d7bea7798e]]'.
[2026-08-04 02:32:27.305 +05:30  INF]  Executed action Crayon.api.Controllers.EmployeeController.GetVisibleEmployees (Crayon.api) in 24.6314ms
[2026-08-04 02:32:27.305 +05:30  INF]  Executed endpoint 'Crayon.api.Controllers.EmployeeController.GetVisibleEmployees (Crayon.api)'
[2026-08-04 02:32:27.306 +05:30  INF]  Request finished HTTP/1.1 GET http://localhost:5278/api/Employee/GetVisibleEmployees - 200 null application/json; charset=utf-8 26.9756ms
[2026-08-04 02:32:29.149 +05:30  INF]  Request starting HTTP/1.1 GET http://localhost:5278/api/Employee/GetEmployeeById/18 - null null
[2026-08-04 02:32:29.149 +05:30  INF]  Executing endpoint 'Crayon.api.Controllers.EmployeeController.GetEmployeeById (Crayon.api)'
[2026-08-04 02:32:29.150 +05:30  INF]  Route matched with {action = "GetEmployeeById", controller = "Employee"}. Executing controller action with signature System.Threading.Tasks.Task`1[Microsoft.AspNetCore.Mvc.IActionResult] GetEmployeeById(Int32) on controller Crayon.api.Controllers.EmployeeController (Crayon.api).
[2026-08-04 02:32:29.160 +05:30  INF]  Executed DbCommand (2ms) [Parameters=[@employeeId='?' (DbType = Int32)], CommandType='"Text"', CommandTimeout='30']
SELECT TOP(1) [e].[EmployeeId], [e].[UserId], [e].[EmployeeCode], [e].[FirstName], [e].[LastName], [e].[FirstName] + N' ' + [e].[LastName] AS [FullName], [a].[Email], [e].[PhoneNumber], [d].[DepartmentId], [d].[DepartmentName], [d0].[DesignationId], [d0].[DesignationName], [w].[WorkplaceId], [w].[Name] AS [WorkplaceName], (
    SELECT TOP(1) [a1].[Name]
    FROM [AspNetUserRoles] AS [a0]
    INNER JOIN [AspNetRoles] AS [a1] ON [a0].[RoleId] = [a1].[Id]
    WHERE [a0].[UserId] = [a].[Id]) AS [RoleName], [e].[ReportingEmployeeId] AS [ReportingManagerId], CASE
    WHEN [e0].[EmployeeId] IS NOT NULL THEN COALESCE([e0].[FirstName], N'') + N' ' + COALESCE([e0].[LastName], N'')
    ELSE N''
END AS [ReportingManagerName], [e].[IsActive], [e].[CreatedDate]
FROM [Employee] AS [e]
INNER JOIN [Department] AS [d] ON [e].[DepartmentId] = [d].[DepartmentId]
INNER JOIN [Designation] AS [d0] ON [e].[DesignationId] = [d0].[DesignationId]
INNER JOIN [Workplace] AS [w] ON [e].[WorkplaceId] = [w].[WorkplaceId]
INNER JOIN [AspNetUsers] AS [a] ON [e].[UserId] = [a].[Id]
LEFT JOIN [Employee] AS [e0] ON [e].[ReportingEmployeeId] = [e0].[EmployeeId]
WHERE [e].[EmployeeId] = @employeeId
[2026-08-04 02:32:29.161 +05:30  INF]  Executing OkObjectResult, writing value of type 'Crayon.Entity.Common.Result`1[[Crayon.Entity.Dto.EmployeeResponse, Crayon.Entity, Version=1.0.0.0, Culture=neutral, PublicKeyToken=null]]'.
[2026-08-04 02:32:29.161 +05:30  INF]  Executed action Crayon.api.Controllers.EmployeeController.GetEmployeeById (Crayon.api) in 10.928ms
[2026-08-04 02:32:29.162 +05:30  INF]  Executed endpoint 'Crayon.api.Controllers.EmployeeController.GetEmployeeById (Crayon.api)'
[2026-08-04 02:32:29.162 +05:30  INF]  Request finished HTTP/1.1 GET http://localhost:5278/api/Employee/GetEmployeeById/18 - 200 null application/json; charset=utf-8 13.647ms
[2026-08-04 02:32:29.178 +05:30  INF]  Request starting HTTP/1.1 GET http://localhost:5278/api/Department/GetAllDepartments - null null
[2026-08-04 02:32:29.181 +05:30  INF]  Executing endpoint 'Crayon.api.Controllers.DepartmentController.GetAllDepartments (Crayon.api)'
[2026-08-04 02:32:29.182 +05:30  INF]  Route matched with {action = "GetAllDepartments", controller = "Department"}. Executing controller action with signature System.Threading.Tasks.Task`1[Microsoft.AspNetCore.Mvc.IActionResult] GetAllDepartments() on controller Crayon.api.Controllers.DepartmentController (Crayon.api).
[2026-08-04 02:32:29.191 +05:30  INF]  Executed DbCommand (2ms) [Parameters=[], CommandType='"Text"', CommandTimeout='30']
SELECT [d].[DepartmentId], [d].[DepartmentName]
FROM [Department] AS [d]
WHERE [d].[IsActive] = CAST(1 AS bit)
[2026-08-04 02:32:29.191 +05:30  INF]  Executing OkObjectResult, writing value of type 'Crayon.Entity.Common.Result`1[[System.Collections.Generic.List`1[[Crayon.Entity.Dto.DepartmentResponse, Crayon.Entity, Version=1.0.0.0, Culture=neutral, PublicKeyToken=null]], System.Private.CoreLib, Version=10.0.0.0, Culture=neutral, PublicKeyToken=7cec85d7bea7798e]]'.
[2026-08-04 02:32:29.192 +05:30  INF]  Executed action Crayon.api.Controllers.DepartmentController.GetAllDepartments (Crayon.api) in 9.4428ms
[2026-08-04 02:32:29.192 +05:30  INF]  Executed endpoint 'Crayon.api.Controllers.DepartmentController.GetAllDepartments (Crayon.api)'
[2026-08-04 02:32:29.192 +05:30  INF]  Request finished HTTP/1.1 GET http://localhost:5278/api/Department/GetAllDepartments - 200 null application/json; charset=utf-8 14.7715ms
[2026-08-04 02:32:29.208 +05:30  INF]  Request starting HTTP/1.1 GET http://localhost:5278/api/Designation/GetAllDesignations - null null
[2026-08-04 02:32:29.209 +05:30  INF]  Executing endpoint 'Crayon.Api.Controllers.DesignationController.GetAllDesignations (Crayon.api)'
[2026-08-04 02:32:29.209 +05:30  INF]  Route matched with {action = "GetAllDesignations", controller = "Designation"}. Executing controller action with signature System.Threading.Tasks.Task`1[Microsoft.AspNetCore.Mvc.IActionResult] GetAllDesignations() on controller Crayon.Api.Controllers.DesignationController (Crayon.api).
[2026-08-04 02:32:29.218 +05:30  INF]  Executed DbCommand (2ms) [Parameters=[], CommandType='"Text"', CommandTimeout='30']
SELECT [d].[DesignationId], [d].[DesignationName]
FROM [Designation] AS [d]
WHERE [d].[IsActive] = CAST(1 AS bit)
[2026-08-04 02:32:29.219 +05:30  INF]  Executing OkObjectResult, writing value of type 'Crayon.Entity.Common.Result`1[[System.Collections.Generic.List`1[[Crayon.Entity.Dto.DesignationResponse, Crayon.Entity, Version=1.0.0.0, Culture=neutral, PublicKeyToken=null]], System.Private.CoreLib, Version=10.0.0.0, Culture=neutral, PublicKeyToken=7cec85d7bea7798e]]'.
[2026-08-04 02:32:29.220 +05:30  INF]  Executed action Crayon.Api.Controllers.DesignationController.GetAllDesignations (Crayon.api) in 10.2622ms
[2026-08-04 02:32:29.220 +05:30  INF]  Executed endpoint 'Crayon.Api.Controllers.DesignationController.GetAllDesignations (Crayon.api)'
[2026-08-04 02:32:29.220 +05:30  INF]  Request finished HTTP/1.1 GET http://localhost:5278/api/Designation/GetAllDesignations - 200 null application/json; charset=utf-8 11.9677ms
[2026-08-04 02:32:29.236 +05:30  INF]  Request starting HTTP/1.1 GET http://localhost:5278/api/Workplace/GetAllWorkplaces - null null
[2026-08-04 02:32:29.237 +05:30  INF]  Executing endpoint 'Crayon.api.Controllers.WorkplaceController.GetAllWorkplaces (Crayon.api)'
[2026-08-04 02:32:29.237 +05:30  INF]  Route matched with {action = "GetAllWorkplaces", controller = "Workplace"}. Executing controller action with signature System.Threading.Tasks.Task`1[Microsoft.AspNetCore.Mvc.IActionResult] GetAllWorkplaces() on controller Crayon.api.Controllers.WorkplaceController (Crayon.api).
[2026-08-04 02:32:29.245 +05:30  INF]  Executed DbCommand (2ms) [Parameters=[], CommandType='"Text"', CommandTimeout='30']
SELECT [w].[WorkplaceId], [w].[Name], [w].[Address]
FROM [Workplace] AS [w]
WHERE [w].[IsActive] = CAST(1 AS bit)
[2026-08-04 02:32:29.246 +05:30  INF]  Executing OkObjectResult, writing value of type 'Crayon.Entity.Common.Result`1[[System.Collections.Generic.List`1[[Crayon.Entity.Dto.WorkplaceResponse, Crayon.Entity, Version=1.0.0.0, Culture=neutral, PublicKeyToken=null]], System.Private.CoreLib, Version=10.0.0.0, Culture=neutral, PublicKeyToken=7cec85d7bea7798e]]'.
[2026-08-04 02:32:29.247 +05:30  INF]  Executed action Crayon.api.Controllers.WorkplaceController.GetAllWorkplaces (Crayon.api) in 9.478ms
[2026-08-04 02:32:29.247 +05:30  INF]  Executed endpoint 'Crayon.api.Controllers.WorkplaceController.GetAllWorkplaces (Crayon.api)'
[2026-08-04 02:32:29.247 +05:30  INF]  Request finished HTTP/1.1 GET http://localhost:5278/api/Workplace/GetAllWorkplaces - 200 null application/json; charset=utf-8 11.2417ms
[2026-08-04 02:32:29.260 +05:30  INF]  Request starting HTTP/1.1 GET http://localhost:5278/api/Employee/GetAllEmployees - null null
[2026-08-04 02:32:29.261 +05:30  INF]  Executing endpoint 'Crayon.api.Controllers.EmployeeController.GetAllEmployees (Crayon.api)'
[2026-08-04 02:32:29.261 +05:30  INF]  Route matched with {action = "GetAllEmployees", controller = "Employee"}. Executing controller action with signature System.Threading.Tasks.Task`1[Microsoft.AspNetCore.Mvc.IActionResult] GetAllEmployees() on controller Crayon.api.Controllers.EmployeeController (Crayon.api).
[2026-08-04 02:32:29.266 +05:30  INF]  Fetching All Employees
[2026-08-04 02:32:29.276 +05:30  INF]  Executed DbCommand (3ms) [Parameters=[], CommandType='"Text"', CommandTimeout='30']
SELECT [e].[EmployeeId], [e].[UserId], [e].[EmployeeCode], [e].[FirstName], [e].[LastName], [e].[FirstName] + N' ' + [e].[LastName] AS [FullName], [a].[Email], [e].[PhoneNumber], [d].[DepartmentId], [d].[DepartmentName], [d0].[DesignationId], [d0].[DesignationName], [w].[WorkplaceId], [w].[Name] AS [WorkplaceName], (
    SELECT TOP(1) [a1].[Name]
    FROM [AspNetUserRoles] AS [a0]
    INNER JOIN [AspNetRoles] AS [a1] ON [a0].[RoleId] = [a1].[Id]
    WHERE [a0].[UserId] = [a].[Id]) AS [RoleName], [e].[ReportingEmployeeId] AS [ReportingManagerId], CASE
    WHEN [e0].[EmployeeId] IS NOT NULL THEN COALESCE([e0].[FirstName], N'') + N' ' + COALESCE([e0].[LastName], N'')
    ELSE N''
END AS [ReportingManagerName], [e].[IsActive], [e].[CreatedDate]
FROM [Employee] AS [e]
INNER JOIN [Department] AS [d] ON [e].[DepartmentId] = [d].[DepartmentId]
INNER JOIN [Designation] AS [d0] ON [e].[DesignationId] = [d0].[DesignationId]
INNER JOIN [Workplace] AS [w] ON [e].[WorkplaceId] = [w].[WorkplaceId]
INNER JOIN [AspNetUsers] AS [a] ON [e].[UserId] = [a].[Id]
LEFT JOIN [Employee] AS [e0] ON [e].[ReportingEmployeeId] = [e0].[EmployeeId]
WHERE [e].[IsActive] = CAST(1 AS bit)
[2026-08-04 02:32:29.276 +05:30  INF]  Executing OkObjectResult, writing value of type 'Crayon.Entity.Common.Result`1[[System.Collections.Generic.List`1[[Crayon.Entity.Dto.EmployeeResponse, Crayon.Entity, Version=1.0.0.0, Culture=neutral, PublicKeyToken=null]], System.Private.CoreLib, Version=10.0.0.0, Culture=neutral, PublicKeyToken=7cec85d7bea7798e]]'.
[2026-08-04 02:32:29.277 +05:30  INF]  Executed action Crayon.api.Controllers.EmployeeController.GetAllEmployees (Crayon.api) in 16.2849ms
[2026-08-04 02:32:29.278 +05:30  INF]  Executed endpoint 'Crayon.api.Controllers.EmployeeController.GetAllEmployees (Crayon.api)'
[2026-08-04 02:32:29.279 +05:30  INF]  Request finished HTTP/1.1 GET http://localhost:5278/api/Employee/GetAllEmployees - 200 null application/json; charset=utf-8 19.0942ms
[2026-08-04 02:32:29.292 +05:30  INF]  Request starting HTTP/1.1 GET http://localhost:5278/api/Employee/GetAllRoles - null null
[2026-08-04 02:32:29.293 +05:30  INF]  Executing endpoint 'Crayon.api.Controllers.EmployeeController.GetAllRoles (Crayon.api)'
[2026-08-04 02:32:29.294 +05:30  INF]  Route matched with {action = "GetAllRoles", controller = "Employee"}. Executing controller action with signature System.Threading.Tasks.Task`1[Microsoft.AspNetCore.Mvc.IActionResult] GetAllRoles() on controller Crayon.api.Controllers.EmployeeController (Crayon.api).
[2026-08-04 02:32:29.302 +05:30  INF]  Executed DbCommand (2ms) [Parameters=[], CommandType='"Text"', CommandTimeout='30']
SELECT [a].[Name]
FROM [AspNetRoles] AS [a]
[2026-08-04 02:32:29.303 +05:30  INF]  Executing OkObjectResult, writing value of type 'System.Collections.Generic.List`1[[System.String, System.Private.CoreLib, Version=10.0.0.0, Culture=neutral, PublicKeyToken=7cec85d7bea7798e]]'.
[2026-08-04 02:32:29.303 +05:30  INF]  Executed action Crayon.api.Controllers.EmployeeController.GetAllRoles (Crayon.api) in 9.5419ms
[2026-08-04 02:32:29.304 +05:30  INF]  Executed endpoint 'Crayon.api.Controllers.EmployeeController.GetAllRoles (Crayon.api)'
[2026-08-04 02:32:29.304 +05:30  INF]  Request finished HTTP/1.1 GET http://localhost:5278/api/Employee/GetAllRoles - 200 null application/json; charset=utf-8 11.9978ms
[2026-08-04 02:36:36.996 +05:30  INF]  Request starting HTTP/1.1 GET http://localhost:5278/api/Employee/GetEmployeeById/18 - null null
[2026-08-04 02:36:36.999 +05:30  INF]  Executing endpoint 'Crayon.api.Controllers.EmployeeController.GetEmployeeById (Crayon.api)'
[2026-08-04 02:36:37.000 +05:30  INF]  Route matched with {action = "GetEmployeeById", controller = "Employee"}. Executing controller action with signature System.Threading.Tasks.Task`1[Microsoft.AspNetCore.Mvc.IActionResult] GetEmployeeById(Int32) on controller Crayon.api.Controllers.EmployeeController (Crayon.api).
[2026-08-04 02:36:37.138 +05:30  INF]  Executed DbCommand (84ms) [Parameters=[@employeeId='?' (DbType = Int32)], CommandType='"Text"', CommandTimeout='30']
SELECT TOP(1) [e].[EmployeeId], [e].[UserId], [e].[EmployeeCode], [e].[FirstName], [e].[LastName], [e].[FirstName] + N' ' + [e].[LastName] AS [FullName], [a].[Email], [e].[PhoneNumber], [d].[DepartmentId], [d].[DepartmentName], [d0].[DesignationId], [d0].[DesignationName], [w].[WorkplaceId], [w].[Name] AS [WorkplaceName], (
    SELECT TOP(1) [a1].[Name]
    FROM [AspNetUserRoles] AS [a0]
    INNER JOIN [AspNetRoles] AS [a1] ON [a0].[RoleId] = [a1].[Id]
    WHERE [a0].[UserId] = [a].[Id]) AS [RoleName], [e].[ReportingEmployeeId] AS [ReportingManagerId], CASE
    WHEN [e0].[EmployeeId] IS NOT NULL THEN COALESCE([e0].[FirstName], N'') + N' ' + COALESCE([e0].[LastName], N'')
    ELSE N''
END AS [ReportingManagerName], [e].[IsActive], [e].[CreatedDate]
FROM [Employee] AS [e]
INNER JOIN [Department] AS [d] ON [e].[DepartmentId] = [d].[DepartmentId]
INNER JOIN [Designation] AS [d0] ON [e].[DesignationId] = [d0].[DesignationId]
INNER JOIN [Workplace] AS [w] ON [e].[WorkplaceId] = [w].[WorkplaceId]
INNER JOIN [AspNetUsers] AS [a] ON [e].[UserId] = [a].[Id]
LEFT JOIN [Employee] AS [e0] ON [e].[ReportingEmployeeId] = [e0].[EmployeeId]
WHERE [e].[EmployeeId] = @employeeId
[2026-08-04 02:36:37.139 +05:30  INF]  Executing OkObjectResult, writing value of type 'Crayon.Entity.Common.Result`1[[Crayon.Entity.Dto.EmployeeResponse, Crayon.Entity, Version=1.0.0.0, Culture=neutral, PublicKeyToken=null]]'.
[2026-08-04 02:36:37.139 +05:30  INF]  Executed action Crayon.api.Controllers.EmployeeController.GetEmployeeById (Crayon.api) in 139.3116ms
[2026-08-04 02:36:37.139 +05:30  INF]  Executed endpoint 'Crayon.api.Controllers.EmployeeController.GetEmployeeById (Crayon.api)'
[2026-08-04 02:36:37.140 +05:30  INF]  Request finished HTTP/1.1 GET http://localhost:5278/api/Employee/GetEmployeeById/18 - 200 null application/json; charset=utf-8 143.4515ms
[2026-08-04 02:36:37.154 +05:30  INF]  Request starting HTTP/1.1 GET http://localhost:5278/api/Department/GetAllDepartments - null null
[2026-08-04 02:36:37.154 +05:30  INF]  Executing endpoint 'Crayon.api.Controllers.DepartmentController.GetAllDepartments (Crayon.api)'
[2026-08-04 02:36:37.155 +05:30  INF]  Route matched with {action = "GetAllDepartments", controller = "Department"}. Executing controller action with signature System.Threading.Tasks.Task`1[Microsoft.AspNetCore.Mvc.IActionResult] GetAllDepartments() on controller Crayon.api.Controllers.DepartmentController (Crayon.api).
[2026-08-04 02:36:37.164 +05:30  INF]  Executed DbCommand (5ms) [Parameters=[], CommandType='"Text"', CommandTimeout='30']
SELECT [d].[DepartmentId], [d].[DepartmentName]
FROM [Department] AS [d]
WHERE [d].[IsActive] = CAST(1 AS bit)
[2026-08-04 02:36:37.164 +05:30  INF]  Executing OkObjectResult, writing value of type 'Crayon.Entity.Common.Result`1[[System.Collections.Generic.List`1[[Crayon.Entity.Dto.DepartmentResponse, Crayon.Entity, Version=1.0.0.0, Culture=neutral, PublicKeyToken=null]], System.Private.CoreLib, Version=10.0.0.0, Culture=neutral, PublicKeyToken=7cec85d7bea7798e]]'.
[2026-08-04 02:36:37.165 +05:30  INF]  Executed action Crayon.api.Controllers.DepartmentController.GetAllDepartments (Crayon.api) in 9.82ms
[2026-08-04 02:36:37.165 +05:30  INF]  Executed endpoint 'Crayon.api.Controllers.DepartmentController.GetAllDepartments (Crayon.api)'
[2026-08-04 02:36:37.166 +05:30  INF]  Request finished HTTP/1.1 GET http://localhost:5278/api/Department/GetAllDepartments - 200 null application/json; charset=utf-8 12.102ms
[2026-08-04 02:36:37.180 +05:30  INF]  Request starting HTTP/1.1 GET http://localhost:5278/api/Designation/GetAllDesignations - null null
[2026-08-04 02:36:37.181 +05:30  INF]  Executing endpoint 'Crayon.Api.Controllers.DesignationController.GetAllDesignations (Crayon.api)'
[2026-08-04 02:36:37.181 +05:30  INF]  Route matched with {action = "GetAllDesignations", controller = "Designation"}. Executing controller action with signature System.Threading.Tasks.Task`1[Microsoft.AspNetCore.Mvc.IActionResult] GetAllDesignations() on controller Crayon.Api.Controllers.DesignationController (Crayon.api).
[2026-08-04 02:36:37.195 +05:30  INF]  Executed DbCommand (7ms) [Parameters=[], CommandType='"Text"', CommandTimeout='30']
SELECT [d].[DesignationId], [d].[DesignationName]
FROM [Designation] AS [d]
WHERE [d].[IsActive] = CAST(1 AS bit)
[2026-08-04 02:36:37.196 +05:30  INF]  Executing OkObjectResult, writing value of type 'Crayon.Entity.Common.Result`1[[System.Collections.Generic.List`1[[Crayon.Entity.Dto.DesignationResponse, Crayon.Entity, Version=1.0.0.0, Culture=neutral, PublicKeyToken=null]], System.Private.CoreLib, Version=10.0.0.0, Culture=neutral, PublicKeyToken=7cec85d7bea7798e]]'.
[2026-08-04 02:36:37.196 +05:30  INF]  Executed action Crayon.Api.Controllers.DesignationController.GetAllDesignations (Crayon.api) in 14.771ms
[2026-08-04 02:36:37.196 +05:30  INF]  Executed endpoint 'Crayon.Api.Controllers.DesignationController.GetAllDesignations (Crayon.api)'
[2026-08-04 02:36:37.197 +05:30  INF]  Request finished HTTP/1.1 GET http://localhost:5278/api/Designation/GetAllDesignations - 200 null application/json; charset=utf-8 16.6258ms
[2026-08-04 02:36:37.212 +05:30  INF]  Request starting HTTP/1.1 GET http://localhost:5278/api/Workplace/GetAllWorkplaces - null null
[2026-08-04 02:36:37.214 +05:30  INF]  Executing endpoint 'Crayon.api.Controllers.WorkplaceController.GetAllWorkplaces (Crayon.api)'
[2026-08-04 02:36:37.214 +05:30  INF]  Route matched with {action = "GetAllWorkplaces", controller = "Workplace"}. Executing controller action with signature System.Threading.Tasks.Task`1[Microsoft.AspNetCore.Mvc.IActionResult] GetAllWorkplaces() on controller Crayon.api.Controllers.WorkplaceController (Crayon.api).
[2026-08-04 02:36:37.229 +05:30  INF]  Executed DbCommand (7ms) [Parameters=[], CommandType='"Text"', CommandTimeout='30']
SELECT [w].[WorkplaceId], [w].[Name], [w].[Address]
FROM [Workplace] AS [w]
WHERE [w].[IsActive] = CAST(1 AS bit)
[2026-08-04 02:36:37.229 +05:30  INF]  Executing OkObjectResult, writing value of type 'Crayon.Entity.Common.Result`1[[System.Collections.Generic.List`1[[Crayon.Entity.Dto.WorkplaceResponse, Crayon.Entity, Version=1.0.0.0, Culture=neutral, PublicKeyToken=null]], System.Private.CoreLib, Version=10.0.0.0, Culture=neutral, PublicKeyToken=7cec85d7bea7798e]]'.
[2026-08-04 02:36:37.230 +05:30  INF]  Executed action Crayon.api.Controllers.WorkplaceController.GetAllWorkplaces (Crayon.api) in 15.5044ms
[2026-08-04 02:36:37.230 +05:30  INF]  Executed endpoint 'Crayon.api.Controllers.WorkplaceController.GetAllWorkplaces (Crayon.api)'
[2026-08-04 02:36:37.230 +05:30  INF]  Request finished HTTP/1.1 GET http://localhost:5278/api/Workplace/GetAllWorkplaces - 200 null application/json; charset=utf-8 17.9576ms
[2026-08-04 02:36:37.244 +05:30  INF]  Request starting HTTP/1.1 GET http://localhost:5278/api/Employee/GetAllEmployees - null null
[2026-08-04 02:36:37.245 +05:30  INF]  Executing endpoint 'Crayon.api.Controllers.EmployeeController.GetAllEmployees (Crayon.api)'
[2026-08-04 02:36:37.245 +05:30  INF]  Route matched with {action = "GetAllEmployees", controller = "Employee"}. Executing controller action with signature System.Threading.Tasks.Task`1[Microsoft.AspNetCore.Mvc.IActionResult] GetAllEmployees() on controller Crayon.api.Controllers.EmployeeController (Crayon.api).
[2026-08-04 02:36:37.248 +05:30  INF]  Fetching All Employees
[2026-08-04 02:36:37.380 +05:30  INF]  Executed DbCommand (122ms) [Parameters=[], CommandType='"Text"', CommandTimeout='30']
SELECT [e].[EmployeeId], [e].[UserId], [e].[EmployeeCode], [e].[FirstName], [e].[LastName], [e].[FirstName] + N' ' + [e].[LastName] AS [FullName], [a].[Email], [e].[PhoneNumber], [d].[DepartmentId], [d].[DepartmentName], [d0].[DesignationId], [d0].[DesignationName], [w].[WorkplaceId], [w].[Name] AS [WorkplaceName], (
    SELECT TOP(1) [a1].[Name]
    FROM [AspNetUserRoles] AS [a0]
    INNER JOIN [AspNetRoles] AS [a1] ON [a0].[RoleId] = [a1].[Id]
    WHERE [a0].[UserId] = [a].[Id]) AS [RoleName], [e].[ReportingEmployeeId] AS [ReportingManagerId], CASE
    WHEN [e0].[EmployeeId] IS NOT NULL THEN COALESCE([e0].[FirstName], N'') + N' ' + COALESCE([e0].[LastName], N'')
    ELSE N''
END AS [ReportingManagerName], [e].[IsActive], [e].[CreatedDate]
FROM [Employee] AS [e]
INNER JOIN [Department] AS [d] ON [e].[DepartmentId] = [d].[DepartmentId]
INNER JOIN [Designation] AS [d0] ON [e].[DesignationId] = [d0].[DesignationId]
INNER JOIN [Workplace] AS [w] ON [e].[WorkplaceId] = [w].[WorkplaceId]
INNER JOIN [AspNetUsers] AS [a] ON [e].[UserId] = [a].[Id]
LEFT JOIN [Employee] AS [e0] ON [e].[ReportingEmployeeId] = [e0].[EmployeeId]
WHERE [e].[IsActive] = CAST(1 AS bit)
[2026-08-04 02:36:37.381 +05:30  INF]  Executing OkObjectResult, writing value of type 'Crayon.Entity.Common.Result`1[[System.Collections.Generic.List`1[[Crayon.Entity.Dto.EmployeeResponse, Crayon.Entity, Version=1.0.0.0, Culture=neutral, PublicKeyToken=null]], System.Private.CoreLib, Version=10.0.0.0, Culture=neutral, PublicKeyToken=7cec85d7bea7798e]]'.
[2026-08-04 02:36:37.381 +05:30  INF]  Executed action Crayon.api.Controllers.EmployeeController.GetAllEmployees (Crayon.api) in 136.3412ms
[2026-08-04 02:36:37.382 +05:30  INF]  Executed endpoint 'Crayon.api.Controllers.EmployeeController.GetAllEmployees (Crayon.api)'
[2026-08-04 02:36:37.382 +05:30  INF]  Request finished HTTP/1.1 GET http://localhost:5278/api/Employee/GetAllEmployees - 200 null application/json; charset=utf-8 138.1335ms
[2026-08-04 02:36:37.397 +05:30  INF]  Request starting HTTP/1.1 GET http://localhost:5278/api/Employee/GetAllRoles - null null
[2026-08-04 02:36:37.398 +05:30  INF]  Executing endpoint 'Crayon.api.Controllers.EmployeeController.GetAllRoles (Crayon.api)'
[2026-08-04 02:36:37.398 +05:30  INF]  Route matched with {action = "GetAllRoles", controller = "Employee"}. Executing controller action with signature System.Threading.Tasks.Task`1[Microsoft.AspNetCore.Mvc.IActionResult] GetAllRoles() on controller Crayon.api.Controllers.EmployeeController (Crayon.api).
[2026-08-04 02:36:37.409 +05:30  INF]  Executed DbCommand (5ms) [Parameters=[], CommandType='"Text"', CommandTimeout='30']
SELECT [a].[Name]
FROM [AspNetRoles] AS [a]
[2026-08-04 02:36:37.410 +05:30  INF]  Executing OkObjectResult, writing value of type 'System.Collections.Generic.List`1[[System.String, System.Private.CoreLib, Version=10.0.0.0, Culture=neutral, PublicKeyToken=7cec85d7bea7798e]]'.
[2026-08-04 02:36:37.410 +05:30  INF]  Executed action Crayon.api.Controllers.EmployeeController.GetAllRoles (Crayon.api) in 12.1796ms
[2026-08-04 02:36:37.410 +05:30  INF]  Executed endpoint 'Crayon.api.Controllers.EmployeeController.GetAllRoles (Crayon.api)'
[2026-08-04 02:36:37.411 +05:30  INF]  Request finished HTTP/1.1 GET http://localhost:5278/api/Employee/GetAllRoles - 200 null application/json; charset=utf-8 13.9894ms
[2026-08-04 02:37:25.153 +05:30  INF]  Request starting HTTP/1.1 GET http://localhost:5278/api/LeaveApplication/GetManagerLeaveApplications/0fab7b97-b751-4afc-8d80-073ffe50be25 - null null
[2026-08-04 02:37:25.153 +05:30  INF]  Executing endpoint 'Crayon.api.Controllers.LeaveApplicationController.GetManagerLeaveApplications (Crayon.api)'
[2026-08-04 02:37:25.154 +05:30  INF]  Route matched with {action = "GetManagerLeaveApplications", controller = "LeaveApplication"}. Executing controller action with signature System.Threading.Tasks.Task`1[Microsoft.AspNetCore.Mvc.IActionResult] GetManagerLeaveApplications(System.String) on controller Crayon.api.Controllers.LeaveApplicationController (Crayon.api).
[2026-08-04 02:37:25.178 +05:30  INF]  Executed DbCommand (9ms) [Parameters=[@managerUserId='?' (Size = 450)], CommandType='"Text"', CommandTimeout='30']
SELECT TOP(1) [e].[EmployeeId], [e].[CreatedDate], [e].[DepartmentId], [e].[DesignationId], [e].[EmployeeCode], [e].[FirstName], [e].[IsActive], [e].[LastName], [e].[PhoneNumber], [e].[ReportingEmployeeId], [e].[ReportingToEmployeeId], [e].[UserId], [e].[WorkplaceId]
FROM [Employee] AS [e]
WHERE [e].[UserId] = @managerUserId
[2026-08-04 02:37:25.203 +05:30  INF]  Executed DbCommand (20ms) [Parameters=[@manager_EmployeeId='?' (DbType = Int32)], CommandType='"Text"', CommandTimeout='30']
SELECT [l].[LeaveApplicationId], [e].[FirstName] + N' ' + [e].[LastName] AS [EmployeeName], [l0].[LeaveName], [l].[FromDate], [l].[ToDate], [l].[TotalDays], [l].[Reason], [l].[Status], [l].[AppliedDate]
FROM [LeaveApplication] AS [l]
INNER JOIN [Employee] AS [e] ON [l].[EmployeeId] = [e].[EmployeeId]
INNER JOIN [LeaveType] AS [l0] ON [l].[LeaveTypeId] = [l0].[LeaveTypeId]
WHERE [e].[ReportingEmployeeId] = @manager_EmployeeId
[2026-08-04 02:37:25.204 +05:30  INF]  Executing OkObjectResult, writing value of type 'Crayon.Entity.Common.Result`1[[System.Collections.Generic.List`1[[Crayon.Entity.Dto.LeaveApplicationResponse, Crayon.Entity, Version=1.0.0.0, Culture=neutral, PublicKeyToken=null]], System.Private.CoreLib, Version=10.0.0.0, Culture=neutral, PublicKeyToken=7cec85d7bea7798e]]'.
[2026-08-04 02:37:25.205 +05:30  INF]  Executed action Crayon.api.Controllers.LeaveApplicationController.GetManagerLeaveApplications (Crayon.api) in 50.892ms
[2026-08-04 02:37:25.205 +05:30  INF]  Executed endpoint 'Crayon.api.Controllers.LeaveApplicationController.GetManagerLeaveApplications (Crayon.api)'
[2026-08-04 02:37:25.205 +05:30  INF]  Request finished HTTP/1.1 GET http://localhost:5278/api/LeaveApplication/GetManagerLeaveApplications/0fab7b97-b751-4afc-8d80-073ffe50be25 - 200 null application/json; charset=utf-8 52.7951ms
[2026-08-04 02:37:27.882 +05:30  INF]  Request starting HTTP/1.1 GET http://localhost:5278/api/Attendance/GetEmployeeAttendance/0fab7b97-b751-4afc-8d80-073ffe50be25 - null null
[2026-08-04 02:37:27.883 +05:30  INF]  Executing endpoint 'Crayon.Api.Controllers.AttendanceController.GetEmployeeAttendance (Crayon.api)'
[2026-08-04 02:37:27.883 +05:30  INF]  Route matched with {action = "GetEmployeeAttendance", controller = "Attendance"}. Executing controller action with signature System.Threading.Tasks.Task`1[Microsoft.AspNetCore.Mvc.IActionResult] GetEmployeeAttendance(System.String) on controller Crayon.Api.Controllers.AttendanceController (Crayon.api).
[2026-08-04 02:37:27.904 +05:30  INF]  Executed DbCommand (8ms) [Parameters=[@userId='?' (Size = 450)], CommandType='"Text"', CommandTimeout='30']
SELECT TOP(1) [e].[EmployeeId], [e].[CreatedDate], [e].[DepartmentId], [e].[DesignationId], [e].[EmployeeCode], [e].[FirstName], [e].[IsActive], [e].[LastName], [e].[PhoneNumber], [e].[ReportingEmployeeId], [e].[ReportingToEmployeeId], [e].[UserId], [e].[WorkplaceId]
FROM [Employee] AS [e]
WHERE [e].[UserId] = @userId
[2026-08-04 02:37:27.960 +05:30  INF]  Executed DbCommand (35ms) [Parameters=[@employee_EmployeeId='?' (DbType = Int32)], CommandType='"Text"', CommandTimeout='30']
SELECT [a].[AttendanceId], [e].[EmployeeId], [e].[FirstName] + N' ' + [e].[LastName] AS [EmployeeName], [a].[AttendanceDate], [a].[CheckInTime], [a].[CheckOutTime], [a].[HoursWorked], [a].[AttendanceStatus], [a].[IsApproved]
FROM [Attendance] AS [a]
INNER JOIN [Employee] AS [e] ON [a].[EmployeeId] = [e].[EmployeeId]
WHERE [a].[EmployeeId] = @employee_EmployeeId
ORDER BY [a].[AttendanceDate] DESC
[2026-08-04 02:37:27.962 +05:30  INF]  Executing OkObjectResult, writing value of type 'Crayon.Entity.Common.Result`1[[System.Collections.Generic.List`1[[Crayon.Entity.Dto.AttendanceResponse, Crayon.Entity, Version=1.0.0.0, Culture=neutral, PublicKeyToken=null]], System.Private.CoreLib, Version=10.0.0.0, Culture=neutral, PublicKeyToken=7cec85d7bea7798e]]'.
[2026-08-04 02:37:27.962 +05:30  INF]  Executed action Crayon.Api.Controllers.AttendanceController.GetEmployeeAttendance (Crayon.api) in 79.0265ms
[2026-08-04 02:37:27.962 +05:30  INF]  Executed endpoint 'Crayon.Api.Controllers.AttendanceController.GetEmployeeAttendance (Crayon.api)'
[2026-08-04 02:37:27.963 +05:30  INF]  Request finished HTTP/1.1 GET http://localhost:5278/api/Attendance/GetEmployeeAttendance/0fab7b97-b751-4afc-8d80-073ffe50be25 - 200 null application/json; charset=utf-8 81.275ms
[2026-08-04 02:37:40.000 +05:30  INF]  Request starting HTTP/1.1 GET http://localhost:5278/api/Employee/GetVisibleEmployees - null null
[2026-08-04 02:37:40.001 +05:30  INF]  Executing endpoint 'Crayon.api.Controllers.EmployeeController.GetVisibleEmployees (Crayon.api)'
[2026-08-04 02:37:40.001 +05:30  INF]  Route matched with {action = "GetVisibleEmployees", controller = "Employee"}. Executing controller action with signature System.Threading.Tasks.Task`1[Microsoft.AspNetCore.Mvc.IActionResult] GetVisibleEmployees() on controller Crayon.api.Controllers.EmployeeController (Crayon.api).
[2026-08-04 02:37:40.009 +05:30  INF]  Executed DbCommand (2ms) [Parameters=[@userId='?' (Size = 450)], CommandType='"Text"', CommandTimeout='30']
SELECT TOP(1) [e].[EmployeeId], [e].[CreatedDate], [e].[DepartmentId], [e].[DesignationId], [e].[EmployeeCode], [e].[FirstName], [e].[IsActive], [e].[LastName], [e].[PhoneNumber], [e].[ReportingEmployeeId], [e].[ReportingToEmployeeId], [e].[UserId], [e].[WorkplaceId]
FROM [Employee] AS [e]
WHERE [e].[UserId] = @userId
[2026-08-04 02:37:40.067 +05:30  INF]  Executed DbCommand (52ms) [Parameters=[@currentEmployee_EmployeeId='?' (DbType = Int32)], CommandType='"Text"', CommandTimeout='30']
SELECT [e].[EmployeeId], [e].[UserId], [e].[EmployeeCode], [e].[FirstName], [e].[LastName], [e].[FirstName] + N' ' + [e].[LastName] AS [FullName], [a].[Email], [e].[PhoneNumber], [d].[DepartmentId], [d].[DepartmentName], [d0].[DesignationId], [d0].[DesignationName], [w].[WorkplaceId], [w].[Name] AS [WorkplaceName], (
    SELECT TOP(1) [a1].[Name]
    FROM [AspNetUserRoles] AS [a0]
    INNER JOIN [AspNetRoles] AS [a1] ON [a0].[RoleId] = [a1].[Id]
    WHERE [a0].[UserId] = [a].[Id]) AS [RoleName], [e].[ReportingEmployeeId] AS [ReportingManagerId], CASE
    WHEN [e1].[EmployeeId] IS NOT NULL THEN COALESCE([e1].[FirstName], N'') + N' ' + COALESCE([e1].[LastName], N'')
    ELSE N''
END AS [ReportingManagerName], [e].[IsActive], [e].[CreatedDate]
FROM [Employee] AS [e]
INNER JOIN [Department] AS [d] ON [e].[DepartmentId] = [d].[DepartmentId]
INNER JOIN [Designation] AS [d0] ON [e].[DesignationId] = [d0].[DesignationId]
INNER JOIN [Workplace] AS [w] ON [e].[WorkplaceId] = [w].[WorkplaceId]
INNER JOIN [AspNetUsers] AS [a] ON [e].[UserId] = [a].[Id]
LEFT JOIN [Employee] AS [e1] ON [e].[ReportingEmployeeId] = [e1].[EmployeeId]
WHERE [e].[IsActive] = CAST(1 AS bit) AND ([e].[ReportingEmployeeId] = @currentEmployee_EmployeeId OR EXISTS (
    SELECT 1
    FROM [Employee] AS [e0]
    WHERE [e0].[EmployeeId] = [e].[ReportingEmployeeId] AND [e0].[ReportingEmployeeId] = @currentEmployee_EmployeeId))
[2026-08-04 02:37:40.068 +05:30  INF]  Executing OkObjectResult, writing value of type 'Crayon.Entity.Common.Result`1[[System.Collections.Generic.List`1[[Crayon.Entity.Dto.EmployeeResponse, Crayon.Entity, Version=1.0.0.0, Culture=neutral, PublicKeyToken=null]], System.Private.CoreLib, Version=10.0.0.0, Culture=neutral, PublicKeyToken=7cec85d7bea7798e]]'.
[2026-08-04 02:37:40.068 +05:30  INF]  Executed action Crayon.api.Controllers.EmployeeController.GetVisibleEmployees (Crayon.api) in 66.6876ms
[2026-08-04 02:37:40.068 +05:30  INF]  Executed endpoint 'Crayon.api.Controllers.EmployeeController.GetVisibleEmployees (Crayon.api)'
[2026-08-04 02:37:40.069 +05:30  INF]  Request finished HTTP/1.1 GET http://localhost:5278/api/Employee/GetVisibleEmployees - 200 null application/json; charset=utf-8 69.33ms
[2026-08-04 02:37:43.079 +05:30  INF]  Request starting HTTP/1.1 GET http://localhost:5278/api/Department/GetAllDepartments - null null
[2026-08-04 02:37:43.080 +05:30  INF]  Executing endpoint 'Crayon.api.Controllers.DepartmentController.GetAllDepartments (Crayon.api)'
[2026-08-04 02:37:43.080 +05:30  INF]  Route matched with {action = "GetAllDepartments", controller = "Department"}. Executing controller action with signature System.Threading.Tasks.Task`1[Microsoft.AspNetCore.Mvc.IActionResult] GetAllDepartments() on controller Crayon.api.Controllers.DepartmentController (Crayon.api).
[2026-08-04 02:37:43.091 +05:30  INF]  Executed DbCommand (5ms) [Parameters=[], CommandType='"Text"', CommandTimeout='30']
SELECT [d].[DepartmentId], [d].[DepartmentName]
FROM [Department] AS [d]
WHERE [d].[IsActive] = CAST(1 AS bit)
[2026-08-04 02:37:43.092 +05:30  INF]  Executing OkObjectResult, writing value of type 'Crayon.Entity.Common.Result`1[[System.Collections.Generic.List`1[[Crayon.Entity.Dto.DepartmentResponse, Crayon.Entity, Version=1.0.0.0, Culture=neutral, PublicKeyToken=null]], System.Private.CoreLib, Version=10.0.0.0, Culture=neutral, PublicKeyToken=7cec85d7bea7798e]]'.
[2026-08-04 02:37:43.093 +05:30  INF]  Executed action Crayon.api.Controllers.DepartmentController.GetAllDepartments (Crayon.api) in 12.8767ms
[2026-08-04 02:37:43.093 +05:30  INF]  Executed endpoint 'Crayon.api.Controllers.DepartmentController.GetAllDepartments (Crayon.api)'
[2026-08-04 02:37:43.094 +05:30  INF]  Request finished HTTP/1.1 GET http://localhost:5278/api/Department/GetAllDepartments - 200 null application/json; charset=utf-8 14.9316ms
[2026-08-04 02:37:43.139 +05:30  INF]  Request starting HTTP/1.1 GET http://localhost:5278/api/Designation/GetAllDesignations - null null
[2026-08-04 02:37:43.140 +05:30  INF]  Executing endpoint 'Crayon.Api.Controllers.DesignationController.GetAllDesignations (Crayon.api)'
[2026-08-04 02:37:43.140 +05:30  INF]  Route matched with {action = "GetAllDesignations", controller = "Designation"}. Executing controller action with signature System.Threading.Tasks.Task`1[Microsoft.AspNetCore.Mvc.IActionResult] GetAllDesignations() on controller Crayon.Api.Controllers.DesignationController (Crayon.api).
[2026-08-04 02:37:43.153 +05:30  INF]  Executed DbCommand (6ms) [Parameters=[], CommandType='"Text"', CommandTimeout='30']
SELECT [d].[DesignationId], [d].[DesignationName]
FROM [Designation] AS [d]
WHERE [d].[IsActive] = CAST(1 AS bit)
[2026-08-04 02:37:43.154 +05:30  INF]  Executing OkObjectResult, writing value of type 'Crayon.Entity.Common.Result`1[[System.Collections.Generic.List`1[[Crayon.Entity.Dto.DesignationResponse, Crayon.Entity, Version=1.0.0.0, Culture=neutral, PublicKeyToken=null]], System.Private.CoreLib, Version=10.0.0.0, Culture=neutral, PublicKeyToken=7cec85d7bea7798e]]'.
[2026-08-04 02:37:43.155 +05:30  INF]  Executed action Crayon.Api.Controllers.DesignationController.GetAllDesignations (Crayon.api) in 14.0506ms
[2026-08-04 02:37:43.155 +05:30  INF]  Executed endpoint 'Crayon.Api.Controllers.DesignationController.GetAllDesignations (Crayon.api)'
[2026-08-04 02:37:43.155 +05:30  INF]  Request finished HTTP/1.1 GET http://localhost:5278/api/Designation/GetAllDesignations - 200 null application/json; charset=utf-8 16.1898ms
[2026-08-04 02:37:43.195 +05:30  INF]  Request starting HTTP/1.1 GET http://localhost:5278/api/Workplace/GetAllWorkplaces - null null
[2026-08-04 02:37:43.196 +05:30  INF]  Executing endpoint 'Crayon.api.Controllers.WorkplaceController.GetAllWorkplaces (Crayon.api)'
[2026-08-04 02:37:43.196 +05:30  INF]  Route matched with {action = "GetAllWorkplaces", controller = "Workplace"}. Executing controller action with signature System.Threading.Tasks.Task`1[Microsoft.AspNetCore.Mvc.IActionResult] GetAllWorkplaces() on controller Crayon.api.Controllers.WorkplaceController (Crayon.api).
[2026-08-04 02:37:43.207 +05:30  INF]  Executed DbCommand (6ms) [Parameters=[], CommandType='"Text"', CommandTimeout='30']
SELECT [w].[WorkplaceId], [w].[Name], [w].[Address]
FROM [Workplace] AS [w]
WHERE [w].[IsActive] = CAST(1 AS bit)
[2026-08-04 02:37:43.208 +05:30  INF]  Executing OkObjectResult, writing value of type 'Crayon.Entity.Common.Result`1[[System.Collections.Generic.List`1[[Crayon.Entity.Dto.WorkplaceResponse, Crayon.Entity, Version=1.0.0.0, Culture=neutral, PublicKeyToken=null]], System.Private.CoreLib, Version=10.0.0.0, Culture=neutral, PublicKeyToken=7cec85d7bea7798e]]'.
[2026-08-04 02:37:43.209 +05:30  INF]  Executed action Crayon.api.Controllers.WorkplaceController.GetAllWorkplaces (Crayon.api) in 12.4198ms
[2026-08-04 02:37:43.209 +05:30  INF]  Executed endpoint 'Crayon.api.Controllers.WorkplaceController.GetAllWorkplaces (Crayon.api)'
[2026-08-04 02:37:43.209 +05:30  INF]  Request finished HTTP/1.1 GET http://localhost:5278/api/Workplace/GetAllWorkplaces - 200 null application/json; charset=utf-8 14.256ms
[2026-08-04 02:37:43.253 +05:30  INF]  Request starting HTTP/1.1 GET http://localhost:5278/api/Employee/GetAllEmployees - null null
[2026-08-04 02:37:43.254 +05:30  INF]  Executing endpoint 'Crayon.api.Controllers.EmployeeController.GetAllEmployees (Crayon.api)'
[2026-08-04 02:37:43.254 +05:30  INF]  Route matched with {action = "GetAllEmployees", controller = "Employee"}. Executing controller action with signature System.Threading.Tasks.Task`1[Microsoft.AspNetCore.Mvc.IActionResult] GetAllEmployees() on controller Crayon.api.Controllers.EmployeeController (Crayon.api).
[2026-08-04 02:37:43.257 +05:30  INF]  Fetching All Employees
[2026-08-04 02:37:43.388 +05:30  INF]  Executed DbCommand (120ms) [Parameters=[], CommandType='"Text"', CommandTimeout='30']
SELECT [e].[EmployeeId], [e].[UserId], [e].[EmployeeCode], [e].[FirstName], [e].[LastName], [e].[FirstName] + N' ' + [e].[LastName] AS [FullName], [a].[Email], [e].[PhoneNumber], [d].[DepartmentId], [d].[DepartmentName], [d0].[DesignationId], [d0].[DesignationName], [w].[WorkplaceId], [w].[Name] AS [WorkplaceName], (
    SELECT TOP(1) [a1].[Name]
    FROM [AspNetUserRoles] AS [a0]
    INNER JOIN [AspNetRoles] AS [a1] ON [a0].[RoleId] = [a1].[Id]
    WHERE [a0].[UserId] = [a].[Id]) AS [RoleName], [e].[ReportingEmployeeId] AS [ReportingManagerId], CASE
    WHEN [e0].[EmployeeId] IS NOT NULL THEN COALESCE([e0].[FirstName], N'') + N' ' + COALESCE([e0].[LastName], N'')
    ELSE N''
END AS [ReportingManagerName], [e].[IsActive], [e].[CreatedDate]
FROM [Employee] AS [e]
INNER JOIN [Department] AS [d] ON [e].[DepartmentId] = [d].[DepartmentId]
INNER JOIN [Designation] AS [d0] ON [e].[DesignationId] = [d0].[DesignationId]
INNER JOIN [Workplace] AS [w] ON [e].[WorkplaceId] = [w].[WorkplaceId]
INNER JOIN [AspNetUsers] AS [a] ON [e].[UserId] = [a].[Id]
LEFT JOIN [Employee] AS [e0] ON [e].[ReportingEmployeeId] = [e0].[EmployeeId]
WHERE [e].[IsActive] = CAST(1 AS bit)
[2026-08-04 02:37:43.389 +05:30  INF]  Executing OkObjectResult, writing value of type 'Crayon.Entity.Common.Result`1[[System.Collections.Generic.List`1[[Crayon.Entity.Dto.EmployeeResponse, Crayon.Entity, Version=1.0.0.0, Culture=neutral, PublicKeyToken=null]], System.Private.CoreLib, Version=10.0.0.0, Culture=neutral, PublicKeyToken=7cec85d7bea7798e]]'.
[2026-08-04 02:37:43.390 +05:30  INF]  Executed action Crayon.api.Controllers.EmployeeController.GetAllEmployees (Crayon.api) in 135.377ms
[2026-08-04 02:37:43.390 +05:30  INF]  Executed endpoint 'Crayon.api.Controllers.EmployeeController.GetAllEmployees (Crayon.api)'
[2026-08-04 02:37:43.390 +05:30  INF]  Request finished HTTP/1.1 GET http://localhost:5278/api/Employee/GetAllEmployees - 200 null application/json; charset=utf-8 137.2293ms
[2026-08-04 02:37:43.430 +05:30  INF]  Request starting HTTP/1.1 GET http://localhost:5278/api/Employee/GetAllRoles - null null
[2026-08-04 02:37:43.430 +05:30  INF]  Executing endpoint 'Crayon.api.Controllers.EmployeeController.GetAllRoles (Crayon.api)'
[2026-08-04 02:37:43.431 +05:30  INF]  Route matched with {action = "GetAllRoles", controller = "Employee"}. Executing controller action with signature System.Threading.Tasks.Task`1[Microsoft.AspNetCore.Mvc.IActionResult] GetAllRoles() on controller Crayon.api.Controllers.EmployeeController (Crayon.api).
[2026-08-04 02:37:43.441 +05:30  INF]  Executed DbCommand (5ms) [Parameters=[], CommandType='"Text"', CommandTimeout='30']
SELECT [a].[Name]
FROM [AspNetRoles] AS [a]
[2026-08-04 02:37:43.442 +05:30  INF]  Executing OkObjectResult, writing value of type 'System.Collections.Generic.List`1[[System.String, System.Private.CoreLib, Version=10.0.0.0, Culture=neutral, PublicKeyToken=7cec85d7bea7798e]]'.
[2026-08-04 02:37:43.443 +05:30  INF]  Executed action Crayon.api.Controllers.EmployeeController.GetAllRoles (Crayon.api) in 11.6105ms
[2026-08-04 02:37:43.443 +05:30  INF]  Executed endpoint 'Crayon.api.Controllers.EmployeeController.GetAllRoles (Crayon.api)'
[2026-08-04 02:37:43.443 +05:30  INF]  Request finished HTTP/1.1 GET http://localhost:5278/api/Employee/GetAllRoles - 200 null application/json; charset=utf-8 13.4465ms
[2026-08-04 02:37:57.697 +05:30  INF]  Request starting HTTP/1.1 GET http://localhost:5278/api/Project/GetAllProjects - null null
[2026-08-04 02:37:57.697 +05:30  INF]  Executing endpoint 'Crayon.Api.Controllers.ProjectController.GetAllProjects (Crayon.api)'
[2026-08-04 02:37:57.698 +05:30  INF]  Route matched with {action = "GetAllProjects", controller = "Project"}. Executing controller action with signature System.Threading.Tasks.Task`1[Microsoft.AspNetCore.Mvc.IActionResult] GetAllProjects() on controller Crayon.Api.Controllers.ProjectController (Crayon.api).
[2026-08-04 02:37:57.709 +05:30  INF]  Executed DbCommand (6ms) [Parameters=[], CommandType='"Text"', CommandTimeout='30']
SELECT [p].[ProjectId], [p].[ProjectName], [p].[Description]
FROM [Project] AS [p]
WHERE [p].[IsActive] = CAST(1 AS bit)
[2026-08-04 02:37:57.710 +05:30  INF]  Executing OkObjectResult, writing value of type 'Crayon.Entity.Common.Result`1[[System.Collections.Generic.List`1[[Crayon.Entity.Dto.ProjectResponse, Crayon.Entity, Version=1.0.0.0, Culture=neutral, PublicKeyToken=null]], System.Private.CoreLib, Version=10.0.0.0, Culture=neutral, PublicKeyToken=7cec85d7bea7798e]]'.
[2026-08-04 02:37:57.710 +05:30  INF]  Executed action Crayon.Api.Controllers.ProjectController.GetAllProjects (Crayon.api) in 12.6301ms
[2026-08-04 02:37:57.711 +05:30  INF]  Executed endpoint 'Crayon.Api.Controllers.ProjectController.GetAllProjects (Crayon.api)'
[2026-08-04 02:37:57.711 +05:30  INF]  Request finished HTTP/1.1 GET http://localhost:5278/api/Project/GetAllProjects - 200 null application/json; charset=utf-8 14.8318ms
[2026-08-04 02:38:01.219 +05:30  INF]  Request starting HTTP/1.1 GET http://localhost:5278/api/Project/GetProjectById/1 - null null
[2026-08-04 02:38:01.220 +05:30  INF]  Executing endpoint 'Crayon.Api.Controllers.ProjectController.GetProjectById (Crayon.api)'
[2026-08-04 02:38:01.273 +05:30  INF]  Route matched with {action = "GetProjectById", controller = "Project"}. Executing controller action with signature System.Threading.Tasks.Task`1[Microsoft.AspNetCore.Mvc.IActionResult] GetProjectById(Int32) on controller Crayon.Api.Controllers.ProjectController (Crayon.api).
[2026-08-04 02:38:01.328 +05:30  INF]  Executed DbCommand (13ms) [Parameters=[@projectId='?' (DbType = Int32)], CommandType='"Text"', CommandTimeout='30']
SELECT TOP(1) [p].[ProjectId], [p].[ProjectName], [p].[Description]
FROM [Project] AS [p]
WHERE [p].[ProjectId] = @projectId AND [p].[IsActive] = CAST(1 AS bit)
[2026-08-04 02:38:01.330 +05:30  INF]  Executing OkObjectResult, writing value of type 'Crayon.Entity.Common.Result`1[[Crayon.Entity.Dto.ProjectResponse, Crayon.Entity, Version=1.0.0.0, Culture=neutral, PublicKeyToken=null]]'.
[2026-08-04 02:38:01.338 +05:30  INF]  Executed action Crayon.Api.Controllers.ProjectController.GetProjectById (Crayon.api) in 65.1826ms
[2026-08-04 02:38:01.338 +05:30  INF]  Executed endpoint 'Crayon.Api.Controllers.ProjectController.GetProjectById (Crayon.api)'
[2026-08-04 02:38:01.339 +05:30  INF]  Request finished HTTP/1.1 GET http://localhost:5278/api/Project/GetProjectById/1 - 200 null application/json; charset=utf-8 119.6665ms
[2026-08-04 02:38:04.751 +05:30  INF]  Request starting HTTP/1.1 GET http://localhost:5278/api/Project/GetAllProjects - null null
[2026-08-04 02:38:04.752 +05:30  INF]  Executing endpoint 'Crayon.Api.Controllers.ProjectController.GetAllProjects (Crayon.api)'
[2026-08-04 02:38:04.752 +05:30  INF]  Route matched with {action = "GetAllProjects", controller = "Project"}. Executing controller action with signature System.Threading.Tasks.Task`1[Microsoft.AspNetCore.Mvc.IActionResult] GetAllProjects() on controller Crayon.Api.Controllers.ProjectController (Crayon.api).
[2026-08-04 02:38:04.761 +05:30  INF]  Executed DbCommand (2ms) [Parameters=[], CommandType='"Text"', CommandTimeout='30']
SELECT [p].[ProjectId], [p].[ProjectName], [p].[Description]
FROM [Project] AS [p]
WHERE [p].[IsActive] = CAST(1 AS bit)
[2026-08-04 02:38:04.763 +05:30  INF]  Executing OkObjectResult, writing value of type 'Crayon.Entity.Common.Result`1[[System.Collections.Generic.List`1[[Crayon.Entity.Dto.ProjectResponse, Crayon.Entity, Version=1.0.0.0, Culture=neutral, PublicKeyToken=null]], System.Private.CoreLib, Version=10.0.0.0, Culture=neutral, PublicKeyToken=7cec85d7bea7798e]]'.
[2026-08-04 02:38:04.764 +05:30  INF]  Executed action Crayon.Api.Controllers.ProjectController.GetAllProjects (Crayon.api) in 11.6373ms
[2026-08-04 02:38:04.764 +05:30  INF]  Executed endpoint 'Crayon.Api.Controllers.ProjectController.GetAllProjects (Crayon.api)'
[2026-08-04 02:38:04.765 +05:30  INF]  Request finished HTTP/1.1 GET http://localhost:5278/api/Project/GetAllProjects - 200 null application/json; charset=utf-8 13.9929ms
[2026-08-04 09:01:10.124 +05:30  INF]  Request starting HTTP/1.1 POST http://localhost:5278/api/Employee/Login - application/json; charset=utf-8 55
[2026-08-04 09:01:10.199 +05:30  INF]  Executing endpoint 'Crayon.api.Controllers.EmployeeController.Login (Crayon.api)'
[2026-08-04 09:01:10.210 +05:30  INF]  Route matched with {action = "Login", controller = "Employee"}. Executing controller action with signature System.Threading.Tasks.Task`1[Microsoft.AspNetCore.Mvc.IActionResult] Login(Crayon.Entity.Dto.UserRequest) on controller Crayon.api.Controllers.EmployeeController (Crayon.api).
[2026-08-04 09:01:10.881 +05:30  INF]  Executed DbCommand (74ms) [Parameters=[@normalizedEmail='?' (Size = 256)], CommandType='"Text"', CommandTimeout='30']
SELECT TOP(2) [a].[Id], [a].[AccessFailedCount], [a].[ConcurrencyStamp], [a].[Email], [a].[EmailConfirmed], [a].[LockoutEnabled], [a].[LockoutEnd], [a].[NormalizedEmail], [a].[NormalizedUserName], [a].[PasswordHash], [a].[PhoneNumber], [a].[PhoneNumberConfirmed], [a].[SecurityStamp], [a].[TwoFactorEnabled], [a].[UserName]
FROM [AspNetUsers] AS [a]
WHERE [a].[NormalizedEmail] = @normalizedEmail
[2026-08-04 09:01:11.299 +05:30  INF]  Executed DbCommand (19ms) [Parameters=[@userId='?' (Size = 450)], CommandType='"Text"', CommandTimeout='30']
SELECT [a0].[Name]
FROM [AspNetUserRoles] AS [a]
INNER JOIN [AspNetRoles] AS [a0] ON [a].[RoleId] = [a0].[Id]
WHERE [a].[UserId] = @userId
[2026-08-04 09:01:11.366 +05:30  INF]  Executing OkObjectResult, writing value of type 'Crayon.Entity.Common.Result`1[[Crayon.Entity.Dto.UserResponse, Crayon.Entity, Version=1.0.0.0, Culture=neutral, PublicKeyToken=null]]'.
[2026-08-04 09:01:11.378 +05:30  INF]  Executed action Crayon.api.Controllers.EmployeeController.Login (Crayon.api) in 1163.4686ms
[2026-08-04 09:01:11.379 +05:30  INF]  Executed endpoint 'Crayon.api.Controllers.EmployeeController.Login (Crayon.api)'
[2026-08-04 09:01:11.382 +05:30  INF]  Request finished HTTP/1.1 POST http://localhost:5278/api/Employee/Login - 200 null application/json; charset=utf-8 1273.4451ms
[2026-08-04 09:01:12.138 +05:30  INF]  Request starting HTTP/1.1 GET http://localhost:5278/api/LeaveApplication/GetManagerLeaveApplications/0fab7b97-b751-4afc-8d80-073ffe50be25 - null null
[2026-08-04 09:01:12.148 +05:30  INF]  Executing endpoint 'Crayon.api.Controllers.LeaveApplicationController.GetManagerLeaveApplications (Crayon.api)'
[2026-08-04 09:01:12.150 +05:30  INF]  Route matched with {action = "GetManagerLeaveApplications", controller = "LeaveApplication"}. Executing controller action with signature System.Threading.Tasks.Task`1[Microsoft.AspNetCore.Mvc.IActionResult] GetManagerLeaveApplications(System.String) on controller Crayon.api.Controllers.LeaveApplicationController (Crayon.api).
[2026-08-04 09:01:12.180 +05:30  INF]  Executed DbCommand (16ms) [Parameters=[@managerUserId='?' (Size = 450)], CommandType='"Text"', CommandTimeout='30']
SELECT TOP(1) [e].[EmployeeId], [e].[CreatedDate], [e].[DepartmentId], [e].[DesignationId], [e].[EmployeeCode], [e].[FirstName], [e].[IsActive], [e].[LastName], [e].[PhoneNumber], [e].[ReportingEmployeeId], [e].[ReportingToEmployeeId], [e].[UserId], [e].[WorkplaceId]
FROM [Employee] AS [e]
WHERE [e].[UserId] = @managerUserId
[2026-08-04 09:01:12.254 +05:30  INF]  Executed DbCommand (37ms) [Parameters=[@manager_EmployeeId='?' (DbType = Int32)], CommandType='"Text"', CommandTimeout='30']
SELECT [l].[LeaveApplicationId], [e].[FirstName] + N' ' + [e].[LastName] AS [EmployeeName], [l0].[LeaveName], [l].[FromDate], [l].[ToDate], [l].[TotalDays], [l].[Reason], [l].[Status], [l].[AppliedDate]
FROM [LeaveApplication] AS [l]
INNER JOIN [Employee] AS [e] ON [l].[EmployeeId] = [e].[EmployeeId]
INNER JOIN [LeaveType] AS [l0] ON [l].[LeaveTypeId] = [l0].[LeaveTypeId]
WHERE [e].[ReportingEmployeeId] = @manager_EmployeeId
[2026-08-04 09:01:12.255 +05:30  INF]  Executing OkObjectResult, writing value of type 'Crayon.Entity.Common.Result`1[[System.Collections.Generic.List`1[[Crayon.Entity.Dto.LeaveApplicationResponse, Crayon.Entity, Version=1.0.0.0, Culture=neutral, PublicKeyToken=null]], System.Private.CoreLib, Version=10.0.0.0, Culture=neutral, PublicKeyToken=7cec85d7bea7798e]]'.
[2026-08-04 09:01:12.261 +05:30  INF]  Executed action Crayon.api.Controllers.LeaveApplicationController.GetManagerLeaveApplications (Crayon.api) in 109.9003ms
[2026-08-04 09:01:12.261 +05:30  INF]  Executed endpoint 'Crayon.api.Controllers.LeaveApplicationController.GetManagerLeaveApplications (Crayon.api)'
[2026-08-04 09:01:12.261 +05:30  INF]  Request finished HTTP/1.1 GET http://localhost:5278/api/LeaveApplication/GetManagerLeaveApplications/0fab7b97-b751-4afc-8d80-073ffe50be25 - 200 null application/json; charset=utf-8 123.7094ms
[2026-08-04 09:01:12.519 +05:30  INF]  Request starting HTTP/1.1 GET http://localhost:5278/api/Attendance/GetEmployeeAttendance/0fab7b97-b751-4afc-8d80-073ffe50be25 - null null
[2026-08-04 09:01:12.522 +05:30  INF]  Executing endpoint 'Crayon.Api.Controllers.AttendanceController.GetEmployeeAttendance (Crayon.api)'
[2026-08-04 09:01:12.524 +05:30  INF]  Route matched with {action = "GetEmployeeAttendance", controller = "Attendance"}. Executing controller action with signature System.Threading.Tasks.Task`1[Microsoft.AspNetCore.Mvc.IActionResult] GetEmployeeAttendance(System.String) on controller Crayon.Api.Controllers.AttendanceController (Crayon.api).
[2026-08-04 09:01:12.567 +05:30  INF]  Executed DbCommand (11ms) [Parameters=[@userId='?' (Size = 450)], CommandType='"Text"', CommandTimeout='30']
SELECT TOP(1) [e].[EmployeeId], [e].[CreatedDate], [e].[DepartmentId], [e].[DesignationId], [e].[EmployeeCode], [e].[FirstName], [e].[IsActive], [e].[LastName], [e].[PhoneNumber], [e].[ReportingEmployeeId], [e].[ReportingToEmployeeId], [e].[UserId], [e].[WorkplaceId]
FROM [Employee] AS [e]
WHERE [e].[UserId] = @userId
[2026-08-04 09:01:12.622 +05:30  INF]  Executed DbCommand (42ms) [Parameters=[@employee_EmployeeId='?' (DbType = Int32)], CommandType='"Text"', CommandTimeout='30']
SELECT [a].[AttendanceId], [e].[EmployeeId], [e].[FirstName] + N' ' + [e].[LastName] AS [EmployeeName], [a].[AttendanceDate], [a].[CheckInTime], [a].[CheckOutTime], [a].[HoursWorked], [a].[AttendanceStatus], [a].[IsApproved]
FROM [Attendance] AS [a]
INNER JOIN [Employee] AS [e] ON [a].[EmployeeId] = [e].[EmployeeId]
WHERE [a].[EmployeeId] = @employee_EmployeeId
ORDER BY [a].[AttendanceDate] DESC
[2026-08-04 09:01:12.623 +05:30  INF]  Executing OkObjectResult, writing value of type 'Crayon.Entity.Common.Result`1[[System.Collections.Generic.List`1[[Crayon.Entity.Dto.AttendanceResponse, Crayon.Entity, Version=1.0.0.0, Culture=neutral, PublicKeyToken=null]], System.Private.CoreLib, Version=10.0.0.0, Culture=neutral, PublicKeyToken=7cec85d7bea7798e]]'.
[2026-08-04 09:01:12.627 +05:30  INF]  Executed action Crayon.Api.Controllers.AttendanceController.GetEmployeeAttendance (Crayon.api) in 102.0584ms
[2026-08-04 09:01:12.627 +05:30  INF]  Executed endpoint 'Crayon.Api.Controllers.AttendanceController.GetEmployeeAttendance (Crayon.api)'
[2026-08-04 09:01:12.627 +05:30  INF]  Request finished HTTP/1.1 GET http://localhost:5278/api/Attendance/GetEmployeeAttendance/0fab7b97-b751-4afc-8d80-073ffe50be25 - 200 null application/json; charset=utf-8 108.2652ms
[2026-08-04 09:49:48.100 +05:30  INF]  Request starting HTTP/1.1 GET http://localhost:5278/api/Employee/GetVisibleEmployees - null null
[2026-08-04 09:49:48.103 +05:30  INF]  Executing endpoint 'Crayon.api.Controllers.EmployeeController.GetVisibleEmployees (Crayon.api)'
[2026-08-04 09:49:48.140 +05:30  INF]  Route matched with {action = "GetVisibleEmployees", controller = "Employee"}. Executing controller action with signature System.Threading.Tasks.Task`1[Microsoft.AspNetCore.Mvc.IActionResult] GetVisibleEmployees() on controller Crayon.api.Controllers.EmployeeController (Crayon.api).
[2026-08-04 09:49:48.226 +05:30  INF]  Executed DbCommand (12ms) [Parameters=[@userId='?' (Size = 450)], CommandType='"Text"', CommandTimeout='30']
SELECT TOP(1) [e].[EmployeeId], [e].[CreatedDate], [e].[DepartmentId], [e].[DesignationId], [e].[EmployeeCode], [e].[FirstName], [e].[IsActive], [e].[LastName], [e].[PhoneNumber], [e].[ReportingEmployeeId], [e].[ReportingToEmployeeId], [e].[UserId], [e].[WorkplaceId]
FROM [Employee] AS [e]
WHERE [e].[UserId] = @userId
[2026-08-04 09:49:48.434 +05:30  INF]  Executed DbCommand (132ms) [Parameters=[@currentEmployee_EmployeeId='?' (DbType = Int32)], CommandType='"Text"', CommandTimeout='30']
SELECT [e].[EmployeeId], [e].[UserId], [e].[EmployeeCode], [e].[FirstName], [e].[LastName], [e].[FirstName] + N' ' + [e].[LastName] AS [FullName], [a].[Email], [e].[PhoneNumber], [d].[DepartmentId], [d].[DepartmentName], [d0].[DesignationId], [d0].[DesignationName], [w].[WorkplaceId], [w].[Name] AS [WorkplaceName], (
    SELECT TOP(1) [a1].[Name]
    FROM [AspNetUserRoles] AS [a0]
    INNER JOIN [AspNetRoles] AS [a1] ON [a0].[RoleId] = [a1].[Id]
    WHERE [a0].[UserId] = [a].[Id]) AS [RoleName], [e].[ReportingEmployeeId] AS [ReportingManagerId], CASE
    WHEN [e1].[EmployeeId] IS NOT NULL THEN COALESCE([e1].[FirstName], N'') + N' ' + COALESCE([e1].[LastName], N'')
    ELSE N''
END AS [ReportingManagerName], [e].[IsActive], [e].[CreatedDate]
FROM [Employee] AS [e]
INNER JOIN [Department] AS [d] ON [e].[DepartmentId] = [d].[DepartmentId]
INNER JOIN [Designation] AS [d0] ON [e].[DesignationId] = [d0].[DesignationId]
INNER JOIN [Workplace] AS [w] ON [e].[WorkplaceId] = [w].[WorkplaceId]
INNER JOIN [AspNetUsers] AS [a] ON [e].[UserId] = [a].[Id]
LEFT JOIN [Employee] AS [e1] ON [e].[ReportingEmployeeId] = [e1].[EmployeeId]
WHERE [e].[IsActive] = CAST(1 AS bit) AND ([e].[ReportingEmployeeId] = @currentEmployee_EmployeeId OR EXISTS (
    SELECT 1
    FROM [Employee] AS [e0]
    WHERE [e0].[EmployeeId] = [e].[ReportingEmployeeId] AND [e0].[ReportingEmployeeId] = @currentEmployee_EmployeeId))
[2026-08-04 09:49:48.436 +05:30  INF]  Executing OkObjectResult, writing value of type 'Crayon.Entity.Common.Result`1[[System.Collections.Generic.List`1[[Crayon.Entity.Dto.EmployeeResponse, Crayon.Entity, Version=1.0.0.0, Culture=neutral, PublicKeyToken=null]], System.Private.CoreLib, Version=10.0.0.0, Culture=neutral, PublicKeyToken=7cec85d7bea7798e]]'.
[2026-08-04 09:49:48.440 +05:30  INF]  Executed action Crayon.api.Controllers.EmployeeController.GetVisibleEmployees (Crayon.api) in 298.1467ms
[2026-08-04 09:49:48.440 +05:30  INF]  Executed endpoint 'Crayon.api.Controllers.EmployeeController.GetVisibleEmployees (Crayon.api)'
[2026-08-04 09:49:48.441 +05:30  INF]  Request finished HTTP/1.1 GET http://localhost:5278/api/Employee/GetVisibleEmployees - 200 null application/json; charset=utf-8 339.437ms
[2026-08-04 09:49:52.267 +05:30  INF]  Request starting HTTP/1.1 GET http://localhost:5278/api/Employee/GetMyTeam/0fab7b97-b751-4afc-8d80-073ffe50be25 - null null
[2026-08-04 09:49:52.270 +05:30  INF]  Executing endpoint 'Crayon.api.Controllers.EmployeeController.GetMyTeam (Crayon.api)'
[2026-08-04 09:49:52.271 +05:30  INF]  Route matched with {action = "GetMyTeam", controller = "Employee"}. Executing controller action with signature System.Threading.Tasks.Task`1[Microsoft.AspNetCore.Mvc.IActionResult] GetMyTeam(System.String) on controller Crayon.api.Controllers.EmployeeController (Crayon.api).
[2026-08-04 09:49:52.284 +05:30  INF]  Executed DbCommand (4ms) [Parameters=[@userId='?' (Size = 450)], CommandType='"Text"', CommandTimeout='30']
SELECT TOP(1) [e].[EmployeeId], [e].[CreatedDate], [e].[DepartmentId], [e].[DesignationId], [e].[EmployeeCode], [e].[FirstName], [e].[IsActive], [e].[LastName], [e].[PhoneNumber], [e].[ReportingEmployeeId], [e].[ReportingToEmployeeId], [e].[UserId], [e].[WorkplaceId]
FROM [Employee] AS [e]
WHERE [e].[UserId] = @userId
[2026-08-04 09:49:52.326 +05:30  INF]  Executed DbCommand (25ms) [Parameters=[@manager_EmployeeId='?' (DbType = Int32)], CommandType='"Text"', CommandTimeout='30']
SELECT [e].[EmployeeId], [e].[UserId], [e].[EmployeeCode], [e].[FirstName], [e].[LastName], [e].[FirstName] + N' ' + [e].[LastName] AS [FullName], [a].[Email], [e].[PhoneNumber], [d].[DepartmentName], [d0].[DesignationName], [e].[IsActive]
FROM [Employee] AS [e]
INNER JOIN [Department] AS [d] ON [e].[DepartmentId] = [d].[DepartmentId]
INNER JOIN [Designation] AS [d0] ON [e].[DesignationId] = [d0].[DesignationId]
INNER JOIN [AspNetUsers] AS [a] ON [e].[UserId] = [a].[Id]
WHERE [e].[ReportingEmployeeId] = @manager_EmployeeId AND [e].[IsActive] = CAST(1 AS bit)
[2026-08-04 09:49:52.328 +05:30  INF]  Executing OkObjectResult, writing value of type 'Crayon.Entity.Common.Result`1[[System.Collections.Generic.List`1[[Crayon.Entity.Dto.EmployeeResponse, Crayon.Entity, Version=1.0.0.0, Culture=neutral, PublicKeyToken=null]], System.Private.CoreLib, Version=10.0.0.0, Culture=neutral, PublicKeyToken=7cec85d7bea7798e]]'.
[2026-08-04 09:49:52.328 +05:30  INF]  Executed action Crayon.api.Controllers.EmployeeController.GetMyTeam (Crayon.api) in 56.6494ms
[2026-08-04 09:49:52.328 +05:30  INF]  Executed endpoint 'Crayon.api.Controllers.EmployeeController.GetMyTeam (Crayon.api)'
[2026-08-04 09:49:52.329 +05:30  INF]  Request finished HTTP/1.1 GET http://localhost:5278/api/Employee/GetMyTeam/0fab7b97-b751-4afc-8d80-073ffe50be25 - 200 null application/json; charset=utf-8 61.3191ms
[2026-08-04 09:49:54.043 +05:30  INF]  Request starting HTTP/1.1 GET http://localhost:5278/api/LeaveApplication/GetManagerLeaveApplications/0fab7b97-b751-4afc-8d80-073ffe50be25 - null null
[2026-08-04 09:49:54.049 +05:30  INF]  Executing endpoint 'Crayon.api.Controllers.LeaveApplicationController.GetManagerLeaveApplications (Crayon.api)'
[2026-08-04 09:49:54.049 +05:30  INF]  Route matched with {action = "GetManagerLeaveApplications", controller = "LeaveApplication"}. Executing controller action with signature System.Threading.Tasks.Task`1[Microsoft.AspNetCore.Mvc.IActionResult] GetManagerLeaveApplications(System.String) on controller Crayon.api.Controllers.LeaveApplicationController (Crayon.api).
[2026-08-04 09:49:54.059 +05:30  INF]  Executed DbCommand (5ms) [Parameters=[@managerUserId='?' (Size = 450)], CommandType='"Text"', CommandTimeout='30']
SELECT TOP(1) [e].[EmployeeId], [e].[CreatedDate], [e].[DepartmentId], [e].[DesignationId], [e].[EmployeeCode], [e].[FirstName], [e].[IsActive], [e].[LastName], [e].[PhoneNumber], [e].[ReportingEmployeeId], [e].[ReportingToEmployeeId], [e].[UserId], [e].[WorkplaceId]
FROM [Employee] AS [e]
WHERE [e].[UserId] = @managerUserId
[2026-08-04 09:49:54.079 +05:30  INF]  Executed DbCommand (15ms) [Parameters=[@manager_EmployeeId='?' (DbType = Int32)], CommandType='"Text"', CommandTimeout='30']
SELECT [l].[LeaveApplicationId], [e].[FirstName] + N' ' + [e].[LastName] AS [EmployeeName], [l0].[LeaveName], [l].[FromDate], [l].[ToDate], [l].[TotalDays], [l].[Reason], [l].[Status], [l].[AppliedDate]
FROM [LeaveApplication] AS [l]
INNER JOIN [Employee] AS [e] ON [l].[EmployeeId] = [e].[EmployeeId]
INNER JOIN [LeaveType] AS [l0] ON [l].[LeaveTypeId] = [l0].[LeaveTypeId]
WHERE [e].[ReportingEmployeeId] = @manager_EmployeeId
[2026-08-04 09:49:54.080 +05:30  INF]  Executing OkObjectResult, writing value of type 'Crayon.Entity.Common.Result`1[[System.Collections.Generic.List`1[[Crayon.Entity.Dto.LeaveApplicationResponse, Crayon.Entity, Version=1.0.0.0, Culture=neutral, PublicKeyToken=null]], System.Private.CoreLib, Version=10.0.0.0, Culture=neutral, PublicKeyToken=7cec85d7bea7798e]]'.
[2026-08-04 09:49:54.080 +05:30  INF]  Executed action Crayon.api.Controllers.LeaveApplicationController.GetManagerLeaveApplications (Crayon.api) in 30.7739ms
[2026-08-04 09:49:54.080 +05:30  INF]  Executed endpoint 'Crayon.api.Controllers.LeaveApplicationController.GetManagerLeaveApplications (Crayon.api)'
[2026-08-04 09:49:54.081 +05:30  INF]  Request finished HTTP/1.1 GET http://localhost:5278/api/LeaveApplication/GetManagerLeaveApplications/0fab7b97-b751-4afc-8d80-073ffe50be25 - 200 null application/json; charset=utf-8 37.5021ms
[2026-08-04 09:49:55.424 +05:30  INF]  Request starting HTTP/1.1 GET http://localhost:5278/api/Attendance/GetAllAttendance - null null
[2026-08-04 09:49:55.426 +05:30  INF]  Executing endpoint 'Crayon.Api.Controllers.AttendanceController.GetAllAttendance (Crayon.api)'
[2026-08-04 09:49:55.427 +05:30  INF]  Route matched with {action = "GetAllAttendance", controller = "Attendance"}. Executing controller action with signature System.Threading.Tasks.Task`1[Microsoft.AspNetCore.Mvc.IActionResult] GetAllAttendance() on controller Crayon.Api.Controllers.AttendanceController (Crayon.api).
[2026-08-04 09:49:55.463 +05:30  INF]  Executed DbCommand (24ms) [Parameters=[], CommandType='"Text"', CommandTimeout='30']
SELECT [a].[AttendanceId], [e].[EmployeeId], [e].[FirstName] + N' ' + [e].[LastName] AS [EmployeeName], [a].[AttendanceDate], [a].[CheckInTime], [a].[CheckOutTime], [a].[HoursWorked], [a].[AttendanceStatus], [a].[IsApproved]
FROM [Attendance] AS [a]
INNER JOIN [Employee] AS [e] ON [a].[EmployeeId] = [e].[EmployeeId]
[2026-08-04 09:49:55.464 +05:30  INF]  Executing OkObjectResult, writing value of type 'Crayon.Entity.Common.Result`1[[System.Collections.Generic.List`1[[Crayon.Entity.Dto.AttendanceResponse, Crayon.Entity, Version=1.0.0.0, Culture=neutral, PublicKeyToken=null]], System.Private.CoreLib, Version=10.0.0.0, Culture=neutral, PublicKeyToken=7cec85d7bea7798e]]'.
[2026-08-04 09:49:55.476 +05:30  INF]  Executed action Crayon.Api.Controllers.AttendanceController.GetAllAttendance (Crayon.api) in 48.3255ms
[2026-08-04 09:49:55.476 +05:30  INF]  Executed endpoint 'Crayon.Api.Controllers.AttendanceController.GetAllAttendance (Crayon.api)'
[2026-08-04 09:49:55.476 +05:30  INF]  Request finished HTTP/1.1 GET http://localhost:5278/api/Attendance/GetAllAttendance - 200 null application/json; charset=utf-8 52.4384ms
[2026-08-04 09:49:58.668 +05:30  INF]  Request starting HTTP/1.1 GET http://localhost:5278/api/LeaveApplication/GetManagerLeaveApplications/0fab7b97-b751-4afc-8d80-073ffe50be25 - null null
[2026-08-04 09:49:58.668 +05:30  INF]  Executing endpoint 'Crayon.api.Controllers.LeaveApplicationController.GetManagerLeaveApplications (Crayon.api)'
[2026-08-04 09:49:58.669 +05:30  INF]  Route matched with {action = "GetManagerLeaveApplications", controller = "LeaveApplication"}. Executing controller action with signature System.Threading.Tasks.Task`1[Microsoft.AspNetCore.Mvc.IActionResult] GetManagerLeaveApplications(System.String) on controller Crayon.api.Controllers.LeaveApplicationController (Crayon.api).
[2026-08-04 09:49:58.673 +05:30  INF]  Executed DbCommand (1ms) [Parameters=[@managerUserId='?' (Size = 450)], CommandType='"Text"', CommandTimeout='30']
SELECT TOP(1) [e].[EmployeeId], [e].[CreatedDate], [e].[DepartmentId], [e].[DesignationId], [e].[EmployeeCode], [e].[FirstName], [e].[IsActive], [e].[LastName], [e].[PhoneNumber], [e].[ReportingEmployeeId], [e].[ReportingToEmployeeId], [e].[UserId], [e].[WorkplaceId]
FROM [Employee] AS [e]
WHERE [e].[UserId] = @managerUserId
[2026-08-04 09:49:58.678 +05:30  INF]  Executed DbCommand (1ms) [Parameters=[@manager_EmployeeId='?' (DbType = Int32)], CommandType='"Text"', CommandTimeout='30']
SELECT [l].[LeaveApplicationId], [e].[FirstName] + N' ' + [e].[LastName] AS [EmployeeName], [l0].[LeaveName], [l].[FromDate], [l].[ToDate], [l].[TotalDays], [l].[Reason], [l].[Status], [l].[AppliedDate]
FROM [LeaveApplication] AS [l]
INNER JOIN [Employee] AS [e] ON [l].[EmployeeId] = [e].[EmployeeId]
INNER JOIN [LeaveType] AS [l0] ON [l].[LeaveTypeId] = [l0].[LeaveTypeId]
WHERE [e].[ReportingEmployeeId] = @manager_EmployeeId
[2026-08-04 09:49:58.678 +05:30  INF]  Executing OkObjectResult, writing value of type 'Crayon.Entity.Common.Result`1[[System.Collections.Generic.List`1[[Crayon.Entity.Dto.LeaveApplicationResponse, Crayon.Entity, Version=1.0.0.0, Culture=neutral, PublicKeyToken=null]], System.Private.CoreLib, Version=10.0.0.0, Culture=neutral, PublicKeyToken=7cec85d7bea7798e]]'.
[2026-08-04 09:49:58.679 +05:30  INF]  Executed action Crayon.api.Controllers.LeaveApplicationController.GetManagerLeaveApplications (Crayon.api) in 10.0126ms
[2026-08-04 09:49:58.679 +05:30  INF]  Executed endpoint 'Crayon.api.Controllers.LeaveApplicationController.GetManagerLeaveApplications (Crayon.api)'
[2026-08-04 09:49:58.679 +05:30  INF]  Request finished HTTP/1.1 GET http://localhost:5278/api/LeaveApplication/GetManagerLeaveApplications/0fab7b97-b751-4afc-8d80-073ffe50be25 - 200 null application/json; charset=utf-8 11.5883ms
[2026-08-04 09:49:58.912 +05:30  INF]  Request starting HTTP/1.1 GET http://localhost:5278/api/Attendance/GetEmployeeAttendance/0fab7b97-b751-4afc-8d80-073ffe50be25 - null null
[2026-08-04 09:49:58.913 +05:30  INF]  Executing endpoint 'Crayon.Api.Controllers.AttendanceController.GetEmployeeAttendance (Crayon.api)'
[2026-08-04 09:49:58.913 +05:30  INF]  Route matched with {action = "GetEmployeeAttendance", controller = "Attendance"}. Executing controller action with signature System.Threading.Tasks.Task`1[Microsoft.AspNetCore.Mvc.IActionResult] GetEmployeeAttendance(System.String) on controller Crayon.Api.Controllers.AttendanceController (Crayon.api).
[2026-08-04 09:49:58.924 +05:30  INF]  Executed DbCommand (2ms) [Parameters=[@userId='?' (Size = 450)], CommandType='"Text"', CommandTimeout='30']
SELECT TOP(1) [e].[EmployeeId], [e].[CreatedDate], [e].[DepartmentId], [e].[DesignationId], [e].[EmployeeCode], [e].[FirstName], [e].[IsActive], [e].[LastName], [e].[PhoneNumber], [e].[ReportingEmployeeId], [e].[ReportingToEmployeeId], [e].[UserId], [e].[WorkplaceId]
FROM [Employee] AS [e]
WHERE [e].[UserId] = @userId
[2026-08-04 09:49:58.952 +05:30  INF]  Executed DbCommand (23ms) [Parameters=[@employee_EmployeeId='?' (DbType = Int32)], CommandType='"Text"', CommandTimeout='30']
SELECT [a].[AttendanceId], [e].[EmployeeId], [e].[FirstName] + N' ' + [e].[LastName] AS [EmployeeName], [a].[AttendanceDate], [a].[CheckInTime], [a].[CheckOutTime], [a].[HoursWorked], [a].[AttendanceStatus], [a].[IsApproved]
FROM [Attendance] AS [a]
INNER JOIN [Employee] AS [e] ON [a].[EmployeeId] = [e].[EmployeeId]
WHERE [a].[EmployeeId] = @employee_EmployeeId
ORDER BY [a].[AttendanceDate] DESC
[2026-08-04 09:49:58.954 +05:30  INF]  Executing OkObjectResult, writing value of type 'Crayon.Entity.Common.Result`1[[System.Collections.Generic.List`1[[Crayon.Entity.Dto.AttendanceResponse, Crayon.Entity, Version=1.0.0.0, Culture=neutral, PublicKeyToken=null]], System.Private.CoreLib, Version=10.0.0.0, Culture=neutral, PublicKeyToken=7cec85d7bea7798e]]'.
[2026-08-04 09:49:58.954 +05:30  INF]  Executed action Crayon.Api.Controllers.AttendanceController.GetEmployeeAttendance (Crayon.api) in 41.1082ms
[2026-08-04 09:49:58.955 +05:30  INF]  Executed endpoint 'Crayon.Api.Controllers.AttendanceController.GetEmployeeAttendance (Crayon.api)'
[2026-08-04 09:49:59.004 +05:30  INF]  Request finished HTTP/1.1 GET http://localhost:5278/api/Attendance/GetEmployeeAttendance/0fab7b97-b751-4afc-8d80-073ffe50be25 - 200 null application/json; charset=utf-8 91.9635ms
[2026-08-04 09:57:26.088 +05:30  INF]  Executed DbCommand (380ms) [Parameters=[@normalizedName='?' (Size = 256)], CommandType='"Text"', CommandTimeout='30']
SELECT TOP(1) [a].[Id], [a].[ConcurrencyStamp], [a].[Name], [a].[NormalizedName]
FROM [AspNetRoles] AS [a]
WHERE [a].[NormalizedName] = @normalizedName
[2026-08-04 09:57:26.674 +05:30  INF]  Executed DbCommand (23ms) [Parameters=[@normalizedUserName='?' (Size = 256)], CommandType='"Text"', CommandTimeout='30']
SELECT TOP(1) [a].[Id], [a].[AccessFailedCount], [a].[ConcurrencyStamp], [a].[Email], [a].[EmailConfirmed], [a].[LockoutEnabled], [a].[LockoutEnd], [a].[NormalizedEmail], [a].[NormalizedUserName], [a].[PasswordHash], [a].[PhoneNumber], [a].[PhoneNumberConfirmed], [a].[SecurityStamp], [a].[TwoFactorEnabled], [a].[UserName]
FROM [AspNetUsers] AS [a]
WHERE [a].[NormalizedUserName] = @normalizedUserName
[2026-08-04 09:57:27.059 +05:30  INF]  Executed DbCommand (3ms) [Parameters=[@normalizedUserName='?' (Size = 256)], CommandType='"Text"', CommandTimeout='30']
SELECT TOP(1) [a].[Id], [a].[AccessFailedCount], [a].[ConcurrencyStamp], [a].[Email], [a].[EmailConfirmed], [a].[LockoutEnabled], [a].[LockoutEnd], [a].[NormalizedEmail], [a].[NormalizedUserName], [a].[PasswordHash], [a].[PhoneNumber], [a].[PhoneNumberConfirmed], [a].[SecurityStamp], [a].[TwoFactorEnabled], [a].[UserName]
FROM [AspNetUsers] AS [a]
WHERE [a].[NormalizedUserName] = @normalizedUserName
[2026-08-04 09:57:27.259 +05:30  INF]  Executed DbCommand (6ms) [Parameters=[@normalizedRoleName='?' (Size = 256)], CommandType='"Text"', CommandTimeout='30']
SELECT TOP(2) [a].[Id], [a].[ConcurrencyStamp], [a].[Name], [a].[NormalizedName]
FROM [AspNetRoles] AS [a]
WHERE [a].[NormalizedName] = @normalizedRoleName
[2026-08-04 09:57:27.429 +05:30  INF]  Executed DbCommand (5ms) [Parameters=[@p='?' (Size = 450), @p1='?' (Size = 450)], CommandType='"Text"', CommandTimeout='30']
SELECT TOP(1) [a].[UserId], [a].[RoleId]
FROM [AspNetUserRoles] AS [a]
WHERE [a].[UserId] = @p AND [a].[RoleId] = @p1
[2026-08-04 09:57:27.448 +05:30  INF]  Executed DbCommand (4ms) [Parameters=[@normalizedRoleName='?' (Size = 256)], CommandType='"Text"', CommandTimeout='30']
SELECT TOP(2) [a].[Id], [a].[ConcurrencyStamp], [a].[Name], [a].[NormalizedName]
FROM [AspNetRoles] AS [a]
WHERE [a].[NormalizedName] = @normalizedRoleName
[2026-08-04 09:57:27.576 +05:30  INF]  Executed DbCommand (2ms) [Parameters=[@normalizedUserName='?' (Size = 256)], CommandType='"Text"', CommandTimeout='30']
SELECT TOP(1) [a].[Id], [a].[AccessFailedCount], [a].[ConcurrencyStamp], [a].[Email], [a].[EmailConfirmed], [a].[LockoutEnabled], [a].[LockoutEnd], [a].[NormalizedEmail], [a].[NormalizedUserName], [a].[PasswordHash], [a].[PhoneNumber], [a].[PhoneNumberConfirmed], [a].[SecurityStamp], [a].[TwoFactorEnabled], [a].[UserName]
FROM [AspNetUsers] AS [a]
WHERE [a].[NormalizedUserName] = @normalizedUserName
[2026-08-04 09:57:28.956 +05:30  INF]  User profile is available. Using 'C:\Users\adrija.ani\AppData\Local\ASP.NET\DataProtection-Keys' as key repository and Windows DPAPI to encrypt keys at rest.
[2026-08-04 09:57:30.399 +05:30  INF]  Now listening on: http://localhost:5278
[2026-08-04 09:57:30.703 +05:30  INF]  Application started. Press Ctrl+C to shut down.
[2026-08-04 09:57:30.706 +05:30  INF]  Hosting environment: Development
[2026-08-04 09:57:30.709 +05:30  INF]  Content root path: C:\Users\adrija.ani\Downloads\Project\Crayon\Crayon.api\Crayon.api
[2026-08-04 09:57:32.943 +05:30  INF]  Request starting HTTP/1.1 GET http://localhost:5278/swagger/index.html - null null
[2026-08-04 09:57:34.557 +05:30  INF]  Request finished HTTP/1.1 GET http://localhost:5278/swagger/index.html - 200 null text/html;charset=utf-8 1653.0192ms
[2026-08-04 09:57:34.677 +05:30  INF]  Request starting HTTP/1.1 GET http://localhost:5278/swagger/index.js - null null
[2026-08-04 09:57:34.689 +05:30  INF]  Request finished HTTP/1.1 GET http://localhost:5278/swagger/index.js - 200 null application/javascript;charset=utf-8 13.3538ms
[2026-08-04 09:57:34.728 +05:30  INF]  Request starting HTTP/1.1 GET http://localhost:5278/_framework/aspnetcore-browser-refresh.js - null null
[2026-08-04 09:57:34.741 +05:30  INF]  Request starting HTTP/1.1 GET http://localhost:5278/_vs/browserLink - null null
[2026-08-04 09:57:34.745 +05:30  INF]  Request finished HTTP/1.1 GET http://localhost:5278/_framework/aspnetcore-browser-refresh.js - 200 14925 application/javascript; charset=utf-8 16.6155ms
[2026-08-04 09:57:35.042 +05:30  INF]  Request finished HTTP/1.1 GET http://localhost:5278/_vs/browserLink - 200 null text/javascript; charset=UTF-8 300.7148ms
[2026-08-04 09:57:35.614 +05:30  INF]  Request starting HTTP/1.1 GET http://localhost:5278/swagger/v1/swagger.json - null null
[2026-08-04 09:57:35.735 +05:30  INF]  Request finished HTTP/1.1 GET http://localhost:5278/swagger/v1/swagger.json - 200 null application/json;charset=utf-8 120.9162ms
[2026-08-04 10:04:25.117 +05:30  INF]  Request starting HTTP/1.1 GET http://localhost:5278/api/LeaveApplication/GetManagerLeaveApplications/0fab7b97-b751-4afc-8d80-073ffe50be25 - null null
[2026-08-04 10:04:26.763 +05:30  INF]  Executing endpoint 'Crayon.api.Controllers.LeaveApplicationController.GetManagerLeaveApplications (Crayon.api)'
[2026-08-04 10:04:26.908 +05:30  INF]  Route matched with {action = "GetManagerLeaveApplications", controller = "LeaveApplication"}. Executing controller action with signature System.Threading.Tasks.Task`1[Microsoft.AspNetCore.Mvc.IActionResult] GetManagerLeaveApplications(System.String) on controller Crayon.api.Controllers.LeaveApplicationController (Crayon.api).
[2026-08-04 10:04:27.440 +05:30  INF]  Executed DbCommand (12ms) [Parameters=[@managerUserId='?' (Size = 450)], CommandType='"Text"', CommandTimeout='30']
SELECT TOP(1) [e].[EmployeeId], [e].[CreatedDate], [e].[DepartmentId], [e].[DesignationId], [e].[EmployeeCode], [e].[FirstName], [e].[IsActive], [e].[LastName], [e].[PhoneNumber], [e].[ReportingEmployeeId], [e].[ReportingToEmployeeId], [e].[UserId], [e].[WorkplaceId]
FROM [Employee] AS [e]
WHERE [e].[UserId] = @managerUserId
[2026-08-04 10:04:28.053 +05:30  INF]  Executed DbCommand (27ms) [Parameters=[@manager_EmployeeId='?' (DbType = Int32)], CommandType='"Text"', CommandTimeout='30']
SELECT [l].[LeaveApplicationId], [e].[FirstName] + N' ' + [e].[LastName] AS [EmployeeName], [l0].[LeaveName], [l].[FromDate], [l].[ToDate], [l].[TotalDays], [l].[Reason], [l].[Status], [l].[AppliedDate]
FROM [LeaveApplication] AS [l]
INNER JOIN [Employee] AS [e] ON [l].[EmployeeId] = [e].[EmployeeId]
INNER JOIN [LeaveType] AS [l0] ON [l].[LeaveTypeId] = [l0].[LeaveTypeId]
WHERE [e].[ReportingEmployeeId] = @manager_EmployeeId
[2026-08-04 10:04:28.112 +05:30  INF]  Executing OkObjectResult, writing value of type 'Crayon.Entity.Common.Result`1[[System.Collections.Generic.List`1[[Crayon.Entity.Dto.LeaveApplicationResponse, Crayon.Entity, Version=1.0.0.0, Culture=neutral, PublicKeyToken=null]], System.Private.CoreLib, Version=10.0.0.0, Culture=neutral, PublicKeyToken=7cec85d7bea7798e]]'.
[2026-08-04 10:04:28.237 +05:30  INF]  Executed action Crayon.api.Controllers.LeaveApplicationController.GetManagerLeaveApplications (Crayon.api) in 1303.166ms
[2026-08-04 10:04:28.241 +05:30  INF]  Executed endpoint 'Crayon.api.Controllers.LeaveApplicationController.GetManagerLeaveApplications (Crayon.api)'
[2026-08-04 10:04:28.272 +05:30  INF]  Request finished HTTP/1.1 GET http://localhost:5278/api/LeaveApplication/GetManagerLeaveApplications/0fab7b97-b751-4afc-8d80-073ffe50be25 - 200 null application/json; charset=utf-8 3158.9125ms
[2026-08-04 10:04:30.868 +05:30  INF]  Request starting HTTP/1.1 GET http://localhost:5278/api/Attendance/GetEmployeeAttendance/0fab7b97-b751-4afc-8d80-073ffe50be25 - null null
[2026-08-04 10:04:30.882 +05:30  INF]  Executing endpoint 'Crayon.Api.Controllers.AttendanceController.GetEmployeeAttendance (Crayon.api)'
[2026-08-04 10:04:30.912 +05:30  INF]  Route matched with {action = "GetEmployeeAttendance", controller = "Attendance"}. Executing controller action with signature System.Threading.Tasks.Task`1[Microsoft.AspNetCore.Mvc.IActionResult] GetEmployeeAttendance(System.String) on controller Crayon.Api.Controllers.AttendanceController (Crayon.api).
[2026-08-04 10:04:31.059 +05:30  INF]  Executed DbCommand (6ms) [Parameters=[@userId='?' (Size = 450)], CommandType='"Text"', CommandTimeout='30']
SELECT TOP(1) [e].[EmployeeId], [e].[CreatedDate], [e].[DepartmentId], [e].[DesignationId], [e].[EmployeeCode], [e].[FirstName], [e].[IsActive], [e].[LastName], [e].[PhoneNumber], [e].[ReportingEmployeeId], [e].[ReportingToEmployeeId], [e].[UserId], [e].[WorkplaceId]
FROM [Employee] AS [e]
WHERE [e].[UserId] = @userId
[2026-08-04 10:04:31.138 +05:30  INF]  Executed DbCommand (13ms) [Parameters=[@employee_EmployeeId='?' (DbType = Int32)], CommandType='"Text"', CommandTimeout='30']
SELECT [a].[AttendanceId], [e].[EmployeeId], [e].[FirstName] + N' ' + [e].[LastName] AS [EmployeeName], [a].[AttendanceDate], [a].[CheckInTime], [a].[CheckOutTime], [a].[HoursWorked], [a].[AttendanceStatus], [a].[IsApproved]
FROM [Attendance] AS [a]
INNER JOIN [Employee] AS [e] ON [a].[EmployeeId] = [e].[EmployeeId]
WHERE [a].[EmployeeId] = @employee_EmployeeId
ORDER BY [a].[AttendanceDate] DESC
[2026-08-04 10:04:31.168 +05:30  INF]  Executing OkObjectResult, writing value of type 'Crayon.Entity.Common.Result`1[[System.Collections.Generic.List`1[[Crayon.Entity.Dto.AttendanceResponse, Crayon.Entity, Version=1.0.0.0, Culture=neutral, PublicKeyToken=null]], System.Private.CoreLib, Version=10.0.0.0, Culture=neutral, PublicKeyToken=7cec85d7bea7798e]]'.
[2026-08-04 10:04:31.319 +05:30  INF]  Executed action Crayon.Api.Controllers.AttendanceController.GetEmployeeAttendance (Crayon.api) in 406.5946ms
[2026-08-04 10:04:31.320 +05:30  INF]  Executed endpoint 'Crayon.Api.Controllers.AttendanceController.GetEmployeeAttendance (Crayon.api)'
[2026-08-04 10:04:31.321 +05:30  INF]  Request finished HTTP/1.1 GET http://localhost:5278/api/Attendance/GetEmployeeAttendance/0fab7b97-b751-4afc-8d80-073ffe50be25 - 200 null application/json; charset=utf-8 453.408ms
[2026-08-04 10:43:18.059 +05:30  INF]  Request starting HTTP/1.1 POST http://localhost:5278/api/Employee/Login - application/json; charset=utf-8 54
[2026-08-04 10:43:18.148 +05:30  INF]  Executing endpoint 'Crayon.api.Controllers.EmployeeController.Login (Crayon.api)'
[2026-08-04 10:43:18.295 +05:30  INF]  Route matched with {action = "Login", controller = "Employee"}. Executing controller action with signature System.Threading.Tasks.Task`1[Microsoft.AspNetCore.Mvc.IActionResult] Login(Crayon.Entity.Dto.UserRequest) on controller Crayon.api.Controllers.EmployeeController (Crayon.api).
[2026-08-04 10:43:18.715 +05:30  INF]  Executed DbCommand (25ms) [Parameters=[@normalizedEmail='?' (Size = 256)], CommandType='"Text"', CommandTimeout='30']
SELECT TOP(2) [a].[Id], [a].[AccessFailedCount], [a].[ConcurrencyStamp], [a].[Email], [a].[EmailConfirmed], [a].[LockoutEnabled], [a].[LockoutEnd], [a].[NormalizedEmail], [a].[NormalizedUserName], [a].[PasswordHash], [a].[PhoneNumber], [a].[PhoneNumberConfirmed], [a].[SecurityStamp], [a].[TwoFactorEnabled], [a].[UserName]
FROM [AspNetUsers] AS [a]
WHERE [a].[NormalizedEmail] = @normalizedEmail
[2026-08-04 10:43:19.161 +05:30  INF]  Executed DbCommand (16ms) [Parameters=[@userId='?' (Size = 450)], CommandType='"Text"', CommandTimeout='30']
SELECT [a0].[Name]
FROM [AspNetUserRoles] AS [a]
INNER JOIN [AspNetRoles] AS [a0] ON [a].[RoleId] = [a0].[Id]
WHERE [a].[UserId] = @userId
[2026-08-04 10:43:19.249 +05:30  INF]  Executing OkObjectResult, writing value of type 'Crayon.Entity.Common.Result`1[[Crayon.Entity.Dto.UserResponse, Crayon.Entity, Version=1.0.0.0, Culture=neutral, PublicKeyToken=null]]'.
[2026-08-04 10:43:19.277 +05:30  INF]  Executed action Crayon.api.Controllers.EmployeeController.Login (Crayon.api) in 980.8133ms
[2026-08-04 10:43:19.279 +05:30  INF]  Executed endpoint 'Crayon.api.Controllers.EmployeeController.Login (Crayon.api)'
[2026-08-04 10:43:19.280 +05:30  INF]  Request finished HTTP/1.1 POST http://localhost:5278/api/Employee/Login - 200 null application/json; charset=utf-8 1234.6309ms
[2026-08-04 10:43:19.700 +05:30  INF]  Request starting HTTP/1.1 GET http://localhost:5278/api/Dashboard/GetEmployeeCount - null null
[2026-08-04 10:43:19.705 +05:30  INF]  Executing endpoint 'Crayon.api.Controllers.DashboardController.GetEmployeeCount (Crayon.api)'
[2026-08-04 10:43:19.746 +05:30  INF]  Route matched with {action = "GetEmployeeCount", controller = "Dashboard"}. Executing controller action with signature System.Threading.Tasks.Task`1[Microsoft.AspNetCore.Mvc.IActionResult] GetEmployeeCount() on controller Crayon.api.Controllers.DashboardController (Crayon.api).
[2026-08-04 10:43:19.937 +05:30  INF]  Executed DbCommand (20ms) [Parameters=[], CommandType='"Text"', CommandTimeout='30']
SELECT COUNT(*)
FROM [Employee] AS [e]
[2026-08-04 10:43:19.982 +05:30  INF]  Executing OkObjectResult, writing value of type 'System.Int32'.
[2026-08-04 10:43:19.987 +05:30  INF]  Executed action Crayon.api.Controllers.DashboardController.GetEmployeeCount (Crayon.api) in 240.3026ms
[2026-08-04 10:43:19.988 +05:30  INF]  Executed endpoint 'Crayon.api.Controllers.DashboardController.GetEmployeeCount (Crayon.api)'
[2026-08-04 10:43:19.990 +05:30  INF]  Request finished HTTP/1.1 GET http://localhost:5278/api/Dashboard/GetEmployeeCount - 200 null application/json; charset=utf-8 289.3415ms
[2026-08-04 10:43:20.020 +05:30  INF]  Request starting HTTP/1.1 GET http://localhost:5278/api/Dashboard/GetDepartmentCount - null null
[2026-08-04 10:43:20.030 +05:30  INF]  Executing endpoint 'Crayon.api.Controllers.DashboardController.GetDepartmentCount (Crayon.api)'
[2026-08-04 10:43:20.077 +05:30  INF]  Route matched with {action = "GetDepartmentCount", controller = "Dashboard"}. Executing controller action with signature System.Threading.Tasks.Task`1[Microsoft.AspNetCore.Mvc.IActionResult] GetDepartmentCount() on controller Crayon.api.Controllers.DashboardController (Crayon.api).
[2026-08-04 10:43:20.103 +05:30  INF]  Executed DbCommand (5ms) [Parameters=[], CommandType='"Text"', CommandTimeout='30']
SELECT COUNT(*)
FROM [Department] AS [d]
[2026-08-04 10:43:20.105 +05:30  INF]  Executing OkObjectResult, writing value of type 'System.Int32'.
[2026-08-04 10:43:20.106 +05:30  INF]  Executed action Crayon.api.Controllers.DashboardController.GetDepartmentCount (Crayon.api) in 27.925ms
[2026-08-04 10:43:20.106 +05:30  INF]  Executed endpoint 'Crayon.api.Controllers.DashboardController.GetDepartmentCount (Crayon.api)'
[2026-08-04 10:43:20.107 +05:30  INF]  Request finished HTTP/1.1 GET http://localhost:5278/api/Dashboard/GetDepartmentCount - 200 null application/json; charset=utf-8 87.2725ms
[2026-08-04 10:43:20.125 +05:30  INF]  Request starting HTTP/1.1 GET http://localhost:5278/api/Dashboard/GetProjectCount - null null
[2026-08-04 10:43:20.127 +05:30  INF]  Executing endpoint 'Crayon.api.Controllers.DashboardController.GetProjectCount (Crayon.api)'
[2026-08-04 10:43:20.162 +05:30  INF]  Route matched with {action = "GetProjectCount", controller = "Dashboard"}. Executing controller action with signature System.Threading.Tasks.Task`1[Microsoft.AspNetCore.Mvc.IActionResult] GetProjectCount() on controller Crayon.api.Controllers.DashboardController (Crayon.api).
[2026-08-04 10:43:20.278 +05:30  INF]  Executed DbCommand (17ms) [Parameters=[], CommandType='"Text"', CommandTimeout='30']
SELECT COUNT(*)
FROM [Project] AS [p]
[2026-08-04 10:43:20.280 +05:30  INF]  Executing OkObjectResult, writing value of type 'System.Int32'.
[2026-08-04 10:43:20.281 +05:30  INF]  Executed action Crayon.api.Controllers.DashboardController.GetProjectCount (Crayon.api) in 118.1506ms
[2026-08-04 10:43:20.282 +05:30  INF]  Executed endpoint 'Crayon.api.Controllers.DashboardController.GetProjectCount (Crayon.api)'
[2026-08-04 10:43:20.285 +05:30  INF]  Request finished HTTP/1.1 GET http://localhost:5278/api/Dashboard/GetProjectCount - 200 null application/json; charset=utf-8 159.6985ms
[2026-08-04 10:43:20.321 +05:30  INF]  Request starting HTTP/1.1 GET http://localhost:5278/api/Dashboard/GetPendingLeaveCount - null null
[2026-08-04 10:43:20.326 +05:30  INF]  Executing endpoint 'Crayon.api.Controllers.DashboardController.GetPendingLeaveCount (Crayon.api)'
[2026-08-04 10:43:20.368 +05:30  INF]  Route matched with {action = "GetPendingLeaveCount", controller = "Dashboard"}. Executing controller action with signature System.Threading.Tasks.Task`1[Microsoft.AspNetCore.Mvc.IActionResult] GetPendingLeaveCount() on controller Crayon.api.Controllers.DashboardController (Crayon.api).
[2026-08-04 10:43:20.440 +05:30  INF]  Executed DbCommand (29ms) [Parameters=[], CommandType='"Text"', CommandTimeout='30']
SELECT COUNT(*)
FROM [LeaveApplication] AS [l]
WHERE [l].[Status] = N'Pending'
[2026-08-04 10:43:20.447 +05:30  INF]  Executing OkObjectResult, writing value of type 'System.Int32'.
[2026-08-04 10:43:20.447 +05:30  INF]  Executed action Crayon.api.Controllers.DashboardController.GetPendingLeaveCount (Crayon.api) in 78.9821ms
[2026-08-04 10:43:20.452 +05:30  INF]  Executed endpoint 'Crayon.api.Controllers.DashboardController.GetPendingLeaveCount (Crayon.api)'
[2026-08-04 10:43:20.453 +05:30  INF]  Request finished HTTP/1.1 GET http://localhost:5278/api/Dashboard/GetPendingLeaveCount - 200 null application/json; charset=utf-8 132.5463ms
[2026-08-04 10:43:23.161 +05:30  INF]  Request starting HTTP/1.1 GET http://localhost:5278/api/Employee/GetVisibleEmployees - null null
[2026-08-04 10:43:23.170 +05:30  INF]  Executing endpoint 'Crayon.api.Controllers.EmployeeController.GetVisibleEmployees (Crayon.api)'
[2026-08-04 10:43:23.209 +05:30  INF]  Route matched with {action = "GetVisibleEmployees", controller = "Employee"}. Executing controller action with signature System.Threading.Tasks.Task`1[Microsoft.AspNetCore.Mvc.IActionResult] GetVisibleEmployees() on controller Crayon.api.Controllers.EmployeeController (Crayon.api).
[2026-08-04 10:43:23.289 +05:30  INF]  Executed DbCommand (7ms) [Parameters=[@userId='?' (Size = 450)], CommandType='"Text"', CommandTimeout='30']
SELECT TOP(1) [e].[EmployeeId], [e].[CreatedDate], [e].[DepartmentId], [e].[DesignationId], [e].[EmployeeCode], [e].[FirstName], [e].[IsActive], [e].[LastName], [e].[PhoneNumber], [e].[ReportingEmployeeId], [e].[ReportingToEmployeeId], [e].[UserId], [e].[WorkplaceId]
FROM [Employee] AS [e]
WHERE [e].[UserId] = @userId
[2026-08-04 10:43:23.669 +05:30  INF]  Executed DbCommand (138ms) [Parameters=[], CommandType='"Text"', CommandTimeout='30']
SELECT [e].[EmployeeId], [e].[UserId], [e].[EmployeeCode], [e].[FirstName], [e].[LastName], [e].[FirstName] + N' ' + [e].[LastName] AS [FullName], [a].[Email], [e].[PhoneNumber], [d].[DepartmentId], [d].[DepartmentName], [d0].[DesignationId], [d0].[DesignationName], [w].[WorkplaceId], [w].[Name] AS [WorkplaceName], (
    SELECT TOP(1) [a1].[Name]
    FROM [AspNetUserRoles] AS [a0]
    INNER JOIN [AspNetRoles] AS [a1] ON [a0].[RoleId] = [a1].[Id]
    WHERE [a0].[UserId] = [a].[Id]) AS [RoleName], [e].[ReportingEmployeeId] AS [ReportingManagerId], CASE
    WHEN [e0].[EmployeeId] IS NOT NULL THEN COALESCE([e0].[FirstName], N'') + N' ' + COALESCE([e0].[LastName], N'')
    ELSE N''
END AS [ReportingManagerName], [e].[IsActive], [e].[CreatedDate]
FROM [Employee] AS [e]
INNER JOIN [Department] AS [d] ON [e].[DepartmentId] = [d].[DepartmentId]
INNER JOIN [Designation] AS [d0] ON [e].[DesignationId] = [d0].[DesignationId]
INNER JOIN [Workplace] AS [w] ON [e].[WorkplaceId] = [w].[WorkplaceId]
INNER JOIN [AspNetUsers] AS [a] ON [e].[UserId] = [a].[Id]
LEFT JOIN [Employee] AS [e0] ON [e].[ReportingEmployeeId] = [e0].[EmployeeId]
WHERE [e].[IsActive] = CAST(1 AS bit)
[2026-08-04 10:43:23.680 +05:30  INF]  Executing OkObjectResult, writing value of type 'Crayon.Entity.Common.Result`1[[System.Collections.Generic.List`1[[Crayon.Entity.Dto.EmployeeResponse, Crayon.Entity, Version=1.0.0.0, Culture=neutral, PublicKeyToken=null]], System.Private.CoreLib, Version=10.0.0.0, Culture=neutral, PublicKeyToken=7cec85d7bea7798e]]'.
[2026-08-04 10:43:23.721 +05:30  INF]  Executed action Crayon.api.Controllers.EmployeeController.GetVisibleEmployees (Crayon.api) in 511.0818ms
[2026-08-04 10:43:23.721 +05:30  INF]  Executed endpoint 'Crayon.api.Controllers.EmployeeController.GetVisibleEmployees (Crayon.api)'
[2026-08-04 10:43:23.722 +05:30  INF]  Request finished HTTP/1.1 GET http://localhost:5278/api/Employee/GetVisibleEmployees - 200 null application/json; charset=utf-8 561.2025ms
[2026-08-04 10:46:02.262 +05:30  INF]  Request starting HTTP/1.1 GET http://localhost:5278/api/LeaveBalance/GetAllLeaveBalances - null null
[2026-08-04 10:46:02.272 +05:30  INF]  Executing endpoint 'Crayon.Api.Controllers.LeaveBalanceController.GetAllLeaveBalances (Crayon.api)'
[2026-08-04 10:46:02.321 +05:30  INF]  Route matched with {action = "GetAllLeaveBalances", controller = "LeaveBalance"}. Executing controller action with signature System.Threading.Tasks.Task`1[Microsoft.AspNetCore.Mvc.IActionResult] GetAllLeaveBalances() on controller Crayon.Api.Controllers.LeaveBalanceController (Crayon.api).
[2026-08-04 10:46:02.466 +05:30  INF]  Executed DbCommand (48ms) [Parameters=[], CommandType='"Text"', CommandTimeout='30']
SELECT [l].[LeaveBalanceId], [e].[EmployeeId], [e].[FirstName] + N' ' + [e].[LastName] AS [EmployeeName], [l0].[LeaveTypeId], [l0].[LeaveName], [l].[AvailableDays]
FROM [LeaveBalance] AS [l]
INNER JOIN [Employee] AS [e] ON [l].[EmployeeId] = [e].[EmployeeId]
INNER JOIN [LeaveType] AS [l0] ON [l].[LeaveTypeId] = [l0].[LeaveTypeId]
[2026-08-04 10:46:02.476 +05:30  INF]  Executing OkObjectResult, writing value of type 'Crayon.Entity.Common.Result`1[[System.Collections.Generic.List`1[[Crayon.Entity.Dto.LeaveBalanceResponse, Crayon.Entity, Version=1.0.0.0, Culture=neutral, PublicKeyToken=null]], System.Private.CoreLib, Version=10.0.0.0, Culture=neutral, PublicKeyToken=7cec85d7bea7798e]]'.
[2026-08-04 10:46:02.515 +05:30  INF]  Executed action Crayon.Api.Controllers.LeaveBalanceController.GetAllLeaveBalances (Crayon.api) in 194.0947ms
[2026-08-04 10:46:02.516 +05:30  INF]  Executed endpoint 'Crayon.Api.Controllers.LeaveBalanceController.GetAllLeaveBalances (Crayon.api)'
[2026-08-04 10:46:02.516 +05:30  INF]  Request finished HTTP/1.1 GET http://localhost:5278/api/LeaveBalance/GetAllLeaveBalances - 200 null application/json; charset=utf-8 255.2913ms
[2026-08-04 10:46:09.458 +05:30  INF]  Request starting HTTP/1.1 GET http://localhost:5278/api/LeaveBalance/GetLeaveBalanceById/6 - null null
[2026-08-04 10:46:09.468 +05:30  INF]  Executing endpoint 'Crayon.Api.Controllers.LeaveBalanceController.GetLeaveBalanceById (Crayon.api)'
[2026-08-04 10:46:09.510 +05:30  INF]  Route matched with {action = "GetLeaveBalanceById", controller = "LeaveBalance"}. Executing controller action with signature System.Threading.Tasks.Task`1[Microsoft.AspNetCore.Mvc.IActionResult] GetLeaveBalanceById(Int32) on controller Crayon.Api.Controllers.LeaveBalanceController (Crayon.api).
[2026-08-04 10:46:09.593 +05:30  INF]  Executed DbCommand (30ms) [Parameters=[@leaveBalanceId='?' (DbType = Int32)], CommandType='"Text"', CommandTimeout='30']
SELECT TOP(1) [l].[LeaveBalanceId], [e].[EmployeeId], [e].[FirstName] + N' ' + [e].[LastName] AS [EmployeeName], [l0].[LeaveTypeId], [l0].[LeaveName], [l].[AvailableDays]
FROM [LeaveBalance] AS [l]
INNER JOIN [Employee] AS [e] ON [l].[EmployeeId] = [e].[EmployeeId]
INNER JOIN [LeaveType] AS [l0] ON [l].[LeaveTypeId] = [l0].[LeaveTypeId]
WHERE [l].[LeaveBalanceId] = @leaveBalanceId
[2026-08-04 10:46:09.595 +05:30  INF]  Executing OkObjectResult, writing value of type 'Crayon.Entity.Common.Result`1[[Crayon.Entity.Dto.LeaveBalanceResponse, Crayon.Entity, Version=1.0.0.0, Culture=neutral, PublicKeyToken=null]]'.
[2026-08-04 10:46:09.601 +05:30  INF]  Executed action Crayon.Api.Controllers.LeaveBalanceController.GetLeaveBalanceById (Crayon.api) in 89.7886ms
[2026-08-04 10:46:09.601 +05:30  INF]  Executed endpoint 'Crayon.Api.Controllers.LeaveBalanceController.GetLeaveBalanceById (Crayon.api)'
[2026-08-04 10:46:09.602 +05:30  INF]  Request finished HTTP/1.1 GET http://localhost:5278/api/LeaveBalance/GetLeaveBalanceById/6 - 200 null application/json; charset=utf-8 144.0923ms
[2026-08-04 10:46:09.667 +05:30  INF]  Request starting HTTP/1.1 GET http://localhost:5278/api/Employee/GetAllEmployees - null null
[2026-08-04 10:46:09.669 +05:30  INF]  Executing endpoint 'Crayon.api.Controllers.EmployeeController.GetAllEmployees (Crayon.api)'
[2026-08-04 10:46:09.709 +05:30  INF]  Route matched with {action = "GetAllEmployees", controller = "Employee"}. Executing controller action with signature System.Threading.Tasks.Task`1[Microsoft.AspNetCore.Mvc.IActionResult] GetAllEmployees() on controller Crayon.api.Controllers.EmployeeController (Crayon.api).
[2026-08-04 10:46:09.761 +05:30  INF]  Fetching All Employees
[2026-08-04 10:46:10.006 +05:30  INF]  Executed DbCommand (136ms) [Parameters=[], CommandType='"Text"', CommandTimeout='30']
SELECT [e].[EmployeeId], [e].[UserId], [e].[EmployeeCode], [e].[FirstName], [e].[LastName], [e].[FirstName] + N' ' + [e].[LastName] AS [FullName], [a].[Email], [e].[PhoneNumber], [d].[DepartmentId], [d].[DepartmentName], [d0].[DesignationId], [d0].[DesignationName], [w].[WorkplaceId], [w].[Name] AS [WorkplaceName], (
    SELECT TOP(1) [a1].[Name]
    FROM [AspNetUserRoles] AS [a0]
    INNER JOIN [AspNetRoles] AS [a1] ON [a0].[RoleId] = [a1].[Id]
    WHERE [a0].[UserId] = [a].[Id]) AS [RoleName], [e].[ReportingEmployeeId] AS [ReportingManagerId], CASE
    WHEN [e0].[EmployeeId] IS NOT NULL THEN COALESCE([e0].[FirstName], N'') + N' ' + COALESCE([e0].[LastName], N'')
    ELSE N''
END AS [ReportingManagerName], [e].[IsActive], [e].[CreatedDate]
FROM [Employee] AS [e]
INNER JOIN [Department] AS [d] ON [e].[DepartmentId] = [d].[DepartmentId]
INNER JOIN [Designation] AS [d0] ON [e].[DesignationId] = [d0].[DesignationId]
INNER JOIN [Workplace] AS [w] ON [e].[WorkplaceId] = [w].[WorkplaceId]
INNER JOIN [AspNetUsers] AS [a] ON [e].[UserId] = [a].[Id]
LEFT JOIN [Employee] AS [e0] ON [e].[ReportingEmployeeId] = [e0].[EmployeeId]
WHERE [e].[IsActive] = CAST(1 AS bit)
[2026-08-04 10:46:10.008 +05:30  INF]  Executing OkObjectResult, writing value of type 'Crayon.Entity.Common.Result`1[[System.Collections.Generic.List`1[[Crayon.Entity.Dto.EmployeeResponse, Crayon.Entity, Version=1.0.0.0, Culture=neutral, PublicKeyToken=null]], System.Private.CoreLib, Version=10.0.0.0, Culture=neutral, PublicKeyToken=7cec85d7bea7798e]]'.
[2026-08-04 10:46:10.008 +05:30  INF]  Executed action Crayon.api.Controllers.EmployeeController.GetAllEmployees (Crayon.api) in 298.6536ms
[2026-08-04 10:46:10.009 +05:30  INF]  Executed endpoint 'Crayon.api.Controllers.EmployeeController.GetAllEmployees (Crayon.api)'
[2026-08-04 10:46:10.009 +05:30  INF]  Request finished HTTP/1.1 GET http://localhost:5278/api/Employee/GetAllEmployees - 200 null application/json; charset=utf-8 342.5319ms
[2026-08-04 10:46:10.047 +05:30  INF]  Request starting HTTP/1.1 GET http://localhost:5278/api/LeaveType/GetAllLeaveTypes - null null
[2026-08-04 10:46:10.049 +05:30  INF]  Executing endpoint 'Crayon.Api.Controllers.LeaveTypeController.GetAllLeaveTypes (Crayon.api)'
[2026-08-04 10:46:10.077 +05:30  INF]  Route matched with {action = "GetAllLeaveTypes", controller = "LeaveType"}. Executing controller action with signature System.Threading.Tasks.Task`1[Microsoft.AspNetCore.Mvc.IActionResult] GetAllLeaveTypes() on controller Crayon.Api.Controllers.LeaveTypeController (Crayon.api).
[2026-08-04 10:46:10.126 +05:30  INF]  Executed DbCommand (13ms) [Parameters=[], CommandType='"Text"', CommandTimeout='30']
SELECT [l].[LeaveTypeId], [l].[LeaveName], [l].[DefaultDays]
FROM [LeaveType] AS [l]
WHERE [l].[IsActive] = CAST(1 AS bit)
[2026-08-04 10:46:10.131 +05:30  INF]  Executing OkObjectResult, writing value of type 'Crayon.Entity.Common.Result`1[[System.Collections.Generic.List`1[[Crayon.Entity.Dto.LeaveTypeResponse, Crayon.Entity, Version=1.0.0.0, Culture=neutral, PublicKeyToken=null]], System.Private.CoreLib, Version=10.0.0.0, Culture=neutral, PublicKeyToken=7cec85d7bea7798e]]'.
[2026-08-04 10:46:10.143 +05:30  INF]  Executed action Crayon.Api.Controllers.LeaveTypeController.GetAllLeaveTypes (Crayon.api) in 66.0314ms
[2026-08-04 10:46:10.144 +05:30  INF]  Executed endpoint 'Crayon.Api.Controllers.LeaveTypeController.GetAllLeaveTypes (Crayon.api)'
[2026-08-04 10:46:10.144 +05:30  INF]  Request finished HTTP/1.1 GET http://localhost:5278/api/LeaveType/GetAllLeaveTypes - 200 null application/json; charset=utf-8 97.1631ms
[2026-08-04 11:29:11.257 +05:30  INF]  Request starting HTTP/1.1 POST http://localhost:5278/api/Employee/Login - application/json; charset=utf-8 54
[2026-08-04 11:29:11.260 +05:30  INF]  Executing endpoint 'Crayon.api.Controllers.EmployeeController.Login (Crayon.api)'
[2026-08-04 11:29:11.261 +05:30  INF]  Route matched with {action = "Login", controller = "Employee"}. Executing controller action with signature System.Threading.Tasks.Task`1[Microsoft.AspNetCore.Mvc.IActionResult] Login(Crayon.Entity.Dto.UserRequest) on controller Crayon.api.Controllers.EmployeeController (Crayon.api).
[2026-08-04 11:29:11.304 +05:30  INF]  Executed DbCommand (8ms) [Parameters=[@normalizedEmail='?' (Size = 256)], CommandType='"Text"', CommandTimeout='30']
SELECT TOP(2) [a].[Id], [a].[AccessFailedCount], [a].[ConcurrencyStamp], [a].[Email], [a].[EmailConfirmed], [a].[LockoutEnabled], [a].[LockoutEnd], [a].[NormalizedEmail], [a].[NormalizedUserName], [a].[PasswordHash], [a].[PhoneNumber], [a].[PhoneNumberConfirmed], [a].[SecurityStamp], [a].[TwoFactorEnabled], [a].[UserName]
FROM [AspNetUsers] AS [a]
WHERE [a].[NormalizedEmail] = @normalizedEmail
[2026-08-04 11:29:11.555 +05:30  INF]  Executed DbCommand (7ms) [Parameters=[@userId='?' (Size = 450)], CommandType='"Text"', CommandTimeout='30']
SELECT [a0].[Name]
FROM [AspNetUserRoles] AS [a]
INNER JOIN [AspNetRoles] AS [a0] ON [a].[RoleId] = [a0].[Id]
WHERE [a].[UserId] = @userId
[2026-08-04 11:29:11.557 +05:30  INF]  Executing OkObjectResult, writing value of type 'Crayon.Entity.Common.Result`1[[Crayon.Entity.Dto.UserResponse, Crayon.Entity, Version=1.0.0.0, Culture=neutral, PublicKeyToken=null]]'.
[2026-08-04 11:29:11.558 +05:30  INF]  Executed action Crayon.api.Controllers.EmployeeController.Login (Crayon.api) in 296.595ms
[2026-08-04 11:29:11.558 +05:30  INF]  Executed endpoint 'Crayon.api.Controllers.EmployeeController.Login (Crayon.api)'
[2026-08-04 11:29:11.558 +05:30  INF]  Request finished HTTP/1.1 POST http://localhost:5278/api/Employee/Login - 200 null application/json; charset=utf-8 301.4878ms
[2026-08-04 11:29:11.598 +05:30  INF]  Request starting HTTP/1.1 GET http://localhost:5278/api/Dashboard/GetEmployeeCount - null null
[2026-08-04 11:29:11.599 +05:30  INF]  Executing endpoint 'Crayon.api.Controllers.DashboardController.GetEmployeeCount (Crayon.api)'
[2026-08-04 11:29:11.600 +05:30  INF]  Route matched with {action = "GetEmployeeCount", controller = "Dashboard"}. Executing controller action with signature System.Threading.Tasks.Task`1[Microsoft.AspNetCore.Mvc.IActionResult] GetEmployeeCount() on controller Crayon.api.Controllers.DashboardController (Crayon.api).
[2026-08-04 11:29:11.607 +05:30  INF]  Executed DbCommand (4ms) [Parameters=[], CommandType='"Text"', CommandTimeout='30']
SELECT COUNT(*)
FROM [Employee] AS [e]
[2026-08-04 11:29:11.608 +05:30  INF]  Executing OkObjectResult, writing value of type 'System.Int32'.
[2026-08-04 11:29:11.609 +05:30  INF]  Executed action Crayon.api.Controllers.DashboardController.GetEmployeeCount (Crayon.api) in 8.8884ms
[2026-08-04 11:29:11.609 +05:30  INF]  Executed endpoint 'Crayon.api.Controllers.DashboardController.GetEmployeeCount (Crayon.api)'
[2026-08-04 11:29:11.609 +05:30  INF]  Request finished HTTP/1.1 GET http://localhost:5278/api/Dashboard/GetEmployeeCount - 200 null application/json; charset=utf-8 11.8151ms
[2026-08-04 11:29:11.622 +05:30  INF]  Request starting HTTP/1.1 GET http://localhost:5278/api/Dashboard/GetDepartmentCount - null null
[2026-08-04 11:29:11.623 +05:30  INF]  Executing endpoint 'Crayon.api.Controllers.DashboardController.GetDepartmentCount (Crayon.api)'
[2026-08-04 11:29:11.623 +05:30  INF]  Route matched with {action = "GetDepartmentCount", controller = "Dashboard"}. Executing controller action with signature System.Threading.Tasks.Task`1[Microsoft.AspNetCore.Mvc.IActionResult] GetDepartmentCount() on controller Crayon.api.Controllers.DashboardController (Crayon.api).
[2026-08-04 11:29:11.635 +05:30  INF]  Executed DbCommand (7ms) [Parameters=[], CommandType='"Text"', CommandTimeout='30']
SELECT COUNT(*)
FROM [Department] AS [d]
[2026-08-04 11:29:11.636 +05:30  INF]  Executing OkObjectResult, writing value of type 'System.Int32'.
[2026-08-04 11:29:11.637 +05:30  INF]  Executed action Crayon.api.Controllers.DashboardController.GetDepartmentCount (Crayon.api) in 13.6291ms
[2026-08-04 11:29:11.637 +05:30  INF]  Executed endpoint 'Crayon.api.Controllers.DashboardController.GetDepartmentCount (Crayon.api)'
[2026-08-04 11:29:11.638 +05:30  INF]  Request finished HTTP/1.1 GET http://localhost:5278/api/Dashboard/GetDepartmentCount - 200 null application/json; charset=utf-8 17.0023ms
[2026-08-04 11:29:11.660 +05:30  INF]  Request starting HTTP/1.1 GET http://localhost:5278/api/Dashboard/GetProjectCount - null null
[2026-08-04 11:29:11.662 +05:30  INF]  Executing endpoint 'Crayon.api.Controllers.DashboardController.GetProjectCount (Crayon.api)'
[2026-08-04 11:29:11.662 +05:30  INF]  Route matched with {action = "GetProjectCount", controller = "Dashboard"}. Executing controller action with signature System.Threading.Tasks.Task`1[Microsoft.AspNetCore.Mvc.IActionResult] GetProjectCount() on controller Crayon.api.Controllers.DashboardController (Crayon.api).
[2026-08-04 11:29:11.675 +05:30  INF]  Executed DbCommand (8ms) [Parameters=[], CommandType='"Text"', CommandTimeout='30']
SELECT COUNT(*)
FROM [Project] AS [p]
[2026-08-04 11:29:11.676 +05:30  INF]  Executing OkObjectResult, writing value of type 'System.Int32'.
[2026-08-04 11:29:11.677 +05:30  INF]  Executed action Crayon.api.Controllers.DashboardController.GetProjectCount (Crayon.api) in 13.9858ms
[2026-08-04 11:29:11.677 +05:30  INF]  Executed endpoint 'Crayon.api.Controllers.DashboardController.GetProjectCount (Crayon.api)'
[2026-08-04 11:29:11.677 +05:30  INF]  Request finished HTTP/1.1 GET http://localhost:5278/api/Dashboard/GetProjectCount - 200 null application/json; charset=utf-8 17.4618ms
[2026-08-04 11:29:11.687 +05:30  INF]  Request starting HTTP/1.1 GET http://localhost:5278/api/Dashboard/GetPendingLeaveCount - null null
[2026-08-04 11:29:11.688 +05:30  INF]  Executing endpoint 'Crayon.api.Controllers.DashboardController.GetPendingLeaveCount (Crayon.api)'
[2026-08-04 11:29:11.689 +05:30  INF]  Route matched with {action = "GetPendingLeaveCount", controller = "Dashboard"}. Executing controller action with signature System.Threading.Tasks.Task`1[Microsoft.AspNetCore.Mvc.IActionResult] GetPendingLeaveCount() on controller Crayon.api.Controllers.DashboardController (Crayon.api).
[2026-08-04 11:29:11.702 +05:30  INF]  Executed DbCommand (6ms) [Parameters=[], CommandType='"Text"', CommandTimeout='30']
SELECT COUNT(*)
FROM [LeaveApplication] AS [l]
WHERE [l].[Status] = N'Pending'
[2026-08-04 11:29:11.703 +05:30  INF]  Executing OkObjectResult, writing value of type 'System.Int32'.
[2026-08-04 11:29:11.703 +05:30  INF]  Executed action Crayon.api.Controllers.DashboardController.GetPendingLeaveCount (Crayon.api) in 14.2439ms
[2026-08-04 11:29:11.704 +05:30  INF]  Executed endpoint 'Crayon.api.Controllers.DashboardController.GetPendingLeaveCount (Crayon.api)'
[2026-08-04 11:29:11.704 +05:30  INF]  Request finished HTTP/1.1 GET http://localhost:5278/api/Dashboard/GetPendingLeaveCount - 200 null application/json; charset=utf-8 17.5026ms
[2026-08-04 11:29:21.338 +05:30  INF]  Request starting HTTP/1.1 GET http://localhost:5278/api/Department/GetAllDepartments - null null
[2026-08-04 11:29:21.341 +05:30  INF]  Executing endpoint 'Crayon.api.Controllers.DepartmentController.GetAllDepartments (Crayon.api)'
[2026-08-04 11:29:21.389 +05:30  INF]  Route matched with {action = "GetAllDepartments", controller = "Department"}. Executing controller action with signature System.Threading.Tasks.Task`1[Microsoft.AspNetCore.Mvc.IActionResult] GetAllDepartments() on controller Crayon.api.Controllers.DepartmentController (Crayon.api).
[2026-08-04 11:29:21.432 +05:30  INF]  Executed DbCommand (9ms) [Parameters=[], CommandType='"Text"', CommandTimeout='30']
SELECT [d].[DepartmentId], [d].[DepartmentName]
FROM [Department] AS [d]
WHERE [d].[IsActive] = CAST(1 AS bit)
[2026-08-04 11:29:21.435 +05:30  INF]  Executing OkObjectResult, writing value of type 'Crayon.Entity.Common.Result`1[[System.Collections.Generic.List`1[[Crayon.Entity.Dto.DepartmentResponse, Crayon.Entity, Version=1.0.0.0, Culture=neutral, PublicKeyToken=null]], System.Private.CoreLib, Version=10.0.0.0, Culture=neutral, PublicKeyToken=7cec85d7bea7798e]]'.
[2026-08-04 11:29:21.441 +05:30  INF]  Executed action Crayon.api.Controllers.DepartmentController.GetAllDepartments (Crayon.api) in 52.214ms
[2026-08-04 11:29:21.441 +05:30  INF]  Executed endpoint 'Crayon.api.Controllers.DepartmentController.GetAllDepartments (Crayon.api)'
[2026-08-04 11:29:21.442 +05:30  INF]  Request finished HTTP/1.1 GET http://localhost:5278/api/Department/GetAllDepartments - 200 null application/json; charset=utf-8 104.2073ms
[2026-08-04 11:29:27.913 +05:30  INF]  Request starting HTTP/1.1 GET http://localhost:5278/api/Holiday/GetAllHolidays - null null
[2026-08-04 11:29:27.915 +05:30  INF]  Executing endpoint 'Crayon.Api.Controllers.HolidayController.GetAllHolidays (Crayon.api)'
[2026-08-04 11:29:27.945 +05:30  INF]  Route matched with {action = "GetAllHolidays", controller = "Holiday"}. Executing controller action with signature System.Threading.Tasks.Task`1[Microsoft.AspNetCore.Mvc.IActionResult] GetAllHolidays() on controller Crayon.Api.Controllers.HolidayController (Crayon.api).
[2026-08-04 11:29:27.981 +05:30  INF]  Executed DbCommand (6ms) [Parameters=[], CommandType='"Text"', CommandTimeout='30']
SELECT [h].[HolidayId], [h].[HolidayName], [h].[HolidayDate], [h].[Country]
FROM [Holiday] AS [h]
[2026-08-04 11:29:27.985 +05:30  INF]  Executing OkObjectResult, writing value of type 'Crayon.Entity.Common.Result`1[[System.Collections.Generic.List`1[[Crayon.Entity.Dto.HolidayResponse, Crayon.Entity, Version=1.0.0.0, Culture=neutral, PublicKeyToken=null]], System.Private.CoreLib, Version=10.0.0.0, Culture=neutral, PublicKeyToken=7cec85d7bea7798e]]'.
[2026-08-04 11:29:27.994 +05:30  INF]  Executed action Crayon.Api.Controllers.HolidayController.GetAllHolidays (Crayon.api) in 48.7365ms
[2026-08-04 11:29:27.994 +05:30  INF]  Executed endpoint 'Crayon.Api.Controllers.HolidayController.GetAllHolidays (Crayon.api)'
[2026-08-04 11:29:27.995 +05:30  INF]  Request finished HTTP/1.1 GET http://localhost:5278/api/Holiday/GetAllHolidays - 200 null application/json; charset=utf-8 82.1141ms
[2026-08-04 11:29:32.408 +05:30  INF]  Request starting HTTP/1.1 POST http://localhost:5278/api/Holiday/AddHoliday - application/json; charset=utf-8 71
[2026-08-04 11:29:32.413 +05:30  INF]  Executing endpoint 'Crayon.Api.Controllers.HolidayController.AddHoliday (Crayon.api)'
[2026-08-04 11:29:32.443 +05:30  INF]  Route matched with {action = "AddHoliday", controller = "Holiday"}. Executing controller action with signature System.Threading.Tasks.Task`1[Microsoft.AspNetCore.Mvc.IActionResult] AddHoliday(Crayon.Entity.Dto.HolidayRequest) on controller Crayon.Api.Controllers.HolidayController (Crayon.api).
[2026-08-04 11:29:32.492 +05:30  INF]  Executing BadRequestObjectResult, writing value of type 'Microsoft.AspNetCore.Mvc.ValidationProblemDetails'.
[2026-08-04 11:29:32.566 +05:30  INF]  Executed action Crayon.Api.Controllers.HolidayController.AddHoliday (Crayon.api) in 122.4052ms
[2026-08-04 11:29:32.566 +05:30  INF]  Executed endpoint 'Crayon.Api.Controllers.HolidayController.AddHoliday (Crayon.api)'
[2026-08-04 11:29:32.567 +05:30  INF]  Request finished HTTP/1.1 POST http://localhost:5278/api/Holiday/AddHoliday - 400 null application/problem+json; charset=utf-8 159.3597ms
[2026-08-04 11:30:31.768 +05:30  INF]  Request starting HTTP/1.1 GET http://localhost:5278/api/Dashboard/GetEmployeeCount - null null
[2026-08-04 11:30:31.769 +05:30  INF]  Executing endpoint 'Crayon.api.Controllers.DashboardController.GetEmployeeCount (Crayon.api)'
[2026-08-04 11:30:31.770 +05:30  INF]  Route matched with {action = "GetEmployeeCount", controller = "Dashboard"}. Executing controller action with signature System.Threading.Tasks.Task`1[Microsoft.AspNetCore.Mvc.IActionResult] GetEmployeeCount() on controller Crayon.api.Controllers.DashboardController (Crayon.api).
[2026-08-04 11:30:31.780 +05:30  INF]  Executed DbCommand (5ms) [Parameters=[], CommandType='"Text"', CommandTimeout='30']
SELECT COUNT(*)
FROM [Employee] AS [e]
[2026-08-04 11:30:31.781 +05:30  INF]  Executing OkObjectResult, writing value of type 'System.Int32'.
[2026-08-04 11:30:31.781 +05:30  INF]  Executed action Crayon.api.Controllers.DashboardController.GetEmployeeCount (Crayon.api) in 11.1473ms
[2026-08-04 11:30:31.781 +05:30  INF]  Executed endpoint 'Crayon.api.Controllers.DashboardController.GetEmployeeCount (Crayon.api)'
[2026-08-04 11:30:31.782 +05:30  INF]  Request finished HTTP/1.1 GET http://localhost:5278/api/Dashboard/GetEmployeeCount - 200 null application/json; charset=utf-8 14.64ms
[2026-08-04 11:30:32.222 +05:30  INF]  Request starting HTTP/1.1 GET http://localhost:5278/api/Dashboard/GetDepartmentCount - null null
[2026-08-04 11:30:32.223 +05:30  INF]  Executing endpoint 'Crayon.api.Controllers.DashboardController.GetDepartmentCount (Crayon.api)'
[2026-08-04 11:30:32.224 +05:30  INF]  Route matched with {action = "GetDepartmentCount", controller = "Dashboard"}. Executing controller action with signature System.Threading.Tasks.Task`1[Microsoft.AspNetCore.Mvc.IActionResult] GetDepartmentCount() on controller Crayon.api.Controllers.DashboardController (Crayon.api).
[2026-08-04 11:30:32.234 +05:30  INF]  Executed DbCommand (4ms) [Parameters=[], CommandType='"Text"', CommandTimeout='30']
SELECT COUNT(*)
FROM [Department] AS [d]
[2026-08-04 11:30:32.235 +05:30  INF]  Executing OkObjectResult, writing value of type 'System.Int32'.
[2026-08-04 11:30:32.235 +05:30  INF]  Executed action Crayon.api.Controllers.DashboardController.GetDepartmentCount (Crayon.api) in 11.2773ms
[2026-08-04 11:30:32.236 +05:30  INF]  Executed endpoint 'Crayon.api.Controllers.DashboardController.GetDepartmentCount (Crayon.api)'
[2026-08-04 11:30:32.236 +05:30  INF]  Request finished HTTP/1.1 GET http://localhost:5278/api/Dashboard/GetDepartmentCount - 200 null application/json; charset=utf-8 14.256ms
[2026-08-04 11:30:32.260 +05:30  INF]  Request starting HTTP/1.1 GET http://localhost:5278/api/Dashboard/GetProjectCount - null null
[2026-08-04 11:30:32.262 +05:30  INF]  Executing endpoint 'Crayon.api.Controllers.DashboardController.GetProjectCount (Crayon.api)'
[2026-08-04 11:30:32.262 +05:30  INF]  Route matched with {action = "GetProjectCount", controller = "Dashboard"}. Executing controller action with signature System.Threading.Tasks.Task`1[Microsoft.AspNetCore.Mvc.IActionResult] GetProjectCount() on controller Crayon.api.Controllers.DashboardController (Crayon.api).
[2026-08-04 11:30:32.272 +05:30  INF]  Executed DbCommand (4ms) [Parameters=[], CommandType='"Text"', CommandTimeout='30']
SELECT COUNT(*)
FROM [Project] AS [p]
[2026-08-04 11:30:32.273 +05:30  INF]  Executing OkObjectResult, writing value of type 'System.Int32'.
[2026-08-04 11:30:32.273 +05:30  INF]  Executed action Crayon.api.Controllers.DashboardController.GetProjectCount (Crayon.api) in 10.3828ms
[2026-08-04 11:30:32.274 +05:30  INF]  Executed endpoint 'Crayon.api.Controllers.DashboardController.GetProjectCount (Crayon.api)'
[2026-08-04 11:30:32.274 +05:30  INF]  Request finished HTTP/1.1 GET http://localhost:5278/api/Dashboard/GetProjectCount - 200 null application/json; charset=utf-8 13.9939ms
[2026-08-04 11:30:32.296 +05:30  INF]  Request starting HTTP/1.1 GET http://localhost:5278/api/Dashboard/GetPendingLeaveCount - null null
[2026-08-04 11:30:32.297 +05:30  INF]  Executing endpoint 'Crayon.api.Controllers.DashboardController.GetPendingLeaveCount (Crayon.api)'
[2026-08-04 11:30:32.298 +05:30  INF]  Route matched with {action = "GetPendingLeaveCount", controller = "Dashboard"}. Executing controller action with signature System.Threading.Tasks.Task`1[Microsoft.AspNetCore.Mvc.IActionResult] GetPendingLeaveCount() on controller Crayon.api.Controllers.DashboardController (Crayon.api).
[2026-08-04 11:30:32.310 +05:30  INF]  Executed DbCommand (7ms) [Parameters=[], CommandType='"Text"', CommandTimeout='30']
SELECT COUNT(*)
FROM [LeaveApplication] AS [l]
WHERE [l].[Status] = N'Pending'
[2026-08-04 11:30:32.311 +05:30  INF]  Executing OkObjectResult, writing value of type 'System.Int32'.
[2026-08-04 11:30:32.312 +05:30  INF]  Executed action Crayon.api.Controllers.DashboardController.GetPendingLeaveCount (Crayon.api) in 13.6759ms
[2026-08-04 11:30:32.312 +05:30  INF]  Executed endpoint 'Crayon.api.Controllers.DashboardController.GetPendingLeaveCount (Crayon.api)'
[2026-08-04 11:30:32.314 +05:30  INF]  Request finished HTTP/1.1 GET http://localhost:5278/api/Dashboard/GetPendingLeaveCount - 200 null application/json; charset=utf-8 17.9337ms
[2026-08-04 12:03:26.210 +05:30  INF]  Executed DbCommand (513ms) [Parameters=[@normalizedName='?' (Size = 256)], CommandType='"Text"', CommandTimeout='30']
SELECT TOP(1) [a].[Id], [a].[ConcurrencyStamp], [a].[Name], [a].[NormalizedName]
FROM [AspNetRoles] AS [a]
WHERE [a].[NormalizedName] = @normalizedName
[2026-08-04 12:03:27.072 +05:30  INF]  Executed DbCommand (30ms) [Parameters=[@normalizedUserName='?' (Size = 256)], CommandType='"Text"', CommandTimeout='30']
SELECT TOP(1) [a].[Id], [a].[AccessFailedCount], [a].[ConcurrencyStamp], [a].[Email], [a].[EmailConfirmed], [a].[LockoutEnabled], [a].[LockoutEnd], [a].[NormalizedEmail], [a].[NormalizedUserName], [a].[PasswordHash], [a].[PhoneNumber], [a].[PhoneNumberConfirmed], [a].[SecurityStamp], [a].[TwoFactorEnabled], [a].[UserName]
FROM [AspNetUsers] AS [a]
WHERE [a].[NormalizedUserName] = @normalizedUserName
[2026-08-04 12:03:27.464 +05:30  INF]  Executed DbCommand (2ms) [Parameters=[@normalizedUserName='?' (Size = 256)], CommandType='"Text"', CommandTimeout='30']
SELECT TOP(1) [a].[Id], [a].[AccessFailedCount], [a].[ConcurrencyStamp], [a].[Email], [a].[EmailConfirmed], [a].[LockoutEnabled], [a].[LockoutEnd], [a].[NormalizedEmail], [a].[NormalizedUserName], [a].[PasswordHash], [a].[PhoneNumber], [a].[PhoneNumberConfirmed], [a].[SecurityStamp], [a].[TwoFactorEnabled], [a].[UserName]
FROM [AspNetUsers] AS [a]
WHERE [a].[NormalizedUserName] = @normalizedUserName
[2026-08-04 12:03:27.922 +05:30  INF]  Executed DbCommand (7ms) [Parameters=[@normalizedRoleName='?' (Size = 256)], CommandType='"Text"', CommandTimeout='30']
SELECT TOP(2) [a].[Id], [a].[ConcurrencyStamp], [a].[Name], [a].[NormalizedName]
FROM [AspNetRoles] AS [a]
WHERE [a].[NormalizedName] = @normalizedRoleName
[2026-08-04 12:03:28.172 +05:30  INF]  Executed DbCommand (7ms) [Parameters=[@p='?' (Size = 450), @p1='?' (Size = 450)], CommandType='"Text"', CommandTimeout='30']
SELECT TOP(1) [a].[UserId], [a].[RoleId]
FROM [AspNetUserRoles] AS [a]
WHERE [a].[UserId] = @p AND [a].[RoleId] = @p1
[2026-08-04 12:03:28.196 +05:30  INF]  Executed DbCommand (3ms) [Parameters=[@normalizedRoleName='?' (Size = 256)], CommandType='"Text"', CommandTimeout='30']
SELECT TOP(2) [a].[Id], [a].[ConcurrencyStamp], [a].[Name], [a].[NormalizedName]
FROM [AspNetRoles] AS [a]
WHERE [a].[NormalizedName] = @normalizedRoleName
[2026-08-04 12:03:28.360 +05:30  INF]  Executed DbCommand (3ms) [Parameters=[@normalizedUserName='?' (Size = 256)], CommandType='"Text"', CommandTimeout='30']
SELECT TOP(1) [a].[Id], [a].[AccessFailedCount], [a].[ConcurrencyStamp], [a].[Email], [a].[EmailConfirmed], [a].[LockoutEnabled], [a].[LockoutEnd], [a].[NormalizedEmail], [a].[NormalizedUserName], [a].[PasswordHash], [a].[PhoneNumber], [a].[PhoneNumberConfirmed], [a].[SecurityStamp], [a].[TwoFactorEnabled], [a].[UserName]
FROM [AspNetUsers] AS [a]
WHERE [a].[NormalizedUserName] = @normalizedUserName
[2026-08-04 12:03:29.150 +05:30  INF]  User profile is available. Using 'C:\Users\adrija.ani\AppData\Local\ASP.NET\DataProtection-Keys' as key repository and Windows DPAPI to encrypt keys at rest.
[2026-08-04 12:03:30.013 +05:30  INF]  Now listening on: http://localhost:5278
[2026-08-04 12:03:30.475 +05:30  INF]  Application started. Press Ctrl+C to shut down.
[2026-08-04 12:03:30.479 +05:30  INF]  Hosting environment: Development
[2026-08-04 12:03:30.482 +05:30  INF]  Content root path: C:\Users\adrija.ani\Downloads\Project\Crayon\Crayon.api\Crayon.api
[2026-08-04 12:03:31.895 +05:30  INF]  Request starting HTTP/1.1 GET http://localhost:5278/swagger/index.html - null null
[2026-08-04 12:03:33.818 +05:30  INF]  Request finished HTTP/1.1 GET http://localhost:5278/swagger/index.html - 200 null text/html;charset=utf-8 1970.3328ms
[2026-08-04 12:03:33.969 +05:30  INF]  Request starting HTTP/1.1 GET http://localhost:5278/swagger/index.js - null null
[2026-08-04 12:03:33.983 +05:30  INF]  Request starting HTTP/1.1 GET http://localhost:5278/_framework/aspnetcore-browser-refresh.js - null null
[2026-08-04 12:03:33.988 +05:30  INF]  Request finished HTTP/1.1 GET http://localhost:5278/swagger/index.js - 200 null application/javascript;charset=utf-8 21.1983ms
[2026-08-04 12:03:34.002 +05:30  INF]  Request finished HTTP/1.1 GET http://localhost:5278/_framework/aspnetcore-browser-refresh.js - 200 14925 application/javascript; charset=utf-8 19.1112ms
[2026-08-04 12:03:34.028 +05:30  INF]  Request starting HTTP/1.1 GET http://localhost:5278/_vs/browserLink - null null
[2026-08-04 12:03:34.230 +05:30  INF]  Request finished HTTP/1.1 GET http://localhost:5278/_vs/browserLink - 200 null text/javascript; charset=UTF-8 201.253ms
[2026-08-04 12:03:34.925 +05:30  INF]  Request starting HTTP/1.1 GET http://localhost:5278/swagger/v1/swagger.json - null null
[2026-08-04 12:03:35.071 +05:30  INF]  Request finished HTTP/1.1 GET http://localhost:5278/swagger/v1/swagger.json - 200 null application/json;charset=utf-8 145.8454ms
[2026-08-04 12:10:06.140 +05:30  INF]  Request starting HTTP/1.1 POST http://localhost:5278/api/Employee/Login - application/json; charset=utf-8 54
[2026-08-04 12:10:06.573 +05:30  INF]  Executing endpoint 'Crayon.api.Controllers.EmployeeController.Login (Crayon.api)'
[2026-08-04 12:10:06.671 +05:30  INF]  Route matched with {action = "Login", controller = "Employee"}. Executing controller action with signature System.Threading.Tasks.Task`1[Microsoft.AspNetCore.Mvc.IActionResult] Login(Crayon.Entity.Dto.UserRequest) on controller Crayon.api.Controllers.EmployeeController (Crayon.api).
[2026-08-04 12:10:07.154 +05:30  INF]  Executed DbCommand (8ms) [Parameters=[@normalizedEmail='?' (Size = 256)], CommandType='"Text"', CommandTimeout='30']
SELECT TOP(2) [a].[Id], [a].[AccessFailedCount], [a].[ConcurrencyStamp], [a].[Email], [a].[EmailConfirmed], [a].[LockoutEnabled], [a].[LockoutEnd], [a].[NormalizedEmail], [a].[NormalizedUserName], [a].[PasswordHash], [a].[PhoneNumber], [a].[PhoneNumberConfirmed], [a].[SecurityStamp], [a].[TwoFactorEnabled], [a].[UserName]
FROM [AspNetUsers] AS [a]
WHERE [a].[NormalizedEmail] = @normalizedEmail
[2026-08-04 12:10:07.585 +05:30  INF]  Executed DbCommand (8ms) [Parameters=[@userId='?' (Size = 450)], CommandType='"Text"', CommandTimeout='30']
SELECT [a0].[Name]
FROM [AspNetUserRoles] AS [a]
INNER JOIN [AspNetRoles] AS [a0] ON [a].[RoleId] = [a0].[Id]
WHERE [a].[UserId] = @userId
[2026-08-04 12:10:07.787 +05:30  INF]  Executing OkObjectResult, writing value of type 'Crayon.Entity.Common.Result`1[[Crayon.Entity.Dto.UserResponse, Crayon.Entity, Version=1.0.0.0, Culture=neutral, PublicKeyToken=null]]'.
[2026-08-04 12:10:07.833 +05:30  INF]  Executed action Crayon.api.Controllers.EmployeeController.Login (Crayon.api) in 1143.4856ms
[2026-08-04 12:10:07.836 +05:30  INF]  Executed endpoint 'Crayon.api.Controllers.EmployeeController.Login (Crayon.api)'
[2026-08-04 12:10:07.871 +05:30  INF]  Request finished HTTP/1.1 POST http://localhost:5278/api/Employee/Login - 200 null application/json; charset=utf-8 1732.169ms
[2026-08-04 12:10:08.447 +05:30  INF]  Request starting HTTP/1.1 GET http://localhost:5278/api/Dashboard/GetEmployeeCount - null null
[2026-08-04 12:10:08.634 +05:30  INF]  Executing endpoint 'Crayon.api.Controllers.DashboardController.GetEmployeeCount (Crayon.api)'
[2026-08-04 12:10:08.664 +05:30  INF]  Route matched with {action = "GetEmployeeCount", controller = "Dashboard"}. Executing controller action with signature System.Threading.Tasks.Task`1[Microsoft.AspNetCore.Mvc.IActionResult] GetEmployeeCount() on controller Crayon.api.Controllers.DashboardController (Crayon.api).
[2026-08-04 12:10:08.810 +05:30  INF]  Executed DbCommand (9ms) [Parameters=[], CommandType='"Text"', CommandTimeout='30']
SELECT COUNT(*)
FROM [Employee] AS [e]
[2026-08-04 12:10:08.829 +05:30  INF]  Executing OkObjectResult, writing value of type 'System.Int32'.
[2026-08-04 12:10:08.834 +05:30  INF]  Executed action Crayon.api.Controllers.DashboardController.GetEmployeeCount (Crayon.api) in 169.0777ms
[2026-08-04 12:10:08.834 +05:30  INF]  Executed endpoint 'Crayon.api.Controllers.DashboardController.GetEmployeeCount (Crayon.api)'
[2026-08-04 12:10:08.835 +05:30  INF]  Request finished HTTP/1.1 GET http://localhost:5278/api/Dashboard/GetEmployeeCount - 200 null application/json; charset=utf-8 388.5035ms
[2026-08-04 12:10:08.868 +05:30  INF]  Request starting HTTP/1.1 GET http://localhost:5278/api/Dashboard/GetDepartmentCount - null null
[2026-08-04 12:10:08.882 +05:30  INF]  Executing endpoint 'Crayon.api.Controllers.DashboardController.GetDepartmentCount (Crayon.api)'
[2026-08-04 12:10:08.901 +05:30  INF]  Route matched with {action = "GetDepartmentCount", controller = "Dashboard"}. Executing controller action with signature System.Threading.Tasks.Task`1[Microsoft.AspNetCore.Mvc.IActionResult] GetDepartmentCount() on controller Crayon.api.Controllers.DashboardController (Crayon.api).
[2026-08-04 12:10:08.936 +05:30  INF]  Executed DbCommand (9ms) [Parameters=[], CommandType='"Text"', CommandTimeout='30']
SELECT COUNT(*)
FROM [Department] AS [d]
[2026-08-04 12:10:08.945 +05:30  INF]  Executing OkObjectResult, writing value of type 'System.Int32'.
[2026-08-04 12:10:08.946 +05:30  INF]  Executed action Crayon.api.Controllers.DashboardController.GetDepartmentCount (Crayon.api) in 44.1853ms
[2026-08-04 12:10:08.947 +05:30  INF]  Executed endpoint 'Crayon.api.Controllers.DashboardController.GetDepartmentCount (Crayon.api)'
[2026-08-04 12:10:08.947 +05:30  INF]  Request finished HTTP/1.1 GET http://localhost:5278/api/Dashboard/GetDepartmentCount - 200 null application/json; charset=utf-8 79.9137ms
[2026-08-04 12:10:08.965 +05:30  INF]  Request starting HTTP/1.1 GET http://localhost:5278/api/Dashboard/GetProjectCount - null null
[2026-08-04 12:10:08.967 +05:30  INF]  Executing endpoint 'Crayon.api.Controllers.DashboardController.GetProjectCount (Crayon.api)'
[2026-08-04 12:10:09.003 +05:30  INF]  Route matched with {action = "GetProjectCount", controller = "Dashboard"}. Executing controller action with signature System.Threading.Tasks.Task`1[Microsoft.AspNetCore.Mvc.IActionResult] GetProjectCount() on controller Crayon.api.Controllers.DashboardController (Crayon.api).
[2026-08-04 12:10:09.027 +05:30  INF]  Executed DbCommand (4ms) [Parameters=[], CommandType='"Text"', CommandTimeout='30']
SELECT COUNT(*)
FROM [Project] AS [p]
[2026-08-04 12:10:09.028 +05:30  INF]  Executing OkObjectResult, writing value of type 'System.Int32'.
[2026-08-04 12:10:09.029 +05:30  INF]  Executed action Crayon.api.Controllers.DashboardController.GetProjectCount (Crayon.api) in 25.184ms
[2026-08-04 12:10:09.029 +05:30  INF]  Executed endpoint 'Crayon.api.Controllers.DashboardController.GetProjectCount (Crayon.api)'
[2026-08-04 12:10:09.030 +05:30  INF]  Request finished HTTP/1.1 GET http://localhost:5278/api/Dashboard/GetProjectCount - 200 null application/json; charset=utf-8 64.5406ms
[2026-08-04 12:10:09.044 +05:30  INF]  Request starting HTTP/1.1 GET http://localhost:5278/api/Dashboard/GetPendingLeaveCount - null null
[2026-08-04 12:10:09.045 +05:30  INF]  Executing endpoint 'Crayon.api.Controllers.DashboardController.GetPendingLeaveCount (Crayon.api)'
[2026-08-04 12:10:09.063 +05:30  INF]  Route matched with {action = "GetPendingLeaveCount", controller = "Dashboard"}. Executing controller action with signature System.Threading.Tasks.Task`1[Microsoft.AspNetCore.Mvc.IActionResult] GetPendingLeaveCount() on controller Crayon.api.Controllers.DashboardController (Crayon.api).
[2026-08-04 12:10:09.101 +05:30  INF]  Executed DbCommand (7ms) [Parameters=[], CommandType='"Text"', CommandTimeout='30']
SELECT COUNT(*)
FROM [LeaveApplication] AS [l]
WHERE [l].[Status] = N'Pending'
[2026-08-04 12:10:09.103 +05:30  INF]  Executing OkObjectResult, writing value of type 'System.Int32'.
[2026-08-04 12:10:09.103 +05:30  INF]  Executed action Crayon.api.Controllers.DashboardController.GetPendingLeaveCount (Crayon.api) in 40.3649ms
[2026-08-04 12:10:09.104 +05:30  INF]  Executed endpoint 'Crayon.api.Controllers.DashboardController.GetPendingLeaveCount (Crayon.api)'
[2026-08-04 12:10:09.105 +05:30  INF]  Request finished HTTP/1.1 GET http://localhost:5278/api/Dashboard/GetPendingLeaveCount - 200 null application/json; charset=utf-8 60.2834ms
[2026-08-04 12:10:26.305 +05:30  INF]  Request starting HTTP/1.1 GET http://localhost:5278/api/Employee/GetVisibleEmployees - null null
[2026-08-04 12:10:26.317 +05:30  INF]  Executing endpoint 'Crayon.api.Controllers.EmployeeController.GetVisibleEmployees (Crayon.api)'
[2026-08-04 12:10:26.344 +05:30  INF]  Route matched with {action = "GetVisibleEmployees", controller = "Employee"}. Executing controller action with signature System.Threading.Tasks.Task`1[Microsoft.AspNetCore.Mvc.IActionResult] GetVisibleEmployees() on controller Crayon.api.Controllers.EmployeeController (Crayon.api).
[2026-08-04 12:10:26.459 +05:30  INF]  Executed DbCommand (9ms) [Parameters=[@userId='?' (Size = 450)], CommandType='"Text"', CommandTimeout='30']
SELECT TOP(1) [e].[EmployeeId], [e].[CreatedDate], [e].[DepartmentId], [e].[DesignationId], [e].[EmployeeCode], [e].[FirstName], [e].[IsActive], [e].[LastName], [e].[PhoneNumber], [e].[ReportingEmployeeId], [e].[ReportingToEmployeeId], [e].[UserId], [e].[WorkplaceId]
FROM [Employee] AS [e]
WHERE [e].[UserId] = @userId
[2026-08-04 12:10:26.940 +05:30  INF]  Executed DbCommand (88ms) [Parameters=[], CommandType='"Text"', CommandTimeout='30']
SELECT [e].[EmployeeId], [e].[UserId], [e].[EmployeeCode], [e].[FirstName], [e].[LastName], [e].[FirstName] + N' ' + [e].[LastName] AS [FullName], [a].[Email], [e].[PhoneNumber], [d].[DepartmentId], [d].[DepartmentName], [d0].[DesignationId], [d0].[DesignationName], [w].[WorkplaceId], [w].[Name] AS [WorkplaceName], (
    SELECT TOP(1) [a1].[Name]
    FROM [AspNetUserRoles] AS [a0]
    INNER JOIN [AspNetRoles] AS [a1] ON [a0].[RoleId] = [a1].[Id]
    WHERE [a0].[UserId] = [a].[Id]) AS [RoleName], [e].[ReportingEmployeeId] AS [ReportingManagerId], CASE
    WHEN [e0].[EmployeeId] IS NOT NULL THEN COALESCE([e0].[FirstName], N'') + N' ' + COALESCE([e0].[LastName], N'')
    ELSE N''
END AS [ReportingManagerName], [e].[IsActive], [e].[CreatedDate]
FROM [Employee] AS [e]
INNER JOIN [Department] AS [d] ON [e].[DepartmentId] = [d].[DepartmentId]
INNER JOIN [Designation] AS [d0] ON [e].[DesignationId] = [d0].[DesignationId]
INNER JOIN [Workplace] AS [w] ON [e].[WorkplaceId] = [w].[WorkplaceId]
INNER JOIN [AspNetUsers] AS [a] ON [e].[UserId] = [a].[Id]
LEFT JOIN [Employee] AS [e0] ON [e].[ReportingEmployeeId] = [e0].[EmployeeId]
WHERE [e].[IsActive] = CAST(1 AS bit)
[2026-08-04 12:10:26.950 +05:30  INF]  Executing OkObjectResult, writing value of type 'Crayon.Entity.Common.Result`1[[System.Collections.Generic.List`1[[Crayon.Entity.Dto.EmployeeResponse, Crayon.Entity, Version=1.0.0.0, Culture=neutral, PublicKeyToken=null]], System.Private.CoreLib, Version=10.0.0.0, Culture=neutral, PublicKeyToken=7cec85d7bea7798e]]'.
[2026-08-04 12:10:27.024 +05:30  INF]  Executed action Crayon.api.Controllers.EmployeeController.GetVisibleEmployees (Crayon.api) in 679.376ms
[2026-08-04 12:10:27.025 +05:30  INF]  Executed endpoint 'Crayon.api.Controllers.EmployeeController.GetVisibleEmployees (Crayon.api)'
[2026-08-04 12:10:27.027 +05:30  INF]  Request finished HTTP/1.1 GET http://localhost:5278/api/Employee/GetVisibleEmployees - 200 null application/json; charset=utf-8 722.2527ms
[2026-08-04 12:10:31.635 +05:30  INF]  Request starting HTTP/1.1 GET http://localhost:5278/api/Department/GetAllDepartments - null null
[2026-08-04 12:10:31.637 +05:30  INF]  Executing endpoint 'Crayon.api.Controllers.DepartmentController.GetAllDepartments (Crayon.api)'
[2026-08-04 12:10:31.670 +05:30  INF]  Route matched with {action = "GetAllDepartments", controller = "Department"}. Executing controller action with signature System.Threading.Tasks.Task`1[Microsoft.AspNetCore.Mvc.IActionResult] GetAllDepartments() on controller Crayon.api.Controllers.DepartmentController (Crayon.api).
[2026-08-04 12:10:31.733 +05:30  INF]  Executed DbCommand (8ms) [Parameters=[], CommandType='"Text"', CommandTimeout='30']
SELECT [d].[DepartmentId], [d].[DepartmentName]
FROM [Department] AS [d]
WHERE [d].[IsActive] = CAST(1 AS bit)
[2026-08-04 12:10:31.736 +05:30  INF]  Executing OkObjectResult, writing value of type 'Crayon.Entity.Common.Result`1[[System.Collections.Generic.List`1[[Crayon.Entity.Dto.DepartmentResponse, Crayon.Entity, Version=1.0.0.0, Culture=neutral, PublicKeyToken=null]], System.Private.CoreLib, Version=10.0.0.0, Culture=neutral, PublicKeyToken=7cec85d7bea7798e]]'.
[2026-08-04 12:10:31.748 +05:30  INF]  Executed action Crayon.api.Controllers.DepartmentController.GetAllDepartments (Crayon.api) in 77.2051ms
[2026-08-04 12:10:31.748 +05:30  INF]  Executed endpoint 'Crayon.api.Controllers.DepartmentController.GetAllDepartments (Crayon.api)'
[2026-08-04 12:10:31.749 +05:30  INF]  Request finished HTTP/1.1 GET http://localhost:5278/api/Department/GetAllDepartments - 200 null application/json; charset=utf-8 113.9282ms
[2026-08-04 12:10:31.785 +05:30  INF]  Request starting HTTP/1.1 GET http://localhost:5278/api/Designation/GetAllDesignations - null null
[2026-08-04 12:10:31.786 +05:30  INF]  Executing endpoint 'Crayon.Api.Controllers.DesignationController.GetAllDesignations (Crayon.api)'
[2026-08-04 12:10:31.814 +05:30  INF]  Route matched with {action = "GetAllDesignations", controller = "Designation"}. Executing controller action with signature System.Threading.Tasks.Task`1[Microsoft.AspNetCore.Mvc.IActionResult] GetAllDesignations() on controller Crayon.Api.Controllers.DesignationController (Crayon.api).
[2026-08-04 12:10:31.853 +05:30  INF]  Executed DbCommand (9ms) [Parameters=[], CommandType='"Text"', CommandTimeout='30']
SELECT [d].[DesignationId], [d].[DesignationName]
FROM [Designation] AS [d]
WHERE [d].[IsActive] = CAST(1 AS bit)
[2026-08-04 12:10:31.856 +05:30  INF]  Executing OkObjectResult, writing value of type 'Crayon.Entity.Common.Result`1[[System.Collections.Generic.List`1[[Crayon.Entity.Dto.DesignationResponse, Crayon.Entity, Version=1.0.0.0, Culture=neutral, PublicKeyToken=null]], System.Private.CoreLib, Version=10.0.0.0, Culture=neutral, PublicKeyToken=7cec85d7bea7798e]]'.
[2026-08-04 12:10:31.872 +05:30  INF]  Executed action Crayon.Api.Controllers.DesignationController.GetAllDesignations (Crayon.api) in 57.6762ms
[2026-08-04 12:10:31.872 +05:30  INF]  Executed endpoint 'Crayon.Api.Controllers.DesignationController.GetAllDesignations (Crayon.api)'
[2026-08-04 12:10:31.873 +05:30  INF]  Request finished HTTP/1.1 GET http://localhost:5278/api/Designation/GetAllDesignations - 200 null application/json; charset=utf-8 88.8433ms
[2026-08-04 12:10:31.906 +05:30  INF]  Request starting HTTP/1.1 GET http://localhost:5278/api/Workplace/GetAllWorkplaces - null null
[2026-08-04 12:10:31.909 +05:30  INF]  Executing endpoint 'Crayon.api.Controllers.WorkplaceController.GetAllWorkplaces (Crayon.api)'
[2026-08-04 12:10:31.941 +05:30  INF]  Route matched with {action = "GetAllWorkplaces", controller = "Workplace"}. Executing controller action with signature System.Threading.Tasks.Task`1[Microsoft.AspNetCore.Mvc.IActionResult] GetAllWorkplaces() on controller Crayon.api.Controllers.WorkplaceController (Crayon.api).
[2026-08-04 12:10:32.013 +05:30  INF]  Executed DbCommand (24ms) [Parameters=[], CommandType='"Text"', CommandTimeout='30']
SELECT [w].[WorkplaceId], [w].[Name], [w].[Address]
FROM [Workplace] AS [w]
WHERE [w].[IsActive] = CAST(1 AS bit)
[2026-08-04 12:10:32.023 +05:30  INF]  Executing OkObjectResult, writing value of type 'Crayon.Entity.Common.Result`1[[System.Collections.Generic.List`1[[Crayon.Entity.Dto.WorkplaceResponse, Crayon.Entity, Version=1.0.0.0, Culture=neutral, PublicKeyToken=null]], System.Private.CoreLib, Version=10.0.0.0, Culture=neutral, PublicKeyToken=7cec85d7bea7798e]]'.
[2026-08-04 12:10:32.035 +05:30  INF]  Executed action Crayon.api.Controllers.WorkplaceController.GetAllWorkplaces (Crayon.api) in 93.2404ms
[2026-08-04 12:10:32.035 +05:30  INF]  Executed endpoint 'Crayon.api.Controllers.WorkplaceController.GetAllWorkplaces (Crayon.api)'
[2026-08-04 12:10:32.038 +05:30  INF]  Request finished HTTP/1.1 GET http://localhost:5278/api/Workplace/GetAllWorkplaces - 200 null application/json; charset=utf-8 132.1781ms
[2026-08-04 12:10:32.066 +05:30  INF]  Request starting HTTP/1.1 GET http://localhost:5278/api/Employee/GetAllEmployees - null null
[2026-08-04 12:10:32.068 +05:30  INF]  Executing endpoint 'Crayon.api.Controllers.EmployeeController.GetAllEmployees (Crayon.api)'
[2026-08-04 12:10:32.101 +05:30  INF]  Route matched with {action = "GetAllEmployees", controller = "Employee"}. Executing controller action with signature System.Threading.Tasks.Task`1[Microsoft.AspNetCore.Mvc.IActionResult] GetAllEmployees() on controller Crayon.api.Controllers.EmployeeController (Crayon.api).
[2026-08-04 12:10:32.141 +05:30  INF]  Fetching All Employees
[2026-08-04 12:10:32.202 +05:30  INF]  Executed DbCommand (2ms) [Parameters=[], CommandType='"Text"', CommandTimeout='30']
SELECT [e].[EmployeeId], [e].[UserId], [e].[EmployeeCode], [e].[FirstName], [e].[LastName], [e].[FirstName] + N' ' + [e].[LastName] AS [FullName], [a].[Email], [e].[PhoneNumber], [d].[DepartmentId], [d].[DepartmentName], [d0].[DesignationId], [d0].[DesignationName], [w].[WorkplaceId], [w].[Name] AS [WorkplaceName], (
    SELECT TOP(1) [a1].[Name]
    FROM [AspNetUserRoles] AS [a0]
    INNER JOIN [AspNetRoles] AS [a1] ON [a0].[RoleId] = [a1].[Id]
    WHERE [a0].[UserId] = [a].[Id]) AS [RoleName], [e].[ReportingEmployeeId] AS [ReportingManagerId], CASE
    WHEN [e0].[EmployeeId] IS NOT NULL THEN COALESCE([e0].[FirstName], N'') + N' ' + COALESCE([e0].[LastName], N'')
    ELSE N''
END AS [ReportingManagerName], [e].[IsActive], [e].[CreatedDate]
FROM [Employee] AS [e]
INNER JOIN [Department] AS [d] ON [e].[DepartmentId] = [d].[DepartmentId]
INNER JOIN [Designation] AS [d0] ON [e].[DesignationId] = [d0].[DesignationId]
INNER JOIN [Workplace] AS [w] ON [e].[WorkplaceId] = [w].[WorkplaceId]
INNER JOIN [AspNetUsers] AS [a] ON [e].[UserId] = [a].[Id]
LEFT JOIN [Employee] AS [e0] ON [e].[ReportingEmployeeId] = [e0].[EmployeeId]
WHERE [e].[IsActive] = CAST(1 AS bit)
[2026-08-04 12:10:32.204 +05:30  INF]  Executing OkObjectResult, writing value of type 'Crayon.Entity.Common.Result`1[[System.Collections.Generic.List`1[[Crayon.Entity.Dto.EmployeeResponse, Crayon.Entity, Version=1.0.0.0, Culture=neutral, PublicKeyToken=null]], System.Private.CoreLib, Version=10.0.0.0, Culture=neutral, PublicKeyToken=7cec85d7bea7798e]]'.
[2026-08-04 12:10:32.205 +05:30  INF]  Executed action Crayon.api.Controllers.EmployeeController.GetAllEmployees (Crayon.api) in 103.2641ms
[2026-08-04 12:10:32.205 +05:30  INF]  Executed endpoint 'Crayon.api.Controllers.EmployeeController.GetAllEmployees (Crayon.api)'
[2026-08-04 12:10:32.205 +05:30  INF]  Request finished HTTP/1.1 GET http://localhost:5278/api/Employee/GetAllEmployees - 200 null application/json; charset=utf-8 139.5099ms
[2026-08-04 12:10:32.220 +05:30  INF]  Request starting HTTP/1.1 GET http://localhost:5278/api/Employee/GetAllRoles - null null
[2026-08-04 12:10:32.221 +05:30  INF]  Executing endpoint 'Crayon.api.Controllers.EmployeeController.GetAllRoles (Crayon.api)'
[2026-08-04 12:10:32.243 +05:30  INF]  Route matched with {action = "GetAllRoles", controller = "Employee"}. Executing controller action with signature System.Threading.Tasks.Task`1[Microsoft.AspNetCore.Mvc.IActionResult] GetAllRoles() on controller Crayon.api.Controllers.EmployeeController (Crayon.api).
[2026-08-04 12:10:32.265 +05:30  INF]  Executed DbCommand (3ms) [Parameters=[], CommandType='"Text"', CommandTimeout='30']
SELECT [a].[Name]
FROM [AspNetRoles] AS [a]
[2026-08-04 12:10:32.266 +05:30  INF]  Executing OkObjectResult, writing value of type 'System.Collections.Generic.List`1[[System.String, System.Private.CoreLib, Version=10.0.0.0, Culture=neutral, PublicKeyToken=7cec85d7bea7798e]]'.
[2026-08-04 12:10:32.267 +05:30  INF]  Executed action Crayon.api.Controllers.EmployeeController.GetAllRoles (Crayon.api) in 23.5851ms
[2026-08-04 12:10:32.267 +05:30  INF]  Executed endpoint 'Crayon.api.Controllers.EmployeeController.GetAllRoles (Crayon.api)'
[2026-08-04 12:10:32.267 +05:30  INF]  Request finished HTTP/1.1 GET http://localhost:5278/api/Employee/GetAllRoles - 200 null application/json; charset=utf-8 47.5944ms
[2026-08-04 12:11:52.310 +05:30  INF]  Request starting HTTP/1.1 POST http://localhost:5278/api/Employee/RegisterEmployee - application/json; charset=utf-8 248
[2026-08-04 12:11:52.312 +05:30  INF]  Executing endpoint 'Crayon.api.Controllers.EmployeeController.Register (Crayon.api)'
[2026-08-04 12:11:52.348 +05:30  INF]  Route matched with {action = "Register", controller = "Employee"}. Executing controller action with signature System.Threading.Tasks.Task`1[Microsoft.AspNetCore.Mvc.IActionResult] Register(Crayon.Entity.Dto.EmployeeRequest) on controller Crayon.api.Controllers.EmployeeController (Crayon.api).
[2026-08-04 12:11:52.427 +05:30  INF]  Executed DbCommand (11ms) [Parameters=[@normalizedEmail='?' (Size = 256)], CommandType='"Text"', CommandTimeout='30']
SELECT TOP(2) [a].[Id], [a].[AccessFailedCount], [a].[ConcurrencyStamp], [a].[Email], [a].[EmailConfirmed], [a].[LockoutEnabled], [a].[LockoutEnd], [a].[NormalizedEmail], [a].[NormalizedUserName], [a].[PasswordHash], [a].[PhoneNumber], [a].[PhoneNumberConfirmed], [a].[SecurityStamp], [a].[TwoFactorEnabled], [a].[UserName]
FROM [AspNetUsers] AS [a]
WHERE [a].[NormalizedEmail] = @normalizedEmail
[2026-08-04 12:11:52.659 +05:30  INF]  Executed DbCommand (6ms) [Parameters=[@normalizedUserName='?' (Size = 256)], CommandType='"Text"', CommandTimeout='30']
SELECT TOP(1) [a].[Id], [a].[AccessFailedCount], [a].[ConcurrencyStamp], [a].[Email], [a].[EmailConfirmed], [a].[LockoutEnabled], [a].[LockoutEnd], [a].[NormalizedEmail], [a].[NormalizedUserName], [a].[PasswordHash], [a].[PhoneNumber], [a].[PhoneNumberConfirmed], [a].[SecurityStamp], [a].[TwoFactorEnabled], [a].[UserName]
FROM [AspNetUsers] AS [a]
WHERE [a].[NormalizedUserName] = @normalizedUserName
[2026-08-04 12:11:53.178 +05:30  INF]  Executed DbCommand (44ms) [Parameters=[@p0='?' (Size = 450), @p1='?' (DbType = Int32), @p2='?' (Size = 4000), @p3='?' (Size = 256), @p4='?' (DbType = Boolean), @p5='?' (DbType = Boolean), @p6='?' (DbType = DateTimeOffset), @p7='?' (Size = 256), @p8='?' (Size = 256), @p9='?' (Size = 4000), @p10='?' (Size = 4000), @p11='?' (DbType = Boolean), @p12='?' (Size = 4000), @p13='?' (DbType = Boolean), @p14='?' (Size = 256)], CommandType='"Text"', CommandTimeout='30']
SET IMPLICIT_TRANSACTIONS OFF;
SET NOCOUNT ON;
INSERT INTO [AspNetUsers] ([Id], [AccessFailedCount], [ConcurrencyStamp], [Email], [EmailConfirmed], [LockoutEnabled], [LockoutEnd], [NormalizedEmail], [NormalizedUserName], [PasswordHash], [PhoneNumber], [PhoneNumberConfirmed], [SecurityStamp], [TwoFactorEnabled], [UserName])
VALUES (@p0, @p1, @p2, @p3, @p4, @p5, @p6, @p7, @p8, @p9, @p10, @p11, @p12, @p13, @p14);
[2026-08-04 12:11:53.253 +05:30  INF]  Executed DbCommand (10ms) [Parameters=[@normalizedRoleName='?' (Size = 256)], CommandType='"Text"', CommandTimeout='30']
SELECT TOP(2) [a].[Id], [a].[ConcurrencyStamp], [a].[Name], [a].[NormalizedName]
FROM [AspNetRoles] AS [a]
WHERE [a].[NormalizedName] = @normalizedRoleName
[2026-08-04 12:11:53.262 +05:30  INF]  Executed DbCommand (3ms) [Parameters=[@p='?' (Size = 450), @p1='?' (Size = 450)], CommandType='"Text"', CommandTimeout='30']
SELECT TOP(1) [a].[UserId], [a].[RoleId]
FROM [AspNetUserRoles] AS [a]
WHERE [a].[UserId] = @p AND [a].[RoleId] = @p1
[2026-08-04 12:11:53.266 +05:30  INF]  Executed DbCommand (1ms) [Parameters=[@normalizedRoleName='?' (Size = 256)], CommandType='"Text"', CommandTimeout='30']
SELECT TOP(2) [a].[Id], [a].[ConcurrencyStamp], [a].[Name], [a].[NormalizedName]
FROM [AspNetRoles] AS [a]
WHERE [a].[NormalizedName] = @normalizedRoleName
[2026-08-04 12:11:53.276 +05:30  INF]  Executed DbCommand (6ms) [Parameters=[@normalizedUserName='?' (Size = 256)], CommandType='"Text"', CommandTimeout='30']
SELECT TOP(1) [a].[Id], [a].[AccessFailedCount], [a].[ConcurrencyStamp], [a].[Email], [a].[EmailConfirmed], [a].[LockoutEnabled], [a].[LockoutEnd], [a].[NormalizedEmail], [a].[NormalizedUserName], [a].[PasswordHash], [a].[PhoneNumber], [a].[PhoneNumberConfirmed], [a].[SecurityStamp], [a].[TwoFactorEnabled], [a].[UserName]
FROM [AspNetUsers] AS [a]
WHERE [a].[NormalizedUserName] = @normalizedUserName
[2026-08-04 12:11:53.483 +05:30  INF]  Executed DbCommand (49ms) [Parameters=[@p0='?' (Size = 450), @p1='?' (Size = 450), @p16='?' (Size = 450), @p2='?' (DbType = Int32), @p3='?' (Size = 4000), @p17='?' (Size = 4000), @p4='?' (Size = 256), @p5='?' (DbType = Boolean), @p6='?' (DbType = Boolean), @p7='?' (DbType = DateTimeOffset), @p8='?' (Size = 256), @p9='?' (Size = 256), @p10='?' (Size = 4000), @p11='?' (Size = 4000), @p12='?' (DbType = Boolean), @p13='?' (Size = 4000), @p14='?' (DbType = Boolean), @p15='?' (Size = 256)], CommandType='"Text"', CommandTimeout='30']
SET NOCOUNT ON;
INSERT INTO [AspNetUserRoles] ([RoleId], [UserId])
VALUES (@p0, @p1);
UPDATE [AspNetUsers] SET [AccessFailedCount] = @p2, [ConcurrencyStamp] = @p3, [Email] = @p4, [EmailConfirmed] = @p5, [LockoutEnabled] = @p6, [LockoutEnd] = @p7, [NormalizedEmail] = @p8, [NormalizedUserName] = @p9, [PasswordHash] = @p10, [PhoneNumber] = @p11, [PhoneNumberConfirmed] = @p12, [SecurityStamp] = @p13, [TwoFactorEnabled] = @p14, [UserName] = @p15
OUTPUT 1
WHERE [Id] = @p16 AND [ConcurrencyStamp] = @p17;
[2026-08-04 12:11:53.828 +05:30  INF]  Executed DbCommand (72ms) [Parameters=[@p0='?' (DbType = DateTime2), @p1='?' (DbType = Int32), @p2='?' (DbType = Int32), @p3='?' (Size = 50), @p4='?' (Size = 100), @p5='?' (DbType = Boolean), @p6='?' (Size = 100), @p7='?' (Size = 20), @p8='?' (DbType = Int32), @p9='?' (DbType = Int32), @p10='?' (Size = 450), @p11='?' (DbType = Int32)], CommandType='"Text"', CommandTimeout='30']
SET IMPLICIT_TRANSACTIONS OFF;
SET NOCOUNT ON;
INSERT INTO [Employee] ([CreatedDate], [DepartmentId], [DesignationId], [EmployeeCode], [FirstName], [IsActive], [LastName], [PhoneNumber], [ReportingEmployeeId], [ReportingToEmployeeId], [UserId], [WorkplaceId])
OUTPUT INSERTED.[EmployeeId]
VALUES (@p0, @p1, @p2, @p3, @p4, @p5, @p6, @p7, @p8, @p9, @p10, @p11);
[2026-08-04 12:11:53.962 +05:30  INF]  Executed DbCommand (10ms) [Parameters=[], CommandType='"Text"', CommandTimeout='30']
SELECT [l].[LeaveTypeId], [l].[DefaultDays], [l].[IsActive], [l].[LeaveName]
FROM [LeaveType] AS [l]
WHERE [l].[IsActive] = CAST(1 AS bit)
[2026-08-04 12:11:54.229 +05:30  INF]  Executed DbCommand (65ms) [Parameters=[@p0='?' (Precision = 18) (Scale = 2) (DbType = Decimal), @p1='?' (DbType = Int32), @p2='?' (DbType = Int32), @p3='?' (Precision = 18) (Scale = 2) (DbType = Decimal), @p4='?' (DbType = Int32), @p5='?' (DbType = Int32), @p6='?' (Precision = 18) (Scale = 2) (DbType = Decimal), @p7='?' (DbType = Int32), @p8='?' (DbType = Int32), @p9='?' (Precision = 18) (Scale = 2) (DbType = Decimal), @p10='?' (DbType = Int32), @p11='?' (DbType = Int32), @p12='?' (Precision = 18) (Scale = 2) (DbType = Decimal), @p13='?' (DbType = Int32), @p14='?' (DbType = Int32), @p15='?' (Precision = 18) (Scale = 2) (DbType = Decimal), @p16='?' (DbType = Int32), @p17='?' (DbType = Int32)], CommandType='"Text"', CommandTimeout='30']
SET IMPLICIT_TRANSACTIONS OFF;
SET NOCOUNT ON;
MERGE [LeaveBalance] USING (
VALUES (@p0, @p1, @p2, 0),
(@p3, @p4, @p5, 1),
(@p6, @p7, @p8, 2),
(@p9, @p10, @p11, 3),
(@p12, @p13, @p14, 4),
(@p15, @p16, @p17, 5)) AS i ([AvailableDays], [EmployeeId], [LeaveTypeId], _Position) ON 1=0
WHEN NOT MATCHED THEN
INSERT ([AvailableDays], [EmployeeId], [LeaveTypeId])
VALUES (i.[AvailableDays], i.[EmployeeId], i.[LeaveTypeId])
OUTPUT INSERTED.[LeaveBalanceId], i._Position;
[2026-08-04 12:11:54.250 +05:30  INF]  Executing OkObjectResult, writing value of type 'Crayon.Entity.Common.Result`1[[Crayon.Entity.Dto.UserResponse, Crayon.Entity, Version=1.0.0.0, Culture=neutral, PublicKeyToken=null]]'.
[2026-08-04 12:11:54.252 +05:30  INF]  Executed action Crayon.api.Controllers.EmployeeController.Register (Crayon.api) in 1903.9279ms
[2026-08-04 12:11:54.254 +05:30  INF]  Executed endpoint 'Crayon.api.Controllers.EmployeeController.Register (Crayon.api)'
[2026-08-04 12:11:54.255 +05:30  INF]  Request finished HTTP/1.1 POST http://localhost:5278/api/Employee/RegisterEmployee - 200 null application/json; charset=utf-8 1945.1495ms
[2026-08-04 12:11:54.300 +05:30  INF]  Request starting HTTP/1.1 GET http://localhost:5278/api/Employee/GetVisibleEmployees - null null
[2026-08-04 12:11:54.302 +05:30  INF]  Executing endpoint 'Crayon.api.Controllers.EmployeeController.GetVisibleEmployees (Crayon.api)'
[2026-08-04 12:11:54.303 +05:30  INF]  Route matched with {action = "GetVisibleEmployees", controller = "Employee"}. Executing controller action with signature System.Threading.Tasks.Task`1[Microsoft.AspNetCore.Mvc.IActionResult] GetVisibleEmployees() on controller Crayon.api.Controllers.EmployeeController (Crayon.api).
[2026-08-04 12:11:54.318 +05:30  INF]  Executed DbCommand (9ms) [Parameters=[@userId='?' (Size = 450)], CommandType='"Text"', CommandTimeout='30']
SELECT TOP(1) [e].[EmployeeId], [e].[CreatedDate], [e].[DepartmentId], [e].[DesignationId], [e].[EmployeeCode], [e].[FirstName], [e].[IsActive], [e].[LastName], [e].[PhoneNumber], [e].[ReportingEmployeeId], [e].[ReportingToEmployeeId], [e].[UserId], [e].[WorkplaceId]
FROM [Employee] AS [e]
WHERE [e].[UserId] = @userId
[2026-08-04 12:11:54.399 +05:30  INF]  Executed DbCommand (65ms) [Parameters=[], CommandType='"Text"', CommandTimeout='30']
SELECT [e].[EmployeeId], [e].[UserId], [e].[EmployeeCode], [e].[FirstName], [e].[LastName], [e].[FirstName] + N' ' + [e].[LastName] AS [FullName], [a].[Email], [e].[PhoneNumber], [d].[DepartmentId], [d].[DepartmentName], [d0].[DesignationId], [d0].[DesignationName], [w].[WorkplaceId], [w].[Name] AS [WorkplaceName], (
    SELECT TOP(1) [a1].[Name]
    FROM [AspNetUserRoles] AS [a0]
    INNER JOIN [AspNetRoles] AS [a1] ON [a0].[RoleId] = [a1].[Id]
    WHERE [a0].[UserId] = [a].[Id]) AS [RoleName], [e].[ReportingEmployeeId] AS [ReportingManagerId], CASE
    WHEN [e0].[EmployeeId] IS NOT NULL THEN COALESCE([e0].[FirstName], N'') + N' ' + COALESCE([e0].[LastName], N'')
    ELSE N''
END AS [ReportingManagerName], [e].[IsActive], [e].[CreatedDate]
FROM [Employee] AS [e]
INNER JOIN [Department] AS [d] ON [e].[DepartmentId] = [d].[DepartmentId]
INNER JOIN [Designation] AS [d0] ON [e].[DesignationId] = [d0].[DesignationId]
INNER JOIN [Workplace] AS [w] ON [e].[WorkplaceId] = [w].[WorkplaceId]
INNER JOIN [AspNetUsers] AS [a] ON [e].[UserId] = [a].[Id]
LEFT JOIN [Employee] AS [e0] ON [e].[ReportingEmployeeId] = [e0].[EmployeeId]
WHERE [e].[IsActive] = CAST(1 AS bit)
[2026-08-04 12:11:54.400 +05:30  INF]  Executing OkObjectResult, writing value of type 'Crayon.Entity.Common.Result`1[[System.Collections.Generic.List`1[[Crayon.Entity.Dto.EmployeeResponse, Crayon.Entity, Version=1.0.0.0, Culture=neutral, PublicKeyToken=null]], System.Private.CoreLib, Version=10.0.0.0, Culture=neutral, PublicKeyToken=7cec85d7bea7798e]]'.
[2026-08-04 12:11:54.407 +05:30  INF]  Executed action Crayon.api.Controllers.EmployeeController.GetVisibleEmployees (Crayon.api) in 103.7141ms
[2026-08-04 12:11:54.407 +05:30  INF]  Executed endpoint 'Crayon.api.Controllers.EmployeeController.GetVisibleEmployees (Crayon.api)'
[2026-08-04 12:11:54.407 +05:30  INF]  Request finished HTTP/1.1 GET http://localhost:5278/api/Employee/GetVisibleEmployees - 200 null application/json; charset=utf-8 107.5355ms
[2026-08-04 12:12:11.364 +05:30  INF]  Request starting HTTP/1.1 POST http://localhost:5278/api/Employee/Login - application/json; charset=utf-8 55
[2026-08-04 12:12:11.366 +05:30  INF]  Executing endpoint 'Crayon.api.Controllers.EmployeeController.Login (Crayon.api)'
[2026-08-04 12:12:11.366 +05:30  INF]  Route matched with {action = "Login", controller = "Employee"}. Executing controller action with signature System.Threading.Tasks.Task`1[Microsoft.AspNetCore.Mvc.IActionResult] Login(Crayon.Entity.Dto.UserRequest) on controller Crayon.api.Controllers.EmployeeController (Crayon.api).
[2026-08-04 12:12:11.384 +05:30  INF]  Executed DbCommand (4ms) [Parameters=[@normalizedEmail='?' (Size = 256)], CommandType='"Text"', CommandTimeout='30']
SELECT TOP(2) [a].[Id], [a].[AccessFailedCount], [a].[ConcurrencyStamp], [a].[Email], [a].[EmailConfirmed], [a].[LockoutEnabled], [a].[LockoutEnd], [a].[NormalizedEmail], [a].[NormalizedUserName], [a].[PasswordHash], [a].[PhoneNumber], [a].[PhoneNumberConfirmed], [a].[SecurityStamp], [a].[TwoFactorEnabled], [a].[UserName]
FROM [AspNetUsers] AS [a]
WHERE [a].[NormalizedEmail] = @normalizedEmail
[2026-08-04 12:12:11.621 +05:30  INF]  Executed DbCommand (11ms) [Parameters=[@userId='?' (Size = 450)], CommandType='"Text"', CommandTimeout='30']
SELECT [a0].[Name]
FROM [AspNetUserRoles] AS [a]
INNER JOIN [AspNetRoles] AS [a0] ON [a].[RoleId] = [a0].[Id]
WHERE [a].[UserId] = @userId
[2026-08-04 12:12:11.622 +05:30  INF]  Executing OkObjectResult, writing value of type 'Crayon.Entity.Common.Result`1[[Crayon.Entity.Dto.UserResponse, Crayon.Entity, Version=1.0.0.0, Culture=neutral, PublicKeyToken=null]]'.
[2026-08-04 12:12:11.623 +05:30  INF]  Executed action Crayon.api.Controllers.EmployeeController.Login (Crayon.api) in 256.9808ms
[2026-08-04 12:12:11.624 +05:30  INF]  Executed endpoint 'Crayon.api.Controllers.EmployeeController.Login (Crayon.api)'
[2026-08-04 12:12:11.624 +05:30  INF]  Request finished HTTP/1.1 POST http://localhost:5278/api/Employee/Login - 200 null application/json; charset=utf-8 260.8608ms
[2026-08-04 12:12:11.704 +05:30  INF]  Request starting HTTP/1.1 GET http://localhost:5278/api/LeaveApplication/GetEmployeeLeaveApplications/1b3da5e5-61ce-4332-a65f-f0827450ac35 - null null
[2026-08-04 12:12:11.705 +05:30  INF]  Executing endpoint 'Crayon.api.Controllers.LeaveApplicationController.GetEmployeeLeaveApplications (Crayon.api)'
[2026-08-04 12:12:11.727 +05:30  INF]  Route matched with {action = "GetEmployeeLeaveApplications", controller = "LeaveApplication"}. Executing controller action with signature System.Threading.Tasks.Task`1[Microsoft.AspNetCore.Mvc.IActionResult] GetEmployeeLeaveApplications(System.String) on controller Crayon.api.Controllers.LeaveApplicationController (Crayon.api).
[2026-08-04 12:12:11.814 +05:30  INF]  Executed DbCommand (47ms) [Parameters=[@userId='?' (Size = 450)], CommandType='"Text"', CommandTimeout='30']
SELECT [l].[LeaveApplicationId], [e].[FirstName] + N' ' + [e].[LastName] AS [EmployeeName], [l0].[LeaveName], [l].[FromDate], [l].[ToDate], [l].[TotalDays], [l].[Reason], [l].[Status], [l].[AppliedDate]
FROM [LeaveApplication] AS [l]
INNER JOIN [Employee] AS [e] ON [l].[EmployeeId] = [e].[EmployeeId]
INNER JOIN [LeaveType] AS [l0] ON [l].[LeaveTypeId] = [l0].[LeaveTypeId]
WHERE [e].[UserId] = @userId
[2026-08-04 12:12:11.816 +05:30  INF]  Executing OkObjectResult, writing value of type 'Crayon.Entity.Common.Result`1[[System.Collections.Generic.List`1[[Crayon.Entity.Dto.LeaveApplicationResponse, Crayon.Entity, Version=1.0.0.0, Culture=neutral, PublicKeyToken=null]], System.Private.CoreLib, Version=10.0.0.0, Culture=neutral, PublicKeyToken=7cec85d7bea7798e]]'.
[2026-08-04 12:12:11.823 +05:30  INF]  Executed action Crayon.api.Controllers.LeaveApplicationController.GetEmployeeLeaveApplications (Crayon.api) in 96.2877ms
[2026-08-04 12:12:11.823 +05:30  INF]  Executed endpoint 'Crayon.api.Controllers.LeaveApplicationController.GetEmployeeLeaveApplications (Crayon.api)'
[2026-08-04 12:12:11.824 +05:30  INF]  Request finished HTTP/1.1 GET http://localhost:5278/api/LeaveApplication/GetEmployeeLeaveApplications/1b3da5e5-61ce-4332-a65f-f0827450ac35 - 200 null application/json; charset=utf-8 120.1181ms
[2026-08-04 12:12:12.110 +05:30  INF]  Request starting HTTP/1.1 GET http://localhost:5278/api/Attendance/GetEmployeeAttendance/1b3da5e5-61ce-4332-a65f-f0827450ac35 - null null
[2026-08-04 12:12:12.111 +05:30  INF]  Executing endpoint 'Crayon.Api.Controllers.AttendanceController.GetEmployeeAttendance (Crayon.api)'
[2026-08-04 12:12:12.128 +05:30  INF]  Route matched with {action = "GetEmployeeAttendance", controller = "Attendance"}. Executing controller action with signature System.Threading.Tasks.Task`1[Microsoft.AspNetCore.Mvc.IActionResult] GetEmployeeAttendance(System.String) on controller Crayon.Api.Controllers.AttendanceController (Crayon.api).
[2026-08-04 12:12:12.144 +05:30  INF]  Executed DbCommand (1ms) [Parameters=[@userId='?' (Size = 450)], CommandType='"Text"', CommandTimeout='30']
SELECT TOP(1) [e].[EmployeeId], [e].[CreatedDate], [e].[DepartmentId], [e].[DesignationId], [e].[EmployeeCode], [e].[FirstName], [e].[IsActive], [e].[LastName], [e].[PhoneNumber], [e].[ReportingEmployeeId], [e].[ReportingToEmployeeId], [e].[UserId], [e].[WorkplaceId]
FROM [Employee] AS [e]
WHERE [e].[UserId] = @userId
[2026-08-04 12:12:12.215 +05:30  INF]  Executed DbCommand (15ms) [Parameters=[@employee_EmployeeId='?' (DbType = Int32)], CommandType='"Text"', CommandTimeout='30']
SELECT [a].[AttendanceId], [e].[EmployeeId], [e].[FirstName] + N' ' + [e].[LastName] AS [EmployeeName], [a].[AttendanceDate], [a].[CheckInTime], [a].[CheckOutTime], [a].[HoursWorked], [a].[AttendanceStatus], [a].[IsApproved]
FROM [Attendance] AS [a]
INNER JOIN [Employee] AS [e] ON [a].[EmployeeId] = [e].[EmployeeId]
WHERE [a].[EmployeeId] = @employee_EmployeeId
ORDER BY [a].[AttendanceDate] DESC
[2026-08-04 12:12:12.217 +05:30  INF]  Executing OkObjectResult, writing value of type 'Crayon.Entity.Common.Result`1[[System.Collections.Generic.List`1[[Crayon.Entity.Dto.AttendanceResponse, Crayon.Entity, Version=1.0.0.0, Culture=neutral, PublicKeyToken=null]], System.Private.CoreLib, Version=10.0.0.0, Culture=neutral, PublicKeyToken=7cec85d7bea7798e]]'.
[2026-08-04 12:12:12.258 +05:30  INF]  Executed action Crayon.Api.Controllers.AttendanceController.GetEmployeeAttendance (Crayon.api) in 130.0544ms
[2026-08-04 12:12:12.258 +05:30  INF]  Executed endpoint 'Crayon.Api.Controllers.AttendanceController.GetEmployeeAttendance (Crayon.api)'
[2026-08-04 12:12:12.258 +05:30  INF]  Request finished HTTP/1.1 GET http://localhost:5278/api/Attendance/GetEmployeeAttendance/1b3da5e5-61ce-4332-a65f-f0827450ac35 - 200 null application/json; charset=utf-8 148.5638ms
[2026-08-04 12:12:22.523 +05:30  INF]  Request starting HTTP/1.1 GET http://localhost:5278/api/LeaveBalance/GetEmployeeLeaveBalances/1b3da5e5-61ce-4332-a65f-f0827450ac35 - null null
[2026-08-04 12:12:22.525 +05:30  INF]  Executing endpoint 'Crayon.Api.Controllers.LeaveBalanceController.GetEmployeeLeaveBalances (Crayon.api)'
[2026-08-04 12:12:22.555 +05:30  INF]  Route matched with {action = "GetEmployeeLeaveBalances", controller = "LeaveBalance"}. Executing controller action with signature System.Threading.Tasks.Task`1[Microsoft.AspNetCore.Mvc.IActionResult] GetEmployeeLeaveBalances(System.String) on controller Crayon.Api.Controllers.LeaveBalanceController (Crayon.api).
[2026-08-04 12:12:22.622 +05:30  INF]  Executed DbCommand (14ms) [Parameters=[@userId='?' (Size = 450)], CommandType='"Text"', CommandTimeout='30']
SELECT [l].[LeaveBalanceId], [e].[EmployeeId], [e].[FirstName] + N' ' + [e].[LastName] AS [EmployeeName], [l0].[LeaveTypeId], [l0].[LeaveName], [l].[AvailableDays]
FROM [LeaveBalance] AS [l]
INNER JOIN [Employee] AS [e] ON [l].[EmployeeId] = [e].[EmployeeId]
INNER JOIN [LeaveType] AS [l0] ON [l].[LeaveTypeId] = [l0].[LeaveTypeId]
WHERE [e].[UserId] = @userId
[2026-08-04 12:12:22.631 +05:30  INF]  Executing OkObjectResult, writing value of type 'Crayon.Entity.Common.Result`1[[System.Collections.Generic.List`1[[Crayon.Entity.Dto.LeaveBalanceResponse, Crayon.Entity, Version=1.0.0.0, Culture=neutral, PublicKeyToken=null]], System.Private.CoreLib, Version=10.0.0.0, Culture=neutral, PublicKeyToken=7cec85d7bea7798e]]'.
[2026-08-04 12:12:22.644 +05:30  INF]  Executed action Crayon.Api.Controllers.LeaveBalanceController.GetEmployeeLeaveBalances (Crayon.api) in 88.2782ms
[2026-08-04 12:12:22.644 +05:30  INF]  Executed endpoint 'Crayon.Api.Controllers.LeaveBalanceController.GetEmployeeLeaveBalances (Crayon.api)'
[2026-08-04 12:12:22.644 +05:30  INF]  Request finished HTTP/1.1 GET http://localhost:5278/api/LeaveBalance/GetEmployeeLeaveBalances/1b3da5e5-61ce-4332-a65f-f0827450ac35 - 200 null application/json; charset=utf-8 121.7469ms
[2026-08-04 12:12:53.966 +05:30  INF]  Request starting HTTP/1.1 GET http://localhost:5278/api/LeaveApplication/GetEmployeeLeaveApplications/1b3da5e5-61ce-4332-a65f-f0827450ac35 - null null
[2026-08-04 12:12:53.977 +05:30  INF]  Executing endpoint 'Crayon.api.Controllers.LeaveApplicationController.GetEmployeeLeaveApplications (Crayon.api)'
[2026-08-04 12:12:53.977 +05:30  INF]  Route matched with {action = "GetEmployeeLeaveApplications", controller = "LeaveApplication"}. Executing controller action with signature System.Threading.Tasks.Task`1[Microsoft.AspNetCore.Mvc.IActionResult] GetEmployeeLeaveApplications(System.String) on controller Crayon.api.Controllers.LeaveApplicationController (Crayon.api).
[2026-08-04 12:12:54.011 +05:30  INF]  Executed DbCommand (23ms) [Parameters=[@userId='?' (Size = 450)], CommandType='"Text"', CommandTimeout='30']
SELECT [l].[LeaveApplicationId], [e].[FirstName] + N' ' + [e].[LastName] AS [EmployeeName], [l0].[LeaveName], [l].[FromDate], [l].[ToDate], [l].[TotalDays], [l].[Reason], [l].[Status], [l].[AppliedDate]
FROM [LeaveApplication] AS [l]
INNER JOIN [Employee] AS [e] ON [l].[EmployeeId] = [e].[EmployeeId]
INNER JOIN [LeaveType] AS [l0] ON [l].[LeaveTypeId] = [l0].[LeaveTypeId]
WHERE [e].[UserId] = @userId
[2026-08-04 12:12:54.012 +05:30  INF]  Executing OkObjectResult, writing value of type 'Crayon.Entity.Common.Result`1[[System.Collections.Generic.List`1[[Crayon.Entity.Dto.LeaveApplicationResponse, Crayon.Entity, Version=1.0.0.0, Culture=neutral, PublicKeyToken=null]], System.Private.CoreLib, Version=10.0.0.0, Culture=neutral, PublicKeyToken=7cec85d7bea7798e]]'.
[2026-08-04 12:12:54.013 +05:30  INF]  Executed action Crayon.api.Controllers.LeaveApplicationController.GetEmployeeLeaveApplications (Crayon.api) in 34.9854ms
[2026-08-04 12:12:54.013 +05:30  INF]  Executed endpoint 'Crayon.api.Controllers.LeaveApplicationController.GetEmployeeLeaveApplications (Crayon.api)'
[2026-08-04 12:12:54.013 +05:30  INF]  Request finished HTTP/1.1 GET http://localhost:5278/api/LeaveApplication/GetEmployeeLeaveApplications/1b3da5e5-61ce-4332-a65f-f0827450ac35 - 200 null application/json; charset=utf-8 48.1902ms
[2026-08-04 12:12:54.206 +05:30  INF]  Request starting HTTP/1.1 GET http://localhost:5278/api/Attendance/GetEmployeeAttendance/1b3da5e5-61ce-4332-a65f-f0827450ac35 - null null
[2026-08-04 12:12:54.213 +05:30  INF]  Executing endpoint 'Crayon.Api.Controllers.AttendanceController.GetEmployeeAttendance (Crayon.api)'
[2026-08-04 12:12:54.214 +05:30  INF]  Route matched with {action = "GetEmployeeAttendance", controller = "Attendance"}. Executing controller action with signature System.Threading.Tasks.Task`1[Microsoft.AspNetCore.Mvc.IActionResult] GetEmployeeAttendance(System.String) on controller Crayon.Api.Controllers.AttendanceController (Crayon.api).
[2026-08-04 12:12:54.224 +05:30  INF]  Executed DbCommand (6ms) [Parameters=[@userId='?' (Size = 450)], CommandType='"Text"', CommandTimeout='30']
SELECT TOP(1) [e].[EmployeeId], [e].[CreatedDate], [e].[DepartmentId], [e].[DesignationId], [e].[EmployeeCode], [e].[FirstName], [e].[IsActive], [e].[LastName], [e].[PhoneNumber], [e].[ReportingEmployeeId], [e].[ReportingToEmployeeId], [e].[UserId], [e].[WorkplaceId]
FROM [Employee] AS [e]
WHERE [e].[UserId] = @userId
[2026-08-04 12:12:54.239 +05:30  INF]  Executed DbCommand (9ms) [Parameters=[@employee_EmployeeId='?' (DbType = Int32)], CommandType='"Text"', CommandTimeout='30']
SELECT [a].[AttendanceId], [e].[EmployeeId], [e].[FirstName] + N' ' + [e].[LastName] AS [EmployeeName], [a].[AttendanceDate], [a].[CheckInTime], [a].[CheckOutTime], [a].[HoursWorked], [a].[AttendanceStatus], [a].[IsApproved]
FROM [Attendance] AS [a]
INNER JOIN [Employee] AS [e] ON [a].[EmployeeId] = [e].[EmployeeId]
WHERE [a].[EmployeeId] = @employee_EmployeeId
ORDER BY [a].[AttendanceDate] DESC
[2026-08-04 12:12:54.239 +05:30  INF]  Executing OkObjectResult, writing value of type 'Crayon.Entity.Common.Result`1[[System.Collections.Generic.List`1[[Crayon.Entity.Dto.AttendanceResponse, Crayon.Entity, Version=1.0.0.0, Culture=neutral, PublicKeyToken=null]], System.Private.CoreLib, Version=10.0.0.0, Culture=neutral, PublicKeyToken=7cec85d7bea7798e]]'.
[2026-08-04 12:12:54.239 +05:30  INF]  Executed action Crayon.Api.Controllers.AttendanceController.GetEmployeeAttendance (Crayon.api) in 25.6905ms
[2026-08-04 12:12:54.240 +05:30  INF]  Executed endpoint 'Crayon.Api.Controllers.AttendanceController.GetEmployeeAttendance (Crayon.api)'
[2026-08-04 12:12:54.240 +05:30  INF]  Request finished HTTP/1.1 GET http://localhost:5278/api/Attendance/GetEmployeeAttendance/1b3da5e5-61ce-4332-a65f-f0827450ac35 - 200 null application/json; charset=utf-8 34.3656ms
[2026-08-04 12:12:57.114 +05:30  INF]  Request starting HTTP/1.1 GET http://localhost:5278/api/LeaveBalance/GetEmployeeLeaveBalances/1b3da5e5-61ce-4332-a65f-f0827450ac35 - null null
[2026-08-04 12:12:57.121 +05:30  INF]  Executing endpoint 'Crayon.Api.Controllers.LeaveBalanceController.GetEmployeeLeaveBalances (Crayon.api)'
[2026-08-04 12:12:57.121 +05:30  INF]  Route matched with {action = "GetEmployeeLeaveBalances", controller = "LeaveBalance"}. Executing controller action with signature System.Threading.Tasks.Task`1[Microsoft.AspNetCore.Mvc.IActionResult] GetEmployeeLeaveBalances(System.String) on controller Crayon.Api.Controllers.LeaveBalanceController (Crayon.api).
[2026-08-04 12:12:57.182 +05:30  INF]  Executed DbCommand (20ms) [Parameters=[@userId='?' (Size = 450)], CommandType='"Text"', CommandTimeout='30']
SELECT [l].[LeaveBalanceId], [e].[EmployeeId], [e].[FirstName] + N' ' + [e].[LastName] AS [EmployeeName], [l0].[LeaveTypeId], [l0].[LeaveName], [l].[AvailableDays]
FROM [LeaveBalance] AS [l]
INNER JOIN [Employee] AS [e] ON [l].[EmployeeId] = [e].[EmployeeId]
INNER JOIN [LeaveType] AS [l0] ON [l].[LeaveTypeId] = [l0].[LeaveTypeId]
WHERE [e].[UserId] = @userId
[2026-08-04 12:12:57.184 +05:30  INF]  Executing OkObjectResult, writing value of type 'Crayon.Entity.Common.Result`1[[System.Collections.Generic.List`1[[Crayon.Entity.Dto.LeaveBalanceResponse, Crayon.Entity, Version=1.0.0.0, Culture=neutral, PublicKeyToken=null]], System.Private.CoreLib, Version=10.0.0.0, Culture=neutral, PublicKeyToken=7cec85d7bea7798e]]'.
[2026-08-04 12:12:57.185 +05:30  INF]  Executed action Crayon.Api.Controllers.LeaveBalanceController.GetEmployeeLeaveBalances (Crayon.api) in 63.0297ms
[2026-08-04 12:12:57.185 +05:30  INF]  Executed endpoint 'Crayon.Api.Controllers.LeaveBalanceController.GetEmployeeLeaveBalances (Crayon.api)'
[2026-08-04 12:12:57.185 +05:30  INF]  Request finished HTTP/1.1 GET http://localhost:5278/api/LeaveBalance/GetEmployeeLeaveBalances/1b3da5e5-61ce-4332-a65f-f0827450ac35 - 200 null application/json; charset=utf-8 71.5289ms
[2026-08-04 12:14:02.856 +05:30  INF]  Request starting HTTP/1.1 POST http://localhost:5278/api/LeaveApplication/ApplyLeave - application/json; charset=utf-8 149
[2026-08-04 12:14:02.857 +05:30  INF]  Executing endpoint 'Crayon.api.Controllers.LeaveApplicationController.ApplyLeave (Crayon.api)'
[2026-08-04 12:14:02.894 +05:30  INF]  Route matched with {action = "ApplyLeave", controller = "LeaveApplication"}. Executing controller action with signature System.Threading.Tasks.Task`1[Microsoft.AspNetCore.Mvc.IActionResult] ApplyLeave(Crayon.Entity.Dto.LeaveApplicationRequest) on controller Crayon.api.Controllers.LeaveApplicationController (Crayon.api).
[2026-08-04 12:14:02.941 +05:30  INF]  Executed DbCommand (6ms) [Parameters=[@_8__locals1_request_UserId='?' (Size = 450)], CommandType='"Text"', CommandTimeout='30']
SELECT TOP(1) [e].[EmployeeId], [e].[CreatedDate], [e].[DepartmentId], [e].[DesignationId], [e].[EmployeeCode], [e].[FirstName], [e].[IsActive], [e].[LastName], [e].[PhoneNumber], [e].[ReportingEmployeeId], [e].[ReportingToEmployeeId], [e].[UserId], [e].[WorkplaceId]
FROM [Employee] AS [e]
WHERE [e].[UserId] = @_8__locals1_request_UserId
[2026-08-04 12:14:02.970 +05:30  INF]  Executed DbCommand (6ms) [Parameters=[@_8__locals1_request_LeaveTypeId='?' (DbType = Int32)], CommandType='"Text"', CommandTimeout='30']
SELECT TOP(1) [l].[LeaveTypeId], [l].[DefaultDays], [l].[IsActive], [l].[LeaveName]
FROM [LeaveType] AS [l]
WHERE [l].[LeaveTypeId] = @_8__locals1_request_LeaveTypeId
[2026-08-04 12:14:03.037 +05:30  INF]  Executed DbCommand (17ms) [Parameters=[@employee_EmployeeId='?' (DbType = Int32), @_8__locals1_request_LeaveTypeId='?' (DbType = Int32)], CommandType='"Text"', CommandTimeout='30']
SELECT TOP(1) [l].[LeaveBalanceId], [l].[AvailableDays], [l].[EmployeeId], [l].[LeaveTypeId]
FROM [LeaveBalance] AS [l]
WHERE [l].[EmployeeId] = @employee_EmployeeId AND [l].[LeaveTypeId] = @_8__locals1_request_LeaveTypeId
[2026-08-04 12:14:03.132 +05:30  INF]  Executed DbCommand (16ms) [Parameters=[@employee_EmployeeId='?' (DbType = Int32), @_8__locals1_request_FromDate='?' (DbType = DateTime2), @_8__locals1_request_ToDate='?' (DbType = DateTime2)], CommandType='"Text"', CommandTimeout='30']
SELECT CASE
    WHEN EXISTS (
        SELECT 1
        FROM [LeaveApplication] AS [l]
        WHERE [l].[EmployeeId] = @employee_EmployeeId AND [l].[Status] <> N'Cancelled' AND @_8__locals1_request_FromDate <= [l].[ToDate] AND @_8__locals1_request_ToDate >= [l].[FromDate]) THEN CAST(1 AS bit)
    ELSE CAST(0 AS bit)
END
[2026-08-04 12:14:03.259 +05:30  INF]  Executed DbCommand (20ms) [Parameters=[@p0='?' (DbType = DateTime2), @p1='?' (DbType = Int32), @p2='?' (DbType = DateTime2), @p3='?' (DbType = Int32), @p4='?' (Size = 4000), @p5='?' (Size = 4000), @p6='?' (DbType = DateTime2), @p7='?' (DbType = Int32)], CommandType='"Text"', CommandTimeout='30']
SET IMPLICIT_TRANSACTIONS OFF;
SET NOCOUNT ON;
INSERT INTO [LeaveApplication] ([AppliedDate], [EmployeeId], [FromDate], [LeaveTypeId], [Reason], [Status], [ToDate], [TotalDays])
OUTPUT INSERTED.[LeaveApplicationId]
VALUES (@p0, @p1, @p2, @p3, @p4, @p5, @p6, @p7);
[2026-08-04 12:14:03.272 +05:30  INF]  Executing OkObjectResult, writing value of type 'Crayon.Entity.Common.Result`1[[Crayon.Entity.Dto.LeaveApplicationResponse, Crayon.Entity, Version=1.0.0.0, Culture=neutral, PublicKeyToken=null]]'.
[2026-08-04 12:14:03.279 +05:30  INF]  Executed action Crayon.api.Controllers.LeaveApplicationController.ApplyLeave (Crayon.api) in 384.3129ms
[2026-08-04 12:14:03.279 +05:30  INF]  Executed endpoint 'Crayon.api.Controllers.LeaveApplicationController.ApplyLeave (Crayon.api)'
[2026-08-04 12:14:03.279 +05:30  INF]  Request finished HTTP/1.1 POST http://localhost:5278/api/LeaveApplication/ApplyLeave - 200 null application/json; charset=utf-8 423.6038ms
[2026-08-04 12:14:03.342 +05:30  INF]  Request starting HTTP/1.1 GET http://localhost:5278/api/LeaveApplication/GetEmployeeLeaveApplications/1b3da5e5-61ce-4332-a65f-f0827450ac35 - null null
[2026-08-04 12:14:03.343 +05:30  INF]  Executing endpoint 'Crayon.api.Controllers.LeaveApplicationController.GetEmployeeLeaveApplications (Crayon.api)'
[2026-08-04 12:14:03.343 +05:30  INF]  Route matched with {action = "GetEmployeeLeaveApplications", controller = "LeaveApplication"}. Executing controller action with signature System.Threading.Tasks.Task`1[Microsoft.AspNetCore.Mvc.IActionResult] GetEmployeeLeaveApplications(System.String) on controller Crayon.api.Controllers.LeaveApplicationController (Crayon.api).
[2026-08-04 12:14:03.359 +05:30  INF]  Executed DbCommand (12ms) [Parameters=[@userId='?' (Size = 450)], CommandType='"Text"', CommandTimeout='30']
SELECT [l].[LeaveApplicationId], [e].[FirstName] + N' ' + [e].[LastName] AS [EmployeeName], [l0].[LeaveName], [l].[FromDate], [l].[ToDate], [l].[TotalDays], [l].[Reason], [l].[Status], [l].[AppliedDate]
FROM [LeaveApplication] AS [l]
INNER JOIN [Employee] AS [e] ON [l].[EmployeeId] = [e].[EmployeeId]
INNER JOIN [LeaveType] AS [l0] ON [l].[LeaveTypeId] = [l0].[LeaveTypeId]
WHERE [e].[UserId] = @userId
[2026-08-04 12:14:03.360 +05:30  INF]  Executing OkObjectResult, writing value of type 'Crayon.Entity.Common.Result`1[[System.Collections.Generic.List`1[[Crayon.Entity.Dto.LeaveApplicationResponse, Crayon.Entity, Version=1.0.0.0, Culture=neutral, PublicKeyToken=null]], System.Private.CoreLib, Version=10.0.0.0, Culture=neutral, PublicKeyToken=7cec85d7bea7798e]]'.
[2026-08-04 12:14:03.360 +05:30  INF]  Executed action Crayon.api.Controllers.LeaveApplicationController.GetEmployeeLeaveApplications (Crayon.api) in 17.1033ms
[2026-08-04 12:14:03.361 +05:30  INF]  Executed endpoint 'Crayon.api.Controllers.LeaveApplicationController.GetEmployeeLeaveApplications (Crayon.api)'
[2026-08-04 12:14:03.361 +05:30  INF]  Request finished HTTP/1.1 GET http://localhost:5278/api/LeaveApplication/GetEmployeeLeaveApplications/1b3da5e5-61ce-4332-a65f-f0827450ac35 - 200 null application/json; charset=utf-8 19.6091ms
